Decade;Sport;Country;athlete_count
1900;Archery;UK;41
1900;Archery;USA;29
1900;Archery;France;15
1900;Athletics;USA;154
1900;Athletics;UK;129
1900;Athletics;Canada;33
1900;Athletics;Sweden;31
1900;Athletics;Hungary;24
1900;Athletics;Germany;22
1900;Athletics;Greece;21
1900;Athletics;France;20
1900;Athletics;Netherlands;19
1900;Athletics;Finland;15
1900;Athletics;Italy;12
1900;Athletics;Norway;11
1900;Athletics;Australia;10
1900;Athletics;South Africa;9
1900;Athletics;Denmark;8
1900;Athletics;Belgium;6
1900;Athletics;Czech Republic;3
1900;Athletics;Austria;2
1900;Athletics;Switzerland;1
1900;Athletics;Cuba;1
1900;Athletics;Russia;1
1900;Boxing;UK;32
1900;Boxing;USA;18
1900;Boxing;France;7
1900;Boxing;Denmark;2
1900;Boxing;Ireland;1
1900;Boxing;Australia;1
1900;Cycling;UK;36
1900;Cycling;France;24
1900;Cycling;USA;19
1900;Cycling;Germany;9
1900;Cycling;Belgium;6
1900;Cycling;Italy;5
1900;Cycling;Netherlands;5
1900;Cycling;Canada;5
1900;Cycling;South Africa;4
1900;Cycling;Sweden;2
1900;Cycling;Greece;1
1900;Diving;UK;16
1900;Diving;Sweden;10
1900;Diving;Germany;8
1900;Diving;USA;4
1900;Diving;Finland;2
1900;Diving;Australia;1
1900;Diving;Belgium;1
1900;Diving;Canada;1
1900;Diving;Italy;1
1900;Fencing;UK;24
1900;Fencing;France;22
1900;Fencing;Belgium;18
1900;Fencing;Netherlands;13
1900;Fencing;Italy;12
1900;Fencing;Germany;11
1900;Fencing;Hungary;8
1900;Fencing;Denmark;8
1900;Fencing;Czech Republic;7
1900;Fencing;Sweden;7
1900;Fencing;USA;7
1900;Fencing;Cuba;2
1900;Fencing;Norway;1
1900;Fencing;Canada;1
1900;Fencing;South Africa;1
1900;Fencing;Austria;1
1900;Figure Skating;UK;11
1900;Figure Skating;Sweden;4
1900;Figure Skating;Germany;3
1900;Figure Skating;Russia;1
1900;Figure Skating;Argentina;1
1900;Figure Skating;USA;1
1900;Football;USA;23
1900;Football;France;22
1900;Football;Sweden;14
1900;Football;Canada;13
1900;Football;Denmark;13
1900;Football;Netherlands;12
1900;Football;UK;11
1900;Football;Saint Vincent;1
1900;Golf;USA;72
1900;Golf;Canada;3
1900;Golf;UK;2
1900;Gymnastics;USA;108
1900;Gymnastics;UK;65
1900;Gymnastics;France;59
1900;Gymnastics;Sweden;38
1900;Gymnastics;Italy;32
1900;Gymnastics;Norway;31
1900;Gymnastics;Finland;31
1900;Gymnastics;Denmark;24
1900;Gymnastics;Netherlands;23
1900;Gymnastics;Germany;19
1900;Gymnastics;Hungary;6
1900;Gymnastics;Switzerland;2
1900;Gymnastics;Austria;2
1900;Gymnastics;Belgium;2
1900;Gymnastics;Canada;2
1900;Gymnastics;Czech Republic;2
1900;Hockey;UK;45
1900;Hockey;France;12
1900;Hockey;Germany;11
1900;Jeu De Paume;UK;9
1900;Jeu De Paume;USA;2
1900;Lacrosse;Canada;36
1900;Lacrosse;UK;12
1900;Lacrosse;USA;12
1900;Motorboating;UK;13
1900;Motorboating;France;1
1900;Polo;UK;12
1900;Racquets;UK;7
1900;Roque;USA;4
1900;Rowing;USA;35
1900;Rowing;UK;30
1900;Rowing;Canada;21
1900;Rowing;Hungary;11
1900;Rowing;Belgium;10
1900;Rowing;Norway;9
1900;Rowing;Netherlands;4
1900;Rowing;Germany;3
1900;Rowing;Italy;1
1900;Rugby;UK;15
1900;Rugby;Australia;14
1900;Rugby;USA;1
1900;Sailing;UK;41
1900;Sailing;Sweden;13
1900;Sailing;Norway;5
1900;Sailing;Belgium;3
1900;Sailing;France;3
1900;Shooting;UK;67
1900;Shooting;Canada;22
1900;Shooting;France;20
1900;Shooting;Sweden;19
1900;Shooting;USA;17
1900;Shooting;Netherlands;17
1900;Shooting;Norway;13
1900;Shooting;Denmark;10
1900;Shooting;Belgium;10
1900;Shooting;Finland;9
1900;Shooting;Greece;7
1900;Shooting;Hungary;2
1900;Shooting;Australia;1
1900;Shooting;China;1
1900;Shooting;Germany;1
1900;Swimming;USA;30
1900;Swimming;UK;29
1900;Swimming;Sweden;12
1900;Swimming;Hungary;11
1900;Swimming;Germany;9
1900;Swimming;Belgium;7
1900;Swimming;Netherlands;7
1900;Swimming;Australia;6
1900;Swimming;Denmark;5
1900;Swimming;Italy;4
1900;Swimming;France;4
1900;Swimming;Finland;3
1900;Swimming;Austria;2
1900;Swimming;Canada;1
1900;Tennis;USA;35
1900;Tennis;UK;22
1900;Tennis;Germany;6
1900;Tennis;Czech Republic;4
1900;Tennis;Sweden;4
1900;Tennis;Hungary;3
1900;Tennis;South Africa;3
1900;Tennis;Canada;3
1900;Tennis;Austria;3
1900;Tennis;Netherlands;2
1900;Tennis;France;1
1900;Tug-Of-War;USA;27
1900;Tug-Of-War;UK;24
1900;Tug-Of-War;Sweden;8
1900;Tug-Of-War;Greece;5
1900;Tug-Of-War;South Africa;5
1900;Tug-Of-War;Germany;1
1900;Water Polo;USA;21
1900;Water Polo;Belgium;7
1900;Water Polo;Netherlands;7
1900;Water Polo;Sweden;7
1900;Water Polo;UK;7
1900;Weightlifting;USA;3
1900;Weightlifting;Greece;1
1900;Weightlifting;Germany;1
1900;Wrestling;UK;54
1900;Wrestling;USA;40
1900;Wrestling;Denmark;10
1900;Wrestling;Sweden;9
1900;Wrestling;Netherlands;9
1900;Wrestling;Hungary;7
1900;Wrestling;Germany;4
1900;Wrestling;Finland;4
1900;Wrestling;Czech Republic;4
1900;Wrestling;Belgium;4
1900;Wrestling;Russia;4
1900;Wrestling;Norway;3
1900;Wrestling;Canada;2
1900;Wrestling;Switzerland;1
1900;Wrestling;Italy;1
1900;Wrestling;Iceland;1
1910;Art Competitions;France;10
1910;Art Competitions;Switzerland;6
1910;Art Competitions;Italy;4
1910;Art Competitions;UK;3
1910;Art Competitions;"";2
1910;Art Competitions;Germany;2
1910;Art Competitions;Czech Republic;1
1910;Art Competitions;Belgium;1
1910;Art Competitions;Canada;1
1910;Art Competitions;Poland;1
1910;Art Competitions;Russia;1
1910;Art Competitions;USA;1
1910;Athletics;USA;109
1910;Athletics;Sweden;106
1910;Athletics;UK;61
1910;Athletics;Russia;32
1910;Athletics;Hungary;27
1910;Athletics;France;25
1910;Athletics;Germany;24
1910;Athletics;Finland;23
1910;Athletics;Norway;21
1910;Athletics;Canada;18
1910;Athletics;Denmark;14
1910;Athletics;Italy;12
1910;Athletics;Austria;12
1910;Athletics;Czech Republic;11
1910;Athletics;South Africa;7
1910;Athletics;Chile;6
1910;Athletics;Greece;5
1910;Athletics;Australia;5
1910;Athletics;Portugal;3
1910;Athletics;Belgium;2
1910;Athletics;Japan;2
1910;Athletics;Luxembourg;2
1910;Athletics;Serbia;2
1910;Athletics;Turkey;2
1910;Athletics;Netherlands;1
1910;Athletics;Iceland;1
1910;Athletics;Switzerland;1
1910;Cycling;UK;26
1910;Cycling;Sweden;12
1910;Cycling;France;12
1910;Cycling;Germany;11
1910;Cycling;Russia;10
1910;Cycling;USA;9
1910;Cycling;Denmark;8
1910;Cycling;Austria;6
1910;Cycling;Norway;6
1910;Cycling;Hungary;5
1910;Cycling;Czech Republic;5
1910;Cycling;Finland;5
1910;Cycling;Chile;4
1910;Cycling;Canada;3
1910;Cycling;South Africa;1
1910;Cycling;Belgium;1
1910;Diving;Sweden;34
1910;Diving;Finland;6
1910;Diving;Germany;4
1910;Diving;UK;3
1910;Diving;Norway;3
1910;Diving;Canada;2
1910;Diving;USA;2
1910;Diving;Italy;1
1910;Diving;Russia;1
1910;Diving;Austria;1
1910;Equestrianism;Sweden;17
1910;Equestrianism;Germany;13
1910;Equestrianism;Russia;7
1910;Equestrianism;USA;4
1910;Equestrianism;Belgium;4
1910;Equestrianism;Denmark;4
1910;Equestrianism;France;4
1910;Equestrianism;UK;4
1910;Equestrianism;Norway;3
1910;Equestrianism;Chile;2
1910;Fencing;Russia;24
1910;Fencing;UK;22
1910;Fencing;Sweden;18
1910;Fencing;Germany;16
1910;Fencing;Hungary;14
1910;Fencing;Czech Republic;13
1910;Fencing;USA;13
1910;Fencing;Netherlands;12
1910;Fencing;Belgium;11
1910;Fencing;Austria;11
1910;Fencing;Italy;10
1910;Fencing;Greece;8
1910;Fencing;Norway;7
1910;Fencing;Denmark;6
1910;Fencing;Portugal;1
1910;Fencing;South Africa;1
1910;Football;Germany;22
1910;Football;Austria;15
1910;Football;Denmark;15
1910;Football;Russia;15
1910;Football;Netherlands;15
1910;Football;Hungary;14
1910;Football;Italy;14
1910;Football;Sweden;14
1910;Football;UK;14
1910;Football;Finland;13
1910;Football;Norway;12
1910;Gymnastics;Denmark;49
1910;Gymnastics;Norway;46
1910;Gymnastics;Sweden;24
1910;Gymnastics;Finland;24
1910;Gymnastics;UK;23
1910;Gymnastics;Luxembourg;19
1910;Gymnastics;Hungary;18
1910;Gymnastics;Germany;18
1910;Gymnastics;Italy;18
1910;Gymnastics;France;6
1910;Gymnastics;Russia;4
1910;Gymnastics;Switzerland;1
1910;Gymnastics;Czech Republic;1
1910;Modern Pentathlon;Sweden;12
1910;Modern Pentathlon;Russia;5
1910;Modern Pentathlon;Denmark;4
1910;Modern Pentathlon;UK;3
1910;Modern Pentathlon;France;2
1910;Modern Pentathlon;Norway;2
1910;Modern Pentathlon;USA;1
1910;Modern Pentathlon;Germany;1
1910;Modern Pentathlon;Netherlands;1
1910;Modern Pentathlon;Austria;1
1910;Rowing;Sweden;28
1910;Rowing;Germany;25
1910;Rowing;UK;24
1910;Rowing;Norway;24
1910;Rowing;France;17
1910;Rowing;Denmark;15
1910;Rowing;Hungary;11
1910;Rowing;Canada;10
1910;Rowing;Australia;10
1910;Rowing;Belgium;6
1910;Rowing;Finland;6
1910;Rowing;Austria;6
1910;Rowing;Czech Republic;1
1910;Rowing;Russia;1
1910;Sailing;Sweden;41
1910;Sailing;Finland;27
1910;Sailing;Norway;18
1910;Sailing;Russia;17
1910;Sailing;Denmark;3
1910;Sailing;France;3
1910;Shooting;Sweden;63
1910;Shooting;UK;38
1910;Shooting;Norway;28
1910;Shooting;USA;26
1910;Shooting;Russia;26
1910;Shooting;France;20
1910;Shooting;Finland;19
1910;Shooting;Denmark;14
1910;Shooting;Germany;11
1910;Shooting;Hungary;10
1910;Shooting;Greece;9
1910;Shooting;South Africa;9
1910;Shooting;Austria;7
1910;Shooting;Canada;4
1910;Shooting;Chile;2
1910;Shooting;Netherlands;1
1910;Swimming;Sweden;24
1910;Swimming;UK;18
1910;Swimming;Germany;17
1910;Swimming;Australia;9
1910;Swimming;Austria;8
1910;Swimming;Hungary;8
1910;Swimming;USA;7
1910;Swimming;Finland;6
1910;Swimming;Belgium;5
1910;Swimming;Norway;5
1910;Swimming;Russia;4
1910;Swimming;France;3
1910;Swimming;Italy;2
1910;Swimming;South Africa;1
1910;Swimming;Greece;1
1910;Swimming;Denmark;1
1910;Swimming;Canada;1
1910;Tennis;Sweden;16
1910;Tennis;UK;11
1910;Tennis;Denmark;10
1910;Tennis;Czech Republic;8
1910;Tennis;Norway;7
1910;Tennis;Germany;7
1910;Tennis;France;6
1910;Tennis;Hungary;4
1910;Tennis;Austria;3
1910;Tennis;South Africa;3
1910;Tennis;Russia;2
1910;Tennis;Netherlands;1
1910;Tennis;Australia;1
1910;Tennis;USA;1
1910;Tug-Of-War;Sweden;8
1910;Tug-Of-War;UK;8
1910;Water Polo;Belgium;9
1910;Water Polo;France;8
1910;Water Polo;Austria;7
1910;Water Polo;Hungary;7
1910;Water Polo;Sweden;7
1910;Water Polo;UK;7
1910;Wrestling;Finland;37
1910;Wrestling;Sweden;34
1910;Wrestling;Germany;14
1910;Wrestling;UK;12
1910;Wrestling;Russia;11
1910;Wrestling;Hungary;10
1910;Wrestling;Denmark;9
1910;Wrestling;Norway;9
1910;Wrestling;Austria;8
1910;Wrestling;Italy;6
1910;Wrestling;France;6
1910;Wrestling;Czech Republic;4
1910;Wrestling;Netherlands;3
1910;Wrestling;Portugal;2
1910;Wrestling;USA;2
1910;Wrestling;Greece;1
1910;Wrestling;Belgium;1
1910;Wrestling;Iceland;1
1920;Archery;Belgium;14
1920;Archery;France;8
1920;Archery;Netherlands;8
1920;Art Competitions;France;102
1920;Art Competitions;Germany;83
1920;Art Competitions;Netherlands;70
1920;Art Competitions;USA;48
1920;Art Competitions;UK;47
1920;Art Competitions;Switzerland;33
1920;Art Competitions;Denmark;28
1920;Art Competitions;Poland;27
1920;Art Competitions;Belgium;25
1920;Art Competitions;Austria;22
1920;Art Competitions;Italy;17
1920;Art Competitions;Ireland;14
1920;Art Competitions;Hungary;6
1920;Art Competitions;Norway;5
1920;Art Competitions;Serbia;4
1920;Art Competitions;Luxembourg;4
1920;Art Competitions;Monaco;4
1920;Art Competitions;Russia;3
1920;Art Competitions;Latvia;2
1920;Art Competitions;Czech Republic;2
1920;Art Competitions;Australia;1
1920;Art Competitions;Greece;1
1920;Art Competitions;Mexico;1
1920;Art Competitions;Egypt;1
1920;Art Competitions;South Africa;1
1920;Art Competitions;Spain;1
1920;Art Competitions;Canada;1
1920;Art Competitions;Brazil;1
1920;Art Competitions;Uruguay;1
1920;Art Competitions;Finland;1
1920;Athletics;USA;255
1920;Athletics;France;150
1920;Athletics;UK;139
1920;Athletics;Sweden;105
1920;Athletics;Finland;90
1920;Athletics;Belgium;79
1920;Athletics;Italy;68
1920;Athletics;Netherlands;68
1920;Athletics;Canada;67
1920;Athletics;Germany;63
1920;Athletics;Czech Republic;40
1920;Athletics;Hungary;40
1920;Athletics;Norway;36
1920;Athletics;Spain;33
1920;Athletics;Japan;32
1920;Athletics;Denmark;32
1920;Athletics;Switzerland;31
1920;Athletics;South Africa;29
1920;Athletics;Greece;27
1920;Athletics;Poland;25
1920;Athletics;Mexico;21
1920;Athletics;Australia;19
1920;Athletics;Ireland;18
1920;Athletics;Argentina;17
1920;Athletics;India;15
1920;Athletics;Estonia;14
1920;Athletics;Latvia;13
1920;Athletics;Romania;13
1920;Athletics;Luxembourg;12
1920;Athletics;Chile;11
1920;Athletics;Austria;11
1920;Athletics;Serbia;9
1920;Athletics;Turkey;8
1920;Athletics;Brazil;8
1920;Athletics;Egypt;6
1920;Athletics;New Zealand;6
1920;Athletics;Portugal;6
1920;Athletics;Lithuania;5
1920;Athletics;Russia;4
1920;Athletics;Bulgaria;4
1920;Athletics;Philippines;3
1920;Athletics;Monaco;3
1920;Athletics;Ecuador;3
1920;Athletics;Haiti;3
1920;Athletics;Cuba;1
1920;Boxing;UK;40
1920;Boxing;USA;39
1920;Boxing;France;38
1920;Boxing;Belgium;29
1920;Boxing;Italy;28
1920;Boxing;Norway;25
1920;Boxing;Denmark;23
1920;Boxing;Canada;23
1920;Boxing;Netherlands;22
1920;Boxing;Argentina;18
1920;Boxing;South Africa;15
1920;Boxing;Sweden;13
1920;Boxing;Ireland;13
1920;Boxing;Spain;13
1920;Boxing;Poland;10
1920;Boxing;Luxembourg;10
1920;Boxing;Germany;9
1920;Boxing;Switzerland;8
1920;Boxing;Chile;8
1920;Boxing;Hungary;5
1920;Boxing;Uruguay;5
1920;Boxing;Mexico;4
1920;Boxing;Austria;4
1920;Boxing;New Zealand;3
1920;Boxing;Czech Republic;3
1920;Boxing;Australia;3
1920;Boxing;Finland;3
1920;Boxing;Greece;3
1920;Boxing;Zimbabwe;2
1920;Boxing;Japan;2
1920;Boxing;Lithuania;2
1920;Boxing;Latvia;1
1920;Boxing;Estonia;1
1920;Boxing;Egypt;1
1920;Cycling;Italy;34
1920;Cycling;France;33
1920;Cycling;UK;31
1920;Cycling;Belgium;30
1920;Cycling;Netherlands;28
1920;Cycling;Switzerland;18
1920;Cycling;Poland;18
1920;Cycling;USA;18
1920;Cycling;Czech Republic;15
1920;Cycling;Denmark;15
1920;Cycling;Sweden;11
1920;Cycling;Canada;11
1920;Cycling;Germany;10
1920;Cycling;Luxembourg;10
1920;Cycling;Argentina;9
1920;Cycling;Australia;8
1920;Cycling;Norway;8
1920;Cycling;Serbia;8
1920;Cycling;Bulgaria;7
1920;Cycling;Chile;6
1920;Cycling;Latvia;6
1920;Cycling;South Africa;6
1920;Cycling;Finland;5
1920;Cycling;Lithuania;5
1920;Cycling;Turkey;4
1920;Cycling;Hungary;4
1920;Cycling;Egypt;3
1920;Cycling;Ireland;2
1920;Cycling;Austria;2
1920;Cycling;Russia;1
1920;Cycling;Puerto Rico;1
1920;Cycling;Spain;1
1920;Diving;USA;27
1920;Diving;Sweden;23
1920;Diving;UK;17
1920;Diving;France;15
1920;Diving;Germany;9
1920;Diving;Finland;9
1920;Diving;Netherlands;9
1920;Diving;Denmark;7
1920;Diving;Belgium;5
1920;Diving;Austria;4
1920;Diving;Italy;4
1920;Diving;Norway;4
1920;Diving;Czech Republic;3
1920;Diving;Spain;3
1920;Diving;Australia;3
1920;Diving;Canada;2
1920;Diving;Japan;2
1920;Diving;Switzerland;2
1920;Diving;Egypt;2
1920;Diving;Brazil;1
1920;Diving;Mexico;1
1920;Equestrianism;France;40
1920;Equestrianism;Sweden;35
1920;Equestrianism;Belgium;30
1920;Equestrianism;Italy;17
1920;Equestrianism;Switzerland;14
1920;Equestrianism;Czech Republic;13
1920;Equestrianism;USA;13
1920;Equestrianism;Netherlands;9
1920;Equestrianism;Germany;9
1920;Equestrianism;Spain;8
1920;Equestrianism;Norway;8
1920;Equestrianism;Poland;8
1920;Equestrianism;UK;6
1920;Equestrianism;Portugal;5
1920;Equestrianism;Hungary;5
1920;Equestrianism;Denmark;4
1920;Equestrianism;Austria;4
1920;Equestrianism;Japan;4
1920;Equestrianism;Argentina;3
1920;Equestrianism;Bulgaria;3
1920;Equestrianism;Russia;2
1920;Equestrianism;Finland;2
1920;Equestrianism;Serbia;1
1920;Fencing;France;45
1920;Fencing;Italy;45
1920;Fencing;Belgium;44
1920;Fencing;USA;42
1920;Fencing;UK;37
1920;Fencing;Netherlands;30
1920;Fencing;Denmark;22
1920;Fencing;Hungary;22
1920;Fencing;Argentina;21
1920;Fencing;Spain;18
1920;Fencing;Sweden;17
1920;Fencing;Switzerland;17
1920;Fencing;Czech Republic;16
1920;Fencing;Germany;13
1920;Fencing;Portugal;13
1920;Fencing;Greece;11
1920;Fencing;Egypt;10
1920;Fencing;Austria;10
1920;Fencing;Poland;9
1920;Fencing;Romania;8
1920;Fencing;Chile;7
1920;Fencing;Uruguay;6
1920;Fencing;Cuba;6
1920;Fencing;Norway;5
1920;Fencing;Turkey;4
1920;Fencing;Mexico;3
1920;Fencing;Bulgaria;2
1920;Fencing;Serbia;2
1920;Fencing;Finland;2
1920;Figure Skating;UK;6
1920;Figure Skating;Norway;6
1920;Figure Skating;Sweden;4
1920;Figure Skating;Finland;3
1920;Figure Skating;USA;2
1920;Figure Skating;France;2
1920;Figure Skating;Belgium;2
1920;Figure Skating;Switzerland;1
1920;Football;Italy;41
1920;Football;Spain;41
1920;Football;Netherlands;38
1920;Football;Serbia;33
1920;Football;Egypt;31
1920;Football;Belgium;30
1920;Football;Czech Republic;29
1920;Football;Sweden;28
1920;Football;Luxembourg;27
1920;Football;France;25
1920;Football;Uruguay;23
1920;Football;USA;23
1920;Football;Switzerland;22
1920;Football;Norway;17
1920;Football;Argentina;16
1920;Football;Turkey;15
1920;Football;Bulgaria;12
1920;Football;Ireland;12
1920;Football;Portugal;12
1920;Football;Greece;12
1920;Football;Poland;11
1920;Football;Chile;11
1920;Football;Romania;11
1920;Football;Lithuania;11
1920;Football;Germany;11
1920;Football;Estonia;11
1920;Football;Denmark;11
1920;Football;Latvia;11
1920;Football;Mexico;11
1920;Football;UK;11
1920;Football;Hungary;11
1920;Gymnastics;UK;51
1920;Gymnastics;France;51
1920;Gymnastics;Belgium;48
1920;Gymnastics;Denmark;45
1920;Gymnastics;Italy;45
1920;Gymnastics;Norway;25
1920;Gymnastics;Czech Republic;25
1920;Gymnastics;Sweden;24
1920;Gymnastics;Hungary;21
1920;Gymnastics;Netherlands;18
1920;Gymnastics;Finland;15
1920;Gymnastics;USA;14
1920;Gymnastics;Luxembourg;14
1920;Gymnastics;Switzerland;13
1920;Gymnastics;Serbia;12
1920;Gymnastics;Monaco;2
1920;Gymnastics;Egypt;2
1920;Hockey;Belgium;30
1920;Hockey;France;26
1920;Hockey;Denmark;23
1920;Hockey;Germany;19
1920;Hockey;Switzerland;17
1920;Hockey;Austria;16
1920;Hockey;Spain;15
1920;Hockey;UK;14
1920;Hockey;India;14
1920;Hockey;Netherlands;11
1920;Ice Hockey;USA;11
1920;Ice Hockey;Sweden;11
1920;Ice Hockey;Czech Republic;8
1920;Ice Hockey;Switzerland;8
1920;Ice Hockey;Canada;8
1920;Ice Hockey;Belgium;7
1920;Ice Hockey;France;7
1920;Modern Pentathlon;France;10
1920;Modern Pentathlon;UK;10
1920;Modern Pentathlon;USA;9
1920;Modern Pentathlon;Sweden;9
1920;Modern Pentathlon;Italy;8
1920;Modern Pentathlon;Belgium;7
1920;Modern Pentathlon;Denmark;6
1920;Modern Pentathlon;Netherlands;6
1920;Modern Pentathlon;Czech Republic;6
1920;Modern Pentathlon;Finland;6
1920;Modern Pentathlon;Poland;3
1920;Modern Pentathlon;Germany;3
1920;Modern Pentathlon;Norway;3
1920;Modern Pentathlon;Portugal;1
1920;Modern Pentathlon;Hungary;1
1920;Polo;USA;8
1920;Polo;Spain;8
1920;Polo;UK;7
1920;Polo;France;5
1920;Polo;Argentina;5
1920;Polo;Belgium;4
1920;Polo;Mexico;1
1920;Rowing;France;57
1920;Rowing;USA;57
1920;Rowing;Belgium;52
1920;Rowing;UK;49
1920;Rowing;Italy;47
1920;Rowing;Netherlands;45
1920;Rowing;Switzerland;31
1920;Rowing;Canada;30
1920;Rowing;Germany;25
1920;Rowing;Poland;20
1920;Rowing;Argentina;18
1920;Rowing;Czech Republic;16
1920;Rowing;Norway;13
1920;Rowing;Australia;11
1920;Rowing;Denmark;11
1920;Rowing;Hungary;10
1920;Rowing;Spain;10
1920;Rowing;Brazil;7
1920;Rowing;Sweden;6
1920;Rowing;Japan;6
1920;Rowing;Monaco;5
1920;Rowing;Austria;2
1920;Rowing;South Africa;1
1920;Rowing;New Zealand;1
1920;Rugby;France;33
1920;Rugby;USA;30
1920;Rugby;Romania;16
1920;Sailing;Norway;72
1920;Sailing;France;25
1920;Sailing;Belgium;24
1920;Sailing;Sweden;24
1920;Sailing;Netherlands;22
1920;Sailing;UK;16
1920;Sailing;Italy;15
1920;Sailing;Argentina;10
1920;Sailing;USA;10
1920;Sailing;Spain;8
1920;Sailing;Denmark;7
1920;Sailing;Germany;6
1920;Sailing;Hungary;6
1920;Sailing;Estonia;5
1920;Sailing;Portugal;4
1920;Sailing;Cuba;3
1920;Sailing;Poland;3
1920;Sailing;Czech Republic;2
1920;Sailing;Finland;2
1920;Sailing;Switzerland;2
1920;Sailing;Monaco;1
1920;Sailing;Latvia;1
1920;Sailing;Canada;1
1920;Sailing;Austria;1
1920;Sailing;South Africa;1
1920;Shooting;USA;47
1920;Shooting;Sweden;39
1920;Shooting;France;35
1920;Shooting;Belgium;30
1920;Shooting;UK;27
1920;Shooting;Netherlands;26
1920;Shooting;Czech Republic;24
1920;Shooting;Norway;23
1920;Shooting;Italy;21
1920;Shooting;Finland;20
1920;Shooting;Switzerland;19
1920;Shooting;Denmark;17
1920;Shooting;South Africa;13
1920;Shooting;Greece;12
1920;Shooting;Portugal;10
1920;Shooting;Canada;9
1920;Shooting;Argentina;8
1920;Shooting;Brazil;8
1920;Shooting;Spain;8
1920;Shooting;Hungary;7
1920;Shooting;Poland;7
1920;Shooting;Austria;6
1920;Shooting;Romania;5
1920;Shooting;Haiti;5
1920;Shooting;Monaco;4
1920;Shooting;Mexico;2
1920;Shooting;Egypt;1
1920;Swimming;USA;65
1920;Swimming;UK;51
1920;Swimming;France;40
1920;Swimming;Sweden;30
1920;Swimming;Netherlands;28
1920;Swimming;Germany;20
1920;Swimming;Belgium;18
1920;Swimming;Japan;16
1920;Swimming;Italy;13
1920;Swimming;Australia;13
1920;Swimming;Czech Republic;13
1920;Swimming;Hungary;13
1920;Swimming;Spain;11
1920;Swimming;Canada;9
1920;Swimming;Denmark;8
1920;Swimming;Luxembourg;8
1920;Swimming;Argentina;7
1920;Swimming;New Zealand;7
1920;Swimming;Serbia;6
1920;Swimming;South Africa;6
1920;Swimming;Switzerland;6
1920;Swimming;Chile;4
1920;Swimming;Norway;4
1920;Swimming;Austria;3
1920;Swimming;Finland;3
1920;Swimming;Ireland;2
1920;Swimming;Philippines;2
1920;Swimming;Poland;2
1920;Swimming;Brazil;2
1920;Swimming;Portugal;1
1920;Swimming;Panama;1
1920;Swimming;Greece;1
1920;Tennis;France;18
1920;Tennis;Belgium;17
1920;Tennis;UK;16
1920;Tennis;Czech Republic;11
1920;Tennis;Spain;10
1920;Tennis;Sweden;9
1920;Tennis;USA;9
1920;Tennis;Italy;8
1920;Tennis;South Africa;8
1920;Tennis;Switzerland;6
1920;Tennis;Denmark;6
1920;Tennis;Japan;6
1920;Tennis;India;6
1920;Tennis;Argentina;5
1920;Tennis;Hungary;5
1920;Tennis;Netherlands;5
1920;Tennis;Ireland;4
1920;Tennis;Norway;4
1920;Tennis;Finland;4
1920;Tennis;Australia;3
1920;Tennis;Romania;3
1920;Tennis;Greece;3
1920;Tennis;Mexico;2
1920;Tennis;Chile;2
1920;Tennis;Serbia;1
1920;Tennis;Portugal;1
1920;Tennis;Luxembourg;1
1920;Tug-Of-War;Belgium;8
1920;Tug-Of-War;Italy;8
1920;Tug-Of-War;Netherlands;8
1920;Tug-Of-War;USA;8
1920;Tug-Of-War;UK;8
1920;Water Polo;USA;25
1920;Water Polo;Czech Republic;22
1920;Water Polo;Belgium;21
1920;Water Polo;Netherlands;20
1920;Water Polo;France;19
1920;Water Polo;UK;17
1920;Water Polo;Switzerland;16
1920;Water Polo;Spain;16
1920;Water Polo;Italy;15
1920;Water Polo;Sweden;14
1920;Water Polo;Greece;13
1920;Water Polo;Ireland;11
1920;Water Polo;Hungary;11
1920;Water Polo;Malta;9
1920;Water Polo;Brazil;8
1920;Water Polo;Germany;8
1920;Water Polo;Argentina;7
1920;Water Polo;Luxembourg;7
1920;Weightlifting;France;29
1920;Weightlifting;Austria;21
1920;Weightlifting;Belgium;20
1920;Weightlifting;Italy;20
1920;Weightlifting;Switzerland;17
1920;Weightlifting;Netherlands;16
1920;Weightlifting;Czech Republic;14
1920;Weightlifting;Estonia;14
1920;Weightlifting;UK;13
1920;Weightlifting;Sweden;11
1920;Weightlifting;Germany;10
1920;Weightlifting;Luxembourg;7
1920;Weightlifting;Denmark;6
1920;Weightlifting;Argentina;5
1920;Weightlifting;Latvia;4
1920;Weightlifting;Egypt;3
1920;Weightlifting;Portugal;1
1920;Weightlifting;Greece;1
1920;Weightlifting;Finland;1
1920;Weightlifting;Turkey;1
1920;Weightlifting;Lithuania;1
1920;Wrestling;France;47
1920;Wrestling;USA;39
1920;Wrestling;Finland;37
1920;Wrestling;Belgium;34
1920;Wrestling;Sweden;26
1920;Wrestling;Switzerland;25
1920;Wrestling;Italy;23
1920;Wrestling;UK;22
1920;Wrestling;Czech Republic;22
1920;Wrestling;Denmark;20
1920;Wrestling;Norway;18
1920;Wrestling;Netherlands;18
1920;Wrestling;Hungary;17
1920;Wrestling;Estonia;12
1920;Wrestling;Austria;10
1920;Wrestling;Turkey;10
1920;Wrestling;Canada;9
1920;Wrestling;Greece;8
1920;Wrestling;Serbia;8
1920;Wrestling;Latvia;7
1920;Wrestling;Germany;7
1920;Wrestling;Poland;6
1920;Wrestling;Luxembourg;6
1920;Wrestling;Argentina;5
1920;Wrestling;Egypt;5
1920;Wrestling;Australia;4
1920;Wrestling;Spain;4
1920;Wrestling;India;2
1920;Wrestling;South Africa;2
1920;Wrestling;Japan;2
1920;Wrestling;Portugal;1
1920;Wrestling;Russia;1
1930;Aeronautics;Switzerland;1
1930;Alpinism;Germany;2
1930;Alpinism;Switzerland;2
1930;Art Competitions;USA;231
1930;Art Competitions;Germany;140
1930;Art Competitions;Japan;93
1930;Art Competitions;Italy;70
1930;Art Competitions;Austria;68
1930;Art Competitions;Belgium;59
1930;Art Competitions;Poland;55
1930;Art Competitions;Netherlands;52
1930;Art Competitions;Czech Republic;43
1930;Art Competitions;Sweden;43
1930;Art Competitions;France;38
1930;Art Competitions;UK;36
1930;Art Competitions;Denmark;23
1930;Art Competitions;Hungary;18
1930;Art Competitions;Switzerland;17
1930;Art Competitions;Ireland;8
1930;Art Competitions;Latvia;7
1930;Art Competitions;Luxembourg;7
1930;Art Competitions;South Africa;7
1930;Art Competitions;Bulgaria;4
1930;Art Competitions;Canada;3
1930;Art Competitions;Serbia;3
1930;Art Competitions;Cuba;3
1930;Art Competitions;Australia;3
1930;Art Competitions;Mexico;2
1930;Art Competitions;Monaco;2
1930;Art Competitions;Greece;2
1930;Art Competitions;Norway;2
1930;Art Competitions;Peru;2
1930;Art Competitions;Romania;2
1930;Art Competitions;Venezuela;1
1930;Art Competitions;Haiti;1
1930;Art Competitions;Finland;1
1930;Art Competitions;El Salvador;1
1930;Art Competitions;Colombia;1
1930;Art Competitions;Spain;1
1930;Art Competitions;Boliva;1
1930;Art Competitions;Turkey;1
1930;Art Competitions;Uruguay;1
1930;Art Competitions;Argentina;1
1930;Art Competitions;Guatemala;1
1930;Athletics;USA;143
1930;Athletics;Germany;94
1930;Athletics;Japan;76
1930;Athletics;UK;68
1930;Athletics;Canada;54
1930;Athletics;Finland;50
1930;Athletics;France;49
1930;Athletics;Italy;49
1930;Athletics;Sweden;43
1930;Athletics;Czech Republic;33
1930;Athletics;Hungary;32
1930;Athletics;Austria;29
1930;Athletics;Mexico;27
1930;Athletics;Brazil;26
1930;Athletics;Netherlands;24
1930;Athletics;China;22
1930;Athletics;Poland;22
1930;Athletics;Switzerland;21
1930;Athletics;Serbia;21
1930;Athletics;Greece;19
1930;Athletics;South Africa;18
1930;Athletics;Argentina;17
1930;Athletics;Belgium;13
1930;Athletics;Norway;13
1930;Athletics;Denmark;11
1930;Athletics;Chile;10
1930;Athletics;Australia;9
1930;Athletics;Peru;9
1930;Athletics;India;8
1930;Athletics;Estonia;8
1930;Athletics;New Zealand;8
1930;Athletics;Latvia;7
1930;Athletics;Philippines;6
1930;Athletics;Colombia;6
1930;Athletics;Luxembourg;6
1930;Athletics;Romania;5
1930;Athletics;Ireland;4
1930;Athletics;Iceland;4
1930;Athletics;Egypt;4
1930;Athletics;Portugal;3
1930;Athletics;Afghanistan;2
1930;Athletics;Bulgaria;2
1930;Athletics;Haiti;2
1930;Athletics;Malta;2
1930;Athletics;Liechtenstein;2
1930;Basketball;USA;14
1930;Basketball;Mexico;13
1930;Basketball;Italy;13
1930;Basketball;China;13
1930;Basketball;Czech Republic;13
1930;Basketball;France;11
1930;Basketball;Poland;10
1930;Basketball;Germany;10
1930;Basketball;Uruguay;9
1930;Basketball;Peru;9
1930;Basketball;Philippines;9
1930;Basketball;Canada;9
1930;Basketball;Japan;8
1930;Basketball;Belgium;8
1930;Basketball;Estonia;8
1930;Basketball;Brazil;8
1930;Basketball;Switzerland;8
1930;Basketball;Turkey;8
1930;Basketball;Egypt;7
1930;Basketball;Chile;7
1930;Basketball;Latvia;7
1930;Basketball;Puerto Rico;1
1930;Boxing;Italy;16
1930;Boxing;Argentina;16
1930;Boxing;USA;16
1930;Boxing;Germany;16
1930;Boxing;Canada;11
1930;Boxing;UK;11
1930;Boxing;South Africa;11
1930;Boxing;Mexico;10
1930;Boxing;Denmark;10
1930;Boxing;France;10
1930;Boxing;Japan;10
1930;Boxing;Belgium;8
1930;Boxing;Switzerland;8
1930;Boxing;Philippines;8
1930;Boxing;Netherlands;8
1930;Boxing;Hungary;8
1930;Boxing;Czech Republic;8
1930;Boxing;Finland;7
1930;Boxing;Uruguay;7
1930;Boxing;Sweden;7
1930;Boxing;Poland;7
1930;Boxing;New Zealand;6
1930;Boxing;Norway;6
1930;Boxing;Austria;6
1930;Boxing;Luxembourg;5
1930;Boxing;Romania;4
1930;Boxing;Egypt;4
1930;Boxing;Ireland;4
1930;Boxing;Chile;4
1930;Boxing;Australia;3
1930;Boxing;Estonia;2
1930;Boxing;China;2
1930;Boxing;Greece;1
1930;Canoeing;Germany;14
1930;Canoeing;Czech Republic;13
1930;Canoeing;Switzerland;10
1930;Canoeing;USA;10
1930;Canoeing;Belgium;9
1930;Canoeing;Austria;9
1930;Canoeing;Netherlands;9
1930;Canoeing;Sweden;9
1930;Canoeing;Canada;8
1930;Canoeing;Hungary;5
1930;Canoeing;Denmark;4
1930;Canoeing;Serbia;4
1930;Canoeing;Finland;3
1930;Canoeing;Luxembourg;3
1930;Canoeing;UK;3
1930;Canoeing;France;3
1930;Canoeing;Poland;2
1930;Canoeing;Norway;1
1930;Canoeing;Italy;1
1930;Cycling;Italy;21
1930;Cycling;USA;17
1930;Cycling;Denmark;16
1930;Cycling;Germany;16
1930;Cycling;France;15
1930;Cycling;UK;15
1930;Cycling;Canada;13
1930;Cycling;Netherlands;12
1930;Cycling;Switzerland;11
1930;Cycling;Bulgaria;11
1930;Cycling;Hungary;10
1930;Cycling;Austria;10
1930;Cycling;Belgium;8
1930;Cycling;Sweden;8
1930;Cycling;Serbia;4
1930;Cycling;Chile;4
1930;Cycling;Czech Republic;4
1930;Cycling;Latvia;4
1930;Cycling;Luxembourg;4
1930;Cycling;Peru;4
1930;Cycling;Poland;4
1930;Cycling;Turkey;4
1930;Cycling;Brazil;3
1930;Cycling;Australia;3
1930;Cycling;Mexico;3
1930;Cycling;Norway;2
1930;Cycling;South Africa;2
1930;Cycling;Finland;2
1930;Cycling;New Zealand;2
1930;Cycling;Liechtenstein;1
1930;Cycling;China;1
1930;Diving;USA;15
1930;Diving;Germany;11
1930;Diving;Japan;10
1930;Diving;Canada;6
1930;Diving;UK;6
1930;Diving;Mexico;5
1930;Diving;Austria;5
1930;Diving;Egypt;4
1930;Diving;Italy;3
1930;Diving;Czech Republic;3
1930;Diving;Denmark;3
1930;Diving;France;3
1930;Diving;Norway;3
1930;Diving;Sweden;3
1930;Diving;Switzerland;3
1930;Diving;Hungary;2
1930;Diving;Peru;1
1930;Diving;Serbia;1
1930;Diving;Australia;1
1930;Diving;Netherlands;1
1930;Diving;Finland;1
1930;Equestrianism;Sweden;14
1930;Equestrianism;USA;12
1930;Equestrianism;France;11
1930;Equestrianism;Netherlands;11
1930;Equestrianism;Germany;9
1930;Equestrianism;Hungary;9
1930;Equestrianism;Czech Republic;9
1930;Equestrianism;Austria;8
1930;Equestrianism;Japan;8
1930;Equestrianism;Mexico;6
1930;Equestrianism;Poland;6
1930;Equestrianism;Italy;6
1930;Equestrianism;Switzerland;6
1930;Equestrianism;UK;6
1930;Equestrianism;Norway;6
1930;Equestrianism;Romania;5
1930;Equestrianism;Turkey;4
1930;Equestrianism;Denmark;4
1930;Equestrianism;Portugal;3
1930;Equestrianism;Belgium;3
1930;Equestrianism;Bulgaria;3
1930;Equestrianism;Finland;1
1930;Fencing;USA;32
1930;Fencing;Hungary;26
1930;Fencing;Belgium;25
1930;Fencing;Italy;25
1930;Fencing;France;22
1930;Fencing;UK;19
1930;Fencing;Switzerland;18
1930;Fencing;Germany;16
1930;Fencing;Austria;15
1930;Fencing;Sweden;15
1930;Fencing;Denmark;14
1930;Fencing;Czech Republic;13
1930;Fencing;Poland;13
1930;Fencing;Netherlands;13
1930;Fencing;Serbia;12
1930;Fencing;Canada;12
1930;Fencing;Argentina;11
1930;Fencing;Mexico;11
1930;Fencing;Greece;8
1930;Fencing;Turkey;7
1930;Fencing;Romania;7
1930;Fencing;Chile;7
1930;Fencing;Egypt;6
1930;Fencing;Brazil;6
1930;Fencing;Norway;5
1930;Fencing;Uruguay;5
1930;Fencing;Portugal;5
1930;Fencing;Bulgaria;1
1930;Fencing;Costa Rica;1
1930;Football;Poland;17
1930;Football;Germany;16
1930;Football;UK;15
1930;Football;Norway;14
1930;Football;Italy;14
1930;Football;Austria;13
1930;Football;Peru;12
1930;Football;Sweden;12
1930;Football;Japan;12
1930;Football;USA;11
1930;Football;China;11
1930;Football;Egypt;11
1930;Football;Finland;11
1930;Football;Hungary;11
1930;Football;Luxembourg;11
1930;Football;Turkey;11
1930;Football;North Korea;1
1930;Gymnastics;USA;32
1930;Gymnastics;Italy;19
1930;Gymnastics;Hungary;17
1930;Gymnastics;Czech Republic;16
1930;Gymnastics;Serbia;16
1930;Gymnastics;Germany;16
1930;Gymnastics;Japan;12
1930;Gymnastics;Austria;9
1930;Gymnastics;Luxembourg;8
1930;Gymnastics;France;8
1930;Gymnastics;Switzerland;8
1930;Gymnastics;UK;8
1930;Gymnastics;Poland;8
1930;Gymnastics;Romania;8
1930;Gymnastics;Finland;8
1930;Gymnastics;Bulgaria;7
1930;Gymnastics;Mexico;3
1930;Handball;Austria;23
1930;Handball;Germany;22
1930;Handball;Switzerland;17
1930;Handball;Hungary;16
1930;Handball;Romania;15
1930;Handball;USA;13
1930;Hockey;India;29
1930;Hockey;Germany;22
1930;Hockey;Japan;20
1930;Hockey;USA;19
1930;Hockey;France;18
1930;Hockey;Denmark;16
1930;Hockey;Hungary;15
1930;Hockey;Belgium;14
1930;Hockey;Switzerland;13
1930;Hockey;Afghanistan;13
1930;Hockey;Netherlands;12
1930;Modern Pentathlon;Germany;6
1930;Modern Pentathlon;Hungary;6
1930;Modern Pentathlon;Italy;6
1930;Modern Pentathlon;USA;6
1930;Modern Pentathlon;Sweden;5
1930;Modern Pentathlon;UK;4
1930;Modern Pentathlon;France;4
1930;Modern Pentathlon;Mexico;4
1930;Modern Pentathlon;Netherlands;4
1930;Modern Pentathlon;Brazil;3
1930;Modern Pentathlon;Switzerland;3
1930;Modern Pentathlon;Belgium;3
1930;Modern Pentathlon;Finland;3
1930;Modern Pentathlon;Austria;2
1930;Modern Pentathlon;Portugal;2
1930;Modern Pentathlon;Peru;1
1930;Modern Pentathlon;Greece;1
1930;Polo;Hungary;5
1930;Polo;Argentina;4
1930;Polo;Germany;4
1930;Polo;Mexico;4
1930;Polo;UK;4
1930;Rowing;USA;52
1930;Rowing;Germany;39
1930;Rowing;Brazil;37
1930;Rowing;Italy;36
1930;Rowing;UK;31
1930;Rowing;Japan;30
1930;Rowing;Hungary;27
1930;Rowing;Canada;22
1930;Rowing;France;21
1930;Rowing;Czech Republic;17
1930;Rowing;Switzerland;17
1930;Rowing;Denmark;16
1930;Rowing;Serbia;14
1930;Rowing;Poland;14
1930;Rowing;Australia;13
1930;Rowing;Netherlands;13
1930;Rowing;New Zealand;11
1930;Rowing;Austria;9
1930;Rowing;Uruguay;9
1930;Rowing;Belgium;7
1930;Rowing;Sweden;5
1930;Rowing;Argentina;3
1930;Rowing;South Africa;1
1930;Rowing;Estonia;1
1930;Rowing;Norway;1
1930;Sailing;USA;32
1930;Sailing;Sweden;20
1930;Sailing;Italy;17
1930;Sailing;UK;16
1930;Sailing;Germany;15
1930;Sailing;France;14
1930;Sailing;Norway;14
1930;Sailing;Canada;13
1930;Sailing;Finland;12
1930;Sailing;Argentina;11
1930;Sailing;Netherlands;9
1930;Sailing;Poland;7
1930;Sailing;Denmark;7
1930;Sailing;Switzerland;6
1930;Sailing;Turkey;3
1930;Sailing;Japan;3
1930;Sailing;Belgium;3
1930;Sailing;Portugal;3
1930;Sailing;South Africa;2
1930;Sailing;Czech Republic;2
1930;Sailing;Austria;2
1930;Sailing;Hungary;1
1930;Sailing;Chile;1
1930;Sailing;Estonia;1
1930;Sailing;Serbia;1
1930;Sailing;Spain;1
1930;Sailing;Uruguay;1
1930;Sailing;Brazil;1
1930;Shooting;Italy;13
1930;Shooting;USA;12
1930;Shooting;Germany;10
1930;Shooting;Brazil;9
1930;Shooting;Mexico;9
1930;Shooting;Portugal;9
1930;Shooting;Hungary;9
1930;Shooting;France;8
1930;Shooting;Sweden;8
1930;Shooting;Greece;8
1930;Shooting;Finland;8
1930;Shooting;Argentina;7
1930;Shooting;Czech Republic;7
1930;Shooting;Denmark;6
1930;Shooting;Monaco;6
1930;Shooting;Poland;6
1930;Shooting;Spain;5
1930;Shooting;Romania;4
1930;Shooting;Netherlands;4
1930;Shooting;Norway;4
1930;Shooting;Latvia;3
1930;Shooting;Austria;3
1930;Shooting;Belgium;3
1930;Shooting;Chile;3
1930;Shooting;Liechtenstein;3
1930;Shooting;Philippines;2
1930;Shooting;Serbia;1
1930;Shooting;Peru;1
1930;Shooting;Egypt;1
1930;Shooting;Bulgaria;1
1930;Swimming;USA;51
1930;Swimming;Japan;37
1930;Swimming;UK;27
1930;Swimming;Germany;25
1930;Swimming;Canada;25
1930;Swimming;Denmark;20
1930;Swimming;Brazil;20
1930;Swimming;Hungary;18
1930;Swimming;Netherlands;18
1930;Swimming;France;12
1930;Swimming;Australia;10
1930;Swimming;Austria;8
1930;Swimming;Sweden;7
1930;Swimming;Argentina;6
1930;Swimming;Philippines;6
1930;Swimming;Egypt;5
1930;Swimming;Greece;5
1930;Swimming;Bermuda;5
1930;Swimming;Chile;4
1930;Swimming;Serbia;4
1930;Swimming;Poland;4
1930;Swimming;Luxembourg;4
1930;Swimming;Switzerland;4
1930;Swimming;Czech Republic;3
1930;Swimming;Finland;3
1930;Swimming;Mexico;3
1930;Swimming;Peru;3
1930;Swimming;Italy;2
1930;Swimming;Estonia;2
1930;Swimming;China;2
1930;Swimming;Boliva;1
1930;Swimming;India;1
1930;Swimming;South Africa;1
1930;Swimming;Norway;1
1930;Water Polo;Hungary;18
1930;Water Polo;Germany;17
1930;Water Polo;Japan;15
1930;Water Polo;USA;11
1930;Water Polo;UK;11
1930;Water Polo;Austria;11
1930;Water Polo;Sweden;10
1930;Water Polo;Iceland;9
1930;Water Polo;Malta;9
1930;Water Polo;Belgium;9
1930;Water Polo;Netherlands;9
1930;Water Polo;Brazil;8
1930;Water Polo;Switzerland;8
1930;Water Polo;Czech Republic;7
1930;Water Polo;Serbia;7
1930;Water Polo;Uruguay;7
1930;Water Polo;France;7
1930;Weightlifting;USA;17
1930;Weightlifting;Germany;13
1930;Weightlifting;Austria;12
1930;Weightlifting;France;10
1930;Weightlifting;Czech Republic;8
1930;Weightlifting;Egypt;8
1930;Weightlifting;Italy;5
1930;Weightlifting;UK;5
1930;Weightlifting;Switzerland;5
1930;Weightlifting;Estonia;4
1930;Weightlifting;China;3
1930;Weightlifting;Hungary;2
1930;Weightlifting;Luxembourg;2
1930;Weightlifting;Sweden;2
1930;Weightlifting;India;1
1930;Weightlifting;Denmark;1
1930;Weightlifting;Argentina;1
1930;Wrestling;Sweden;22
1930;Wrestling;Germany;17
1930;Wrestling;Finland;16
1930;Wrestling;Czech Republic;16
1930;Wrestling;Hungary;15
1930;Wrestling;Switzerland;14
1930;Wrestling;USA;14
1930;Wrestling;France;13
1930;Wrestling;Italy;12
1930;Wrestling;Japan;12
1930;Wrestling;Turkey;11
1930;Wrestling;Belgium;11
1930;Wrestling;Canada;10
1930;Wrestling;Estonia;9
1930;Wrestling;UK;8
1930;Wrestling;Denmark;8
1930;Wrestling;Austria;8
1930;Wrestling;Greece;6
1930;Wrestling;Romania;5
1930;Wrestling;Serbia;5
1930;Wrestling;India;3
1930;Wrestling;Egypt;3
1930;Wrestling;Australia;3
1930;Wrestling;Norway;3
1930;Wrestling;Poland;3
1930;Wrestling;Latvia;3
1930;Wrestling;South Africa;2
1930;Wrestling;Mexico;2
1930;Wrestling;Philippines;1
1930;Wrestling;Luxembourg;1
1940;Art Competitions;UK;94
1940;Art Competitions;Austria;34
1940;Art Competitions;France;33
1940;Art Competitions;Italy;32
1940;Art Competitions;Canada;23
1940;Art Competitions;Switzerland;16
1940;Art Competitions;Poland;15
1940;Art Competitions;Netherlands;12
1940;Art Competitions;Czech Republic;12
1940;Art Competitions;Ireland;10
1940;Art Competitions;Sweden;7
1940;Art Competitions;Finland;7
1940;Art Competitions;China;5
1940;Art Competitions;Greece;4
1940;Art Competitions;Serbia;4
1940;Art Competitions;Belgium;4
1940;Art Competitions;Denmark;3
1940;Art Competitions;South Africa;3
1940;Art Competitions;Philippines;3
1940;Art Competitions;Uruguay;2
1940;Art Competitions;Hungary;2
1940;Art Competitions;India;2
1940;Art Competitions;Spain;1
1940;Art Competitions;Portugal;1
1940;Art Competitions;Norway;1
1940;Art Competitions;Turkey;1
1940;Art Competitions;Iceland;1
1940;Art Competitions;Germany;1
1940;Athletics;UK;79
1940;Athletics;USA;76
1940;Athletics;France;65
1940;Athletics;Sweden;50
1940;Athletics;Finland;36
1940;Athletics;Canada;27
1940;Athletics;Italy;25
1940;Athletics;Argentina;24
1940;Athletics;Netherlands;22
1940;Athletics;Norway;20
1940;Athletics;Switzerland;20
1940;Athletics;Belgium;18
1940;Athletics;Australia;18
1940;Athletics;Denmark;16
1940;Athletics;Greece;15
1940;Athletics;Austria;15
1940;Athletics;Serbia;15
1940;Athletics;Chile;15
1940;Athletics;Turkey;13
1940;Athletics;Hungary;12
1940;Athletics;Brazil;12
1940;Athletics;Iceland;12
1940;Athletics;Czech Republic;11
1940;Athletics;Ireland;10
1940;Athletics;India;10
1940;Athletics;Jamaica;10
1940;Athletics;Peru;9
1940;Athletics;South Korea;9
1940;Athletics;Spain;7
1940;Athletics;Poland;7
1940;Athletics;Mexico;6
1940;Athletics;Luxembourg;6
1940;Athletics;Bermuda;6
1940;Athletics;South Africa;6
1940;Athletics;Pakistan;5
1940;Athletics;Uruguay;5
1940;Athletics;Portugal;4
1940;Athletics;Puerto Rico;4
1940;Athletics;New Zealand;3
1940;Athletics;Sri Lanka;3
1940;Athletics;China;3
1940;Athletics;Cuba;3
1940;Athletics;Trinidad;3
1940;Athletics;Liechtenstein;2
1940;Athletics;Egypt;2
1940;Athletics;Colombia;2
1940;Athletics;Iraq;2
1940;Athletics;Myanmar;1
1940;Athletics;Philippines;1
1940;Athletics;Malta;1
1940;Athletics;Panama;1
1940;Athletics;Guyana;1
1940;Basketball;Switzerland;15
1940;Basketball;Belgium;14
1940;Basketball;Canada;14
1940;Basketball;Argentina;14
1940;Basketball;Czech Republic;14
1940;Basketball;France;14
1940;Basketball;Italy;14
1940;Basketball;Mexico;14
1940;Basketball;USA;14
1940;Basketball;Uruguay;13
1940;Basketball;Hungary;13
1940;Basketball;Iran;13
1940;Basketball;Cuba;13
1940;Basketball;Ireland;13
1940;Basketball;UK;13
1940;Basketball;Egypt;12
1940;Basketball;Chile;12
1940;Basketball;Peru;11
1940;Basketball;Philippines;10
1940;Basketball;Brazil;10
1940;Basketball;China;10
1940;Basketball;Iraq;10
1940;Basketball;South Korea;9
1940;Basketball;Japan;1
1940;Boxing;Argentina;8
1940;Boxing;Belgium;8
1940;Boxing;France;8
1940;Boxing;Iran;8
1940;Boxing;Ireland;8
1940;Boxing;Italy;8
1940;Boxing;South Africa;8
1940;Boxing;Spain;8
1940;Boxing;UK;8
1940;Boxing;Uruguay;8
1940;Boxing;USA;8
1940;Boxing;India;7
1940;Boxing;Hungary;7
1940;Boxing;Canada;7
1940;Boxing;Australia;7
1940;Boxing;Finland;6
1940;Boxing;Poland;6
1940;Boxing;Denmark;6
1940;Boxing;Netherlands;6
1940;Boxing;Switzerland;5
1940;Boxing;Czech Republic;5
1940;Boxing;Chile;5
1940;Boxing;Austria;5
1940;Boxing;Egypt;5
1940;Boxing;Philippines;5
1940;Boxing;Sweden;4
1940;Boxing;Sri Lanka;4
1940;Boxing;Luxembourg;4
1940;Boxing;Norway;4
1940;Boxing;Peru;3
1940;Boxing;Pakistan;3
1940;Boxing;Puerto Rico;3
1940;Boxing;Brazil;3
1940;Boxing;South Korea;3
1940;Boxing;Myanmar;2
1940;Boxing;Mexico;1
1940;Boxing;Lebanon;1
1940;Boxing;Jamaica;1
1940;Boxing;New Zealand;1
1940;Canoeing;Czech Republic;15
1940;Canoeing;France;10
1940;Canoeing;Sweden;9
1940;Canoeing;Belgium;9
1940;Canoeing;Netherlands;8
1940;Canoeing;USA;8
1940;Canoeing;Austria;7
1940;Canoeing;Canada;7
1940;Canoeing;Denmark;7
1940;Canoeing;UK;7
1940;Canoeing;Switzerland;6
1940;Canoeing;Finland;5
1940;Canoeing;Hungary;5
1940;Canoeing;Norway;4
1940;Canoeing;Luxembourg;3
1940;Canoeing;Poland;3
1940;Cycling;Argentina;12
1940;Cycling;Italy;12
1940;Cycling;Belgium;12
1940;Cycling;Denmark;11
1940;Cycling;France;11
1940;Cycling;Switzerland;11
1940;Cycling;UK;10
1940;Cycling;Netherlands;9
1940;Cycling;India;9
1940;Cycling;USA;9
1940;Cycling;Uruguay;9
1940;Cycling;Austria;8
1940;Cycling;Canada;6
1940;Cycling;Australia;6
1940;Cycling;Mexico;5
1940;Cycling;Finland;5
1940;Cycling;Chile;4
1940;Cycling;Luxembourg;4
1940;Cycling;Norway;4
1940;Cycling;Serbia;4
1940;Cycling;Sweden;4
1940;Cycling;Turkey;4
1940;Cycling;Greece;3
1940;Cycling;South Africa;3
1940;Cycling;Peru;3
1940;Cycling;Pakistan;2
1940;Cycling;South Korea;2
1940;Cycling;Trinidad;1
1940;Cycling;China;1
1940;Cycling;Cuba;1
1940;Cycling;Guyana;1
1940;Cycling;New Zealand;1
1940;Cycling;Venezuela;1
1940;Diving;UK;11
1940;Diving;USA;7
1940;Diving;France;6
1940;Diving;Egypt;6
1940;Diving;Mexico;5
1940;Diving;Austria;4
1940;Diving;Denmark;3
1940;Diving;Sweden;3
1940;Diving;Brazil;3
1940;Diving;Switzerland;2
1940;Diving;Norway;2
1940;Diving;Netherlands;2
1940;Diving;Australia;1
1940;Diving;Bermuda;1
1940;Diving;Canada;1
1940;Diving;Chile;1
1940;Diving;Cuba;1
1940;Diving;Finland;1
1940;Diving;Hungary;1
1940;Diving;Ireland;1
1940;Diving;South Africa;1
1940;Diving;Syria;1
1940;Equestrianism;Argentina;9
1940;Equestrianism;Sweden;9
1940;Equestrianism;France;8
1940;Equestrianism;Portugal;8
1940;Equestrianism;USA;7
1940;Equestrianism;Spain;7
1940;Equestrianism;Turkey;6
1940;Equestrianism;Italy;6
1940;Equestrianism;Mexico;6
1940;Equestrianism;Denmark;6
1940;Equestrianism;Brazil;6
1940;Equestrianism;UK;6
1940;Equestrianism;Netherlands;5
1940;Equestrianism;Finland;5
1940;Equestrianism;Switzerland;4
1940;Equestrianism;Ireland;3
1940;Equestrianism;Austria;2
1940;Fencing;France;21
1940;Fencing;USA;20
1940;Fencing;Italy;20
1940;Fencing;Switzerland;19
1940;Fencing;UK;19
1940;Fencing;Argentina;19
1940;Fencing;Hungary;18
1940;Fencing;Belgium;18
1940;Fencing;Denmark;15
1940;Fencing;Netherlands;9
1940;Fencing;Egypt;9
1940;Fencing;Mexico;9
1940;Fencing;Sweden;8
1940;Fencing;Brazil;7
1940;Fencing;Austria;7
1940;Fencing;Poland;7
1940;Fencing;Portugal;6
1940;Fencing;Cuba;6
1940;Fencing;Turkey;6
1940;Fencing;Luxembourg;6
1940;Fencing;Canada;6
1940;Fencing;Greece;6
1940;Fencing;Finland;6
1940;Fencing;Czech Republic;5
1940;Fencing;Ireland;5
1940;Fencing;Norway;5
1940;Fencing;Uruguay;5
1940;Fencing;Chile;3
1940;Fencing;Peru;3
1940;Fencing;Colombia;2
1940;Football;UK;19
1940;Football;Serbia;15
1940;Football;Denmark;13
1940;Football;Luxembourg;12
1940;Football;Netherlands;12
1940;Football;Sweden;12
1940;Football;France;12
1940;Football;Italy;12
1940;Football;Turkey;12
1940;Football;USA;11
1940;Football;Afghanistan;11
1940;Football;Austria;11
1940;Football;China;11
1940;Football;Egypt;11
1940;Football;India;11
1940;Football;Ireland;11
1940;Football;Mexico;11
1940;Football;South Korea;10
1940;Football;North Korea;1
1940;Football;Japan;1
1940;Gymnastics;France;16
1940;Gymnastics;Hungary;16
1940;Gymnastics;Italy;16
1940;Gymnastics;UK;16
1940;Gymnastics;USA;16
1940;Gymnastics;Austria;16
1940;Gymnastics;Serbia;16
1940;Gymnastics;Czech Republic;16
1940;Gymnastics;Sweden;8
1940;Gymnastics;Belgium;8
1940;Gymnastics;Denmark;8
1940;Gymnastics;Egypt;8
1940;Gymnastics;Finland;8
1940;Gymnastics;Luxembourg;8
1940;Gymnastics;Netherlands;8
1940;Gymnastics;Switzerland;8
1940;Gymnastics;Argentina;7
1940;Gymnastics;Cuba;7
1940;Gymnastics;Mexico;5
1940;Hockey;India;21
1940;Hockey;Pakistan;19
1940;Hockey;Denmark;16
1940;Hockey;Switzerland;15
1940;Hockey;USA;14
1940;Hockey;France;14
1940;Hockey;Spain;14
1940;Hockey;Afghanistan;14
1940;Hockey;Belgium;13
1940;Hockey;Argentina;12
1940;Hockey;Austria;12
1940;Hockey;Netherlands;12
1940;Hockey;UK;12
1940;Hockey;Liechtenstein;1
1940;Modern Pentathlon;Switzerland;4
1940;Modern Pentathlon;Brazil;3
1940;Modern Pentathlon;Belgium;3
1940;Modern Pentathlon;Finland;3
1940;Modern Pentathlon;France;3
1940;Modern Pentathlon;Hungary;3
1940;Modern Pentathlon;Italy;3
1940;Modern Pentathlon;Spain;3
1940;Modern Pentathlon;Sweden;3
1940;Modern Pentathlon;UK;3
1940;Modern Pentathlon;Uruguay;3
1940;Modern Pentathlon;USA;3
1940;Modern Pentathlon;Argentina;3
1940;Modern Pentathlon;Chile;2
1940;Modern Pentathlon;Mexico;2
1940;Modern Pentathlon;Czech Republic;2
1940;Rowing;USA;27
1940;Rowing;UK;26
1940;Rowing;Italy;26
1940;Rowing;Argentina;26
1940;Rowing;Denmark;25
1940;Rowing;France;22
1940;Rowing;Serbia;21
1940;Rowing;Switzerland;19
1940;Rowing;Norway;14
1940;Rowing;Portugal;14
1940;Rowing;Canada;11
1940;Rowing;Hungary;9
1940;Rowing;Ireland;9
1940;Rowing;Australia;8
1940;Rowing;Greece;8
1940;Rowing;Austria;7
1940;Rowing;Czech Republic;6
1940;Rowing;Netherlands;6
1940;Rowing;South Africa;5
1940;Rowing;Finland;5
1940;Rowing;Cuba;5
1940;Rowing;Belgium;4
1940;Rowing;Uruguay;3
1940;Rowing;Sweden;3
1940;Rowing;Brazil;2
1940;Rowing;Germany;1
1940;Rowing;Spain;1
1940;Rowing;Egypt;1
1940;Sailing;Italy;17
1940;Sailing;Sweden;13
1940;Sailing;USA;13
1940;Sailing;France;13
1940;Sailing;Argentina;13
1940;Sailing;UK;13
1940;Sailing;Belgium;12
1940;Sailing;Finland;12
1940;Sailing;Norway;11
1940;Sailing;Denmark;11
1940;Sailing;Switzerland;9
1940;Sailing;Portugal;9
1940;Sailing;Netherlands;8
1940;Sailing;Brazil;5
1940;Sailing;Canada;5
1940;Sailing;Spain;4
1940;Sailing;Austria;4
1940;Sailing;Greece;4
1940;Sailing;Ireland;3
1940;Sailing;Australia;3
1940;Sailing;Uruguay;3
1940;Sailing;Cuba;2
1940;Sailing;South Africa;1
1940;Shooting;Finland;12
1940;Shooting;Argentina;12
1940;Shooting;France;12
1940;Shooting;UK;12
1940;Shooting;USA;12
1940;Shooting;Sweden;11
1940;Shooting;Peru;9
1940;Shooting;Mexico;9
1940;Shooting;Norway;9
1940;Shooting;Cuba;7
1940;Shooting;Switzerland;7
1940;Shooting;Greece;7
1940;Shooting;Brazil;7
1940;Shooting;Denmark;7
1940;Shooting;Spain;6
1940;Shooting;Australia;6
1940;Shooting;Italy;6
1940;Shooting;Portugal;5
1940;Shooting;Monaco;4
1940;Shooting;Hungary;4
1940;Shooting;Chile;4
1940;Shooting;Netherlands;4
1940;Shooting;Philippines;3
1940;Shooting;Austria;3
1940;Shooting;Belgium;3
1940;Shooting;Iran;3
1940;Shooting;Puerto Rico;2
1940;Shooting;Lebanon;2
1940;Swimming;USA;28
1940;Swimming;UK;25
1940;Swimming;Argentina;17
1940;Swimming;France;17
1940;Swimming;Hungary;15
1940;Swimming;Brazil;13
1940;Swimming;Netherlands;12
1940;Swimming;Australia;10
1940;Swimming;Mexico;9
1940;Swimming;Canada;9
1940;Swimming;Sweden;8
1940;Swimming;Switzerland;8
1940;Swimming;Iceland;8
1940;Swimming;Belgium;7
1940;Swimming;India;7
1940;Swimming;Egypt;6
1940;Swimming;Denmark;6
1940;Swimming;Spain;6
1940;Swimming;Serbia;6
1940;Swimming;Bermuda;5
1940;Swimming;Pakistan;4
1940;Swimming;Philippines;3
1940;Swimming;Czech Republic;3
1940;Swimming;South Africa;3
1940;Swimming;Cuba;2
1940;Swimming;Colombia;2
1940;Swimming;Austria;2
1940;Swimming;Uruguay;2
1940;Swimming;Greece;2
1940;Swimming;New Zealand;1
1940;Swimming;Norway;1
1940;Swimming;Portugal;1
1940;Swimming;Finland;1
1940;Swimming;China;1
1940;Swimming;Chile;1
1940;Water Polo;France;11
1940;Water Polo;Hungary;11
1940;Water Polo;Australia;10
1940;Water Polo;Sweden;10
1940;Water Polo;India;9
1940;Water Polo;Italy;9
1940;Water Polo;Netherlands;9
1940;Water Polo;Serbia;9
1940;Water Polo;Chile;8
1940;Water Polo;Belgium;8
1940;Water Polo;Greece;8
1940;Water Polo;Spain;8
1940;Water Polo;UK;8
1940;Water Polo;Uruguay;8
1940;Water Polo;USA;8
1940;Water Polo;Egypt;8
1940;Water Polo;Switzerland;7
1940;Water Polo;Argentina;7
1940;Weightlifting;USA;12
1940;Weightlifting;UK;10
1940;Weightlifting;France;9
1940;Weightlifting;Egypt;8
1940;Weightlifting;South Korea;8
1940;Weightlifting;Argentina;8
1940;Weightlifting;Austria;6
1940;Weightlifting;Canada;5
1940;Weightlifting;Iran;5
1940;Weightlifting;Denmark;4
1940;Weightlifting;Finland;4
1940;Weightlifting;Sweden;4
1940;Weightlifting;Hungary;3
1940;Weightlifting;Mexico;3
1940;Weightlifting;Peru;3
1940;Weightlifting;Cuba;3
1940;Weightlifting;Switzerland;3
1940;Weightlifting;Belgium;3
1940;Weightlifting;Guyana;2
1940;Weightlifting;Pakistan;2
1940;Weightlifting;Jamaica;2
1940;Weightlifting;Australia;2
1940;Weightlifting;Netherlands;2
1940;Weightlifting;South Africa;2
1940;Weightlifting;India;2
1940;Weightlifting;Myanmar;1
1940;Weightlifting;New Zealand;1
1940;Weightlifting;Philippines;1
1940;Weightlifting;Trinidad;1
1940;Weightlifting;Italy;1
1940;Wrestling;Turkey;16
1940;Wrestling;UK;16
1940;Wrestling;Sweden;16
1940;Wrestling;Finland;15
1940;Wrestling;Egypt;13
1940;Wrestling;Switzerland;12
1940;Wrestling;Hungary;11
1940;Wrestling;France;11
1940;Wrestling;Italy;11
1940;Wrestling;Belgium;9
1940;Wrestling;USA;8
1940;Wrestling;Argentina;8
1940;Wrestling;Iran;7
1940;Wrestling;Canada;6
1940;Wrestling;Norway;6
1940;Wrestling;India;6
1940;Wrestling;Lebanon;5
1940;Wrestling;Greece;5
1940;Wrestling;Austria;5
1940;Wrestling;Denmark;5
1940;Wrestling;Mexico;4
1940;Wrestling;South Korea;4
1940;Wrestling;Australia;4
1940;Wrestling;Netherlands;4
1940;Wrestling;Czech Republic;3
1940;Wrestling;Cuba;3
1940;Wrestling;South Africa;3
1940;Wrestling;Luxembourg;2
1940;Wrestling;Philippines;1
1950;Athletics;USA;135
1950;Athletics;Russia;133
1950;Athletics;UK;103
1950;Athletics;Australia;86
1950;Athletics;Germany;83
1950;Athletics;Finland;81
1950;Athletics;France;75
1950;Athletics;Sweden;56
1950;Athletics;Hungary;48
1950;Athletics;Italy;48
1950;Athletics;Poland;47
1950;Athletics;Japan;38
1950;Athletics;Canada;38
1950;Athletics;Pakistan;33
1950;Athletics;Switzerland;29
1950;Athletics;Czech Republic;29
1950;Athletics;Belgium;25
1950;Athletics;Serbia;23
1950;Athletics;Norway;22
1950;Athletics;South Africa;21
1950;Athletics;Chile;20
1950;Athletics;Argentina;18
1950;Athletics;Austria;17
1950;Athletics;Thailand;16
1950;Athletics;Greece;16
1950;Athletics;India;16
1950;Athletics;Nigeria;15
1950;Athletics;Romania;15
1950;Athletics;Puerto Rico;14
1950;Athletics;Turkey;13
1950;Athletics;New Zealand;13
1950;Athletics;Jamaica;13
1950;Athletics;Brazil;13
1950;Athletics;Iceland;11
1950;Athletics;Denmark;11
1950;Athletics;Venezuela;11
1950;Athletics;South Korea;11
1950;Athletics;Netherlands;10
1950;Athletics;Malaysia;9
1950;Athletics;Ethiopia;8
1950;Athletics;Kenya;8
1950;Athletics;Israel;8
1950;Athletics;Cuba;7
1950;Athletics;Luxembourg;7
1950;Athletics;Ghana;7
1950;Athletics;Portugal;7
1950;Athletics;Egypt;7
1950;Athletics;Guatemala;6
1950;Athletics;Ireland;5
1950;Athletics;Philippines;5
1950;Athletics;Liberia;4
1950;Athletics;Taiwan;4
1950;Athletics;Bulgaria;4
1950;Athletics;Colombia;4
1950;Athletics;Mexico;4
1950;Athletics;Indonesia;4
1950;Athletics;Uganda;3
1950;Athletics;Uruguay;3
1950;Athletics;Trinidad;3
1950;Athletics;Bermuda;2
1950;Athletics;Iran;2
1950;Athletics;Guyana;2
1950;Athletics;Vietnam;1
1950;Athletics;Fiji;1
1950;Athletics;Bahamas;1
1950;Athletics;Sri Lanka;1
1950;Athletics;Myanmar;1
1950;Basketball;USA;25
1950;Basketball;Canada;23
1950;Basketball;France;23
1950;Basketball;Russia;22
1950;Basketball;Brazil;21
1950;Basketball;Bulgaria;21
1950;Basketball;Uruguay;20
1950;Basketball;Philippines;19
1950;Basketball;Chile;18
1950;Basketball;Switzerland;15
1950;Basketball;Argentina;14
1950;Basketball;Egypt;14
1950;Basketball;Japan;13
1950;Basketball;Mexico;13
1950;Basketball;Czech Republic;13
1950;Basketball;Italy;13
1950;Basketball;Australia;13
1950;Basketball;Cuba;12
1950;Basketball;Greece;12
1950;Basketball;Hungary;12
1950;Basketball;Israel;12
1950;Basketball;Romania;12
1950;Basketball;Belgium;12
1950;Basketball;Finland;11
1950;Basketball;Taiwan;11
1950;Basketball;Turkey;11
1950;Basketball;South Korea;11
1950;Basketball;Thailand;9
1950;Basketball;Belarus;1
1950;Boxing;Argentina;20
1950;Boxing;Russia;20
1950;Boxing;UK;18
1950;Boxing;Germany;18
1950;Boxing;Italy;18
1950;Boxing;USA;18
1950;Boxing;Poland;16
1950;Boxing;France;16
1950;Boxing;Ireland;15
1950;Boxing;Canada;13
1950;Boxing;Australia;13
1950;Boxing;South Africa;13
1950;Boxing;Romania;12
1950;Boxing;Hungary;12
1950;Boxing;Pakistan;11
1950;Boxing;Finland;10
1950;Boxing;Philippines;10
1950;Boxing;Sweden;9
1950;Boxing;South Korea;9
1950;Boxing;Denmark;8
1950;Boxing;Egypt;7
1950;Boxing;Brazil;7
1950;Boxing;Myanmar;7
1950;Boxing;Venezuela;7
1950;Boxing;Czech Republic;7
1950;Boxing;Switzerland;6
1950;Boxing;Belgium;6
1950;Boxing;Iran;6
1950;Boxing;Thailand;5
1950;Boxing;Bulgaria;5
1950;Boxing;Netherlands;5
1950;Boxing;India;5
1950;Boxing;Sri Lanka;4
1950;Boxing;Japan;4
1950;Boxing;Luxembourg;4
1950;Boxing;Norway;4
1950;Boxing;Austria;4
1950;Boxing;Serbia;3
1950;Boxing;Chile;3
1950;Boxing;Puerto Rico;3
1950;Boxing;Mexico;3
1950;Boxing;New Zealand;2
1950;Boxing;Fiji;2
1950;Boxing;Taiwan;1
1950;Boxing;Lebanon;1
1950;Boxing;Uruguay;1
1950;Boxing;Vietnam;1
1950;Canoeing;Hungary;24
1950;Canoeing;Russia;21
1950;Canoeing;USA;17
1950;Canoeing;Canada;17
1950;Canoeing;Germany;17
1950;Canoeing;Czech Republic;17
1950;Canoeing;Sweden;14
1950;Canoeing;Denmark;14
1950;Canoeing;Finland;14
1950;Canoeing;France;14
1950;Canoeing;Austria;11
1950;Canoeing;UK;10
1950;Canoeing;Australia;8
1950;Canoeing;Switzerland;7
1950;Canoeing;Italy;6
1950;Canoeing;Netherlands;6
1950;Canoeing;Romania;5
1950;Canoeing;Belgium;5
1950;Canoeing;Norway;4
1950;Canoeing;Poland;4
1950;Canoeing;Luxembourg;4
1950;Canoeing;Serbia;1
1950;Cycling;Russia;23
1950;Cycling;UK;23
1950;Cycling;Italy;21
1950;Cycling;France;20
1950;Cycling;Belgium;18
1950;Cycling;USA;17
1950;Cycling;Australia;16
1950;Cycling;Germany;15
1950;Cycling;Denmark;15
1950;Cycling;Czech Republic;11
1950;Cycling;Sweden;11
1950;Cycling;Uruguay;11
1950;Cycling;Finland;11
1950;Cycling;Switzerland;10
1950;Cycling;Vietnam;9
1950;Cycling;New Zealand;8
1950;Cycling;Colombia;8
1950;Cycling;Venezuela;8
1950;Cycling;South Africa;7
1950;Cycling;Hungary;7
1950;Cycling;Mexico;7
1950;Cycling;Austria;6
1950;Cycling;Argentina;6
1950;Cycling;Netherlands;6
1950;Cycling;Bulgaria;6
1950;Cycling;Romania;5
1950;Cycling;India;5
1950;Cycling;Japan;5
1950;Cycling;Luxembourg;5
1950;Cycling;Pakistan;5
1950;Cycling;Guatemala;5
1950;Cycling;Chile;5
1950;Cycling;Canada;5
1950;Cycling;Ethiopia;4
1950;Cycling;Norway;3
1950;Cycling;South Korea;3
1950;Cycling;Liechtenstein;2
1950;Cycling;Brazil;1
1950;Cycling;Trinidad;1
1950;Cycling;Jamaica;1
1950;Cycling;Serbia;1
1950;Diving;USA;18
1950;Diving;Russia;14
1950;Diving;UK;11
1950;Diving;Australia;10
1950;Diving;Japan;6
1950;Diving;Mexico;6
1950;Diving;France;5
1950;Diving;Brazil;4
1950;Diving;Denmark;4
1950;Diving;Egypt;4
1950;Diving;Germany;4
1950;Diving;Austria;4
1950;Diving;Sweden;4
1950;Diving;Finland;3
1950;Diving;Chile;2
1950;Diving;Bermuda;2
1950;Diving;Canada;2
1950;Diving;Hungary;2
1950;Diving;Switzerland;2
1950;Diving;Netherlands;2
1950;Diving;Israel;1
1950;Diving;Italy;1
1950;Diving;South Africa;1
1950;Diving;Sri Lanka;1
1950;Diving;Venezuela;1
1950;Equestrianism;Germany;14
1950;Equestrianism;USA;14
1950;Equestrianism;France;14
1950;Equestrianism;Sweden;14
1950;Equestrianism;Russia;13
1950;Equestrianism;Argentina;13
1950;Equestrianism;Switzerland;12
1950;Equestrianism;Portugal;12
1950;Equestrianism;Romania;11
1950;Equestrianism;UK;11
1950;Equestrianism;Spain;11
1950;Equestrianism;Finland;11
1950;Equestrianism;Chile;9
1950;Equestrianism;Denmark;9
1950;Equestrianism;Italy;7
1950;Equestrianism;Canada;7
1950;Equestrianism;Ireland;7
1950;Equestrianism;Turkey;6
1950;Equestrianism;Bulgaria;6
1950;Equestrianism;Mexico;5
1950;Equestrianism;Norway;5
1950;Equestrianism;Brazil;5
1950;Equestrianism;Austria;5
1950;Equestrianism;Egypt;4
1950;Equestrianism;Australia;4
1950;Equestrianism;Netherlands;4
1950;Equestrianism;Japan;3
1950;Equestrianism;Hungary;3
1950;Equestrianism;Belgium;3
1950;Equestrianism;Venezuela;3
1950;Equestrianism;Cambodia;2
1950;Equestrianism;South Korea;1
1950;Fencing;Russia;31
1950;Fencing;France;30
1950;Fencing;USA;29
1950;Fencing;Italy;28
1950;Fencing;Australia;26
1950;Fencing;Hungary;24
1950;Fencing;UK;20
1950;Fencing;Belgium;17
1950;Fencing;Germany;16
1950;Fencing;Poland;16
1950;Fencing;Finland;12
1950;Fencing;Denmark;12
1950;Fencing;Sweden;11
1950;Fencing;Romania;11
1950;Fencing;Argentina;11
1950;Fencing;Switzerland;10
1950;Fencing;Venezuela;10
1950;Fencing;Portugal;10
1950;Fencing;Egypt;8
1950;Fencing;Austria;8
1950;Fencing;Mexico;7
1950;Fencing;Luxembourg;7
1950;Fencing;Colombia;6
1950;Fencing;Norway;5
1950;Fencing;Brazil;5
1950;Fencing;Ireland;4
1950;Fencing;Uruguay;3
1950;Fencing;Guatemala;3
1950;Fencing;Japan;2
1950;Fencing;Canada;2
1950;Fencing;Vietnam;1
1950;Fencing;Cuba;1
1950;Fencing;Indonesia;1
1950;Football;Russia;30
1950;Football;India;26
1950;Football;Serbia;25
1950;Football;Germany;24
1950;Football;UK;20
1950;Football;Bulgaria;19
1950;Football;USA;19
1950;Football;Poland;15
1950;Football;Hungary;15
1950;Football;Indonesia;13
1950;Football;Sweden;12
1950;Football;Egypt;12
1950;Football;Italy;12
1950;Football;Turkey;12
1950;Football;Curacao;11
1950;Football;Austria;11
1950;Football;Brazil;11
1950;Football;Chile;11
1950;Football;Denmark;11
1950;Football;Finland;11
1950;Football;France;11
1950;Football;Greece;11
1950;Football;Japan;11
1950;Football;Luxembourg;11
1950;Football;Netherlands;11
1950;Football;Norway;11
1950;Football;Romania;11
1950;Football;Thailand;11
1950;Football;Australia;11
1950;Football;Switzerland;1
1950;Gymnastics;USA;26
1950;Gymnastics;Russia;26
1950;Gymnastics;Germany;23
1950;Gymnastics;Romania;22
1950;Gymnastics;Czech Republic;21
1950;Gymnastics;Italy;20
1950;Gymnastics;Finland;20
1950;Gymnastics;Hungary;19
1950;Gymnastics;Poland;19
1950;Gymnastics;Sweden;18
1950;Gymnastics;France;18
1950;Gymnastics;Bulgaria;17
1950;Gymnastics;Austria;17
1950;Gymnastics;Serbia;16
1950;Gymnastics;Japan;16
1950;Gymnastics;UK;15
1950;Gymnastics;Norway;11
1950;Gymnastics;Switzerland;9
1950;Gymnastics;Portugal;9
1950;Gymnastics;Australia;9
1950;Gymnastics;Egypt;8
1950;Gymnastics;Netherlands;8
1950;Gymnastics;Denmark;7
1950;Gymnastics;Luxembourg;7
1950;Gymnastics;India;5
1950;Gymnastics;Belgium;3
1950;Gymnastics;South Africa;3
1950;Gymnastics;Cuba;3
1950;Gymnastics;Canada;2
1950;Gymnastics;Argentina;2
1950;Gymnastics;Slovenia;1
1950;Gymnastics;Spain;1
1950;Hockey;India;26
1950;Hockey;UK;23
1950;Hockey;Belgium;20
1950;Hockey;Pakistan;20
1950;Hockey;Germany;20
1950;Hockey;Australia;18
1950;Hockey;Malaysia;17
1950;Hockey;Italy;15
1950;Hockey;Poland;14
1950;Hockey;France;14
1950;Hockey;Kenya;14
1950;Hockey;New Zealand;14
1950;Hockey;USA;13
1950;Hockey;Austria;13
1950;Hockey;Switzerland;13
1950;Hockey;Afghanistan;12
1950;Hockey;Finland;11
1950;Hockey;Netherlands;11
1950;Modern Pentathlon;USA;6
1950;Modern Pentathlon;Brazil;6
1950;Modern Pentathlon;UK;6
1950;Modern Pentathlon;Finland;5
1950;Modern Pentathlon;Russia;5
1950;Modern Pentathlon;Chile;5
1950;Modern Pentathlon;Sweden;5
1950;Modern Pentathlon;Hungary;5
1950;Modern Pentathlon;France;4
1950;Modern Pentathlon;Switzerland;4
1950;Modern Pentathlon;Australia;4
1950;Modern Pentathlon;Italy;4
1950;Modern Pentathlon;Uruguay;3
1950;Modern Pentathlon;Germany;3
1950;Modern Pentathlon;Mexico;3
1950;Modern Pentathlon;Portugal;3
1950;Modern Pentathlon;Romania;3
1950;Modern Pentathlon;South Africa;3
1950;Modern Pentathlon;Argentina;3
1950;Modern Pentathlon;Czech Republic;1
1950;Modern Pentathlon;Belgium;1
1950;Rowing;USA;49
1950;Rowing;Italy;46
1950;Rowing;Russia;43
1950;Rowing;Germany;42
1950;Rowing;Australia;37
1950;Rowing;UK;33
1950;Rowing;Denmark;31
1950;Rowing;Finland;30
1950;Rowing;France;28
1950;Rowing;Canada;28
1950;Rowing;Sweden;22
1950;Rowing;Hungary;17
1950;Rowing;Poland;16
1950;Rowing;Belgium;16
1950;Rowing;Czech Republic;15
1950;Rowing;Japan;14
1950;Rowing;Serbia;14
1950;Rowing;Switzerland;13
1950;Rowing;Netherlands;12
1950;Rowing;New Zealand;12
1950;Rowing;Argentina;9
1950;Rowing;Cuba;9
1950;Rowing;Norway;9
1950;Rowing;Portugal;9
1950;Rowing;Romania;9
1950;Rowing;Austria;8
1950;Rowing;Egypt;8
1950;Rowing;Brazil;8
1950;Rowing;Spain;6
1950;Rowing;South Africa;5
1950;Rowing;Uruguay;4
1950;Rowing;Chile;4
1950;Rowing;Greece;4
1950;Rowing;Zimbabwe;1
1950;Rowing;Mexico;1
1950;Sailing;USA;29
1950;Sailing;UK;23
1950;Sailing;Argentina;20
1950;Sailing;Italy;20
1950;Sailing;Sweden;20
1950;Sailing;Russia;18
1950;Sailing;Germany;18
1950;Sailing;Canada;18
1950;Sailing;France;17
1950;Sailing;Finland;17
1950;Sailing;Norway;16
1950;Sailing;Australia;15
1950;Sailing;Portugal;12
1950;Sailing;Switzerland;11
1950;Sailing;Netherlands;9
1950;Sailing;Denmark;9
1950;Sailing;South Africa;9
1950;Sailing;Brazil;8
1950;Sailing;Greece;5
1950;Sailing;New Zealand;5
1950;Sailing;Belgium;5
1950;Sailing;Bahamas;5
1950;Sailing;Myanmar;3
1950;Sailing;Cuba;3
1950;Sailing;Bermuda;3
1950;Sailing;Serbia;3
1950;Sailing;Austria;3
1950;Sailing;Ireland;2
1950;Sailing;Thailand;2
1950;Sailing;Fiji;2
1950;Sailing;Monaco;2
1950;Sailing;Kyrgyzstan;1
1950;Sailing;Spain;1
1950;Sailing;Japan;1
1950;Sailing;Uruguay;1
1950;Shooting;Russia;19
1950;Shooting;UK;16
1950;Shooting;Sweden;14
1950;Shooting;Venezuela;14
1950;Shooting;Finland;13
1950;Shooting;France;13
1950;Shooting;Australia;12
1950;Shooting;USA;12
1950;Shooting;Italy;11
1950;Shooting;Norway;10
1950;Shooting;Brazil;10
1950;Shooting;Argentina;10
1950;Shooting;Switzerland;9
1950;Shooting;Hungary;9
1950;Shooting;Germany;9
1950;Shooting;Canada;8
1950;Shooting;Czech Republic;8
1950;Shooting;Peru;8
1950;Shooting;Puerto Rico;8
1950;Shooting;Greece;7
1950;Shooting;Romania;6
1950;Shooting;Philippines;6
1950;Shooting;Egypt;6
1950;Shooting;Japan;6
1950;Shooting;Bulgaria;6
1950;Shooting;Serbia;6
1950;Shooting;Mexico;6
1950;Shooting;Denmark;6
1950;Shooting;Monaco;6
1950;Shooting;Belgium;5
1950;Shooting;Austria;5
1950;Shooting;Chile;5
1950;Shooting;Poland;4
1950;Shooting;Israel;4
1950;Shooting;Portugal;4
1950;Shooting;Spain;4
1950;Shooting;India;3
1950;Shooting;South Africa;3
1950;Shooting;Colombia;3
1950;Shooting;Lebanon;3
1950;Shooting;Guatemala;3
1950;Shooting;Pakistan;3
1950;Shooting;Malaysia;3
1950;Shooting;Cuba;2
1950;Shooting;Kenya;2
1950;Shooting;South Korea;2
1950;Shooting;Taiwan;1
1950;Shooting;Indonesia;1
1950;Swimming;USA;55
1950;Swimming;Japan;39
1950;Swimming;UK;35
1950;Swimming;Australia;35
1950;Swimming;Russia;27
1950;Swimming;Germany;25
1950;Swimming;France;25
1950;Swimming;Hungary;23
1950;Swimming;Belgium;16
1950;Swimming;Sweden;16
1950;Swimming;Italy;15
1950;Swimming;Canada;15
1950;Swimming;Finland;14
1950;Swimming;Netherlands;13
1950;Swimming;Brazil;12
1950;Swimming;South Africa;12
1950;Swimming;Mexico;11
1950;Swimming;Philippines;9
1950;Swimming;Denmark;9
1950;Swimming;Poland;8
1950;Swimming;Switzerland;8
1950;Swimming;India;7
1950;Swimming;Argentina;7
1950;Swimming;Pakistan;7
1950;Swimming;China;6
1950;Swimming;New Zealand;5
1950;Swimming;Czech Republic;5
1950;Swimming;Serbia;4
1950;Swimming;Indonesia;4
1950;Swimming;Portugal;4
1950;Swimming;Romania;3
1950;Swimming;Austria;3
1950;Swimming;Colombia;3
1950;Swimming;Cuba;3
1950;Swimming;Egypt;3
1950;Swimming;Norway;3
1950;Swimming;Spain;3
1950;Swimming;Bermuda;2
1950;Swimming;Israel;2
1950;Swimming;Malaysia;2
1950;Swimming;Sri Lanka;1
1950;Swimming;Luxembourg;1
1950;Swimming;Chile;1
1950;Swimming;Uruguay;1
1950;Swimming;Venezuela;1
1950;Swimming;Guatemala;1
1950;Swimming;Kenya;1
1950;Swimming;Vietnam;1
1950;Water Polo;Italy;20
1950;Water Polo;USA;18
1950;Water Polo;Hungary;18
1950;Water Polo;Russia;16
1950;Water Polo;Germany;16
1950;Water Polo;Romania;15
1950;Water Polo;UK;13
1950;Water Polo;Serbia;13
1950;Water Polo;Australia;11
1950;Water Polo;Brazil;11
1950;Water Polo;India;10
1950;Water Polo;Egypt;10
1950;Water Polo;Austria;10
1950;Water Polo;Belgium;10
1950;Water Polo;Portugal;9
1950;Water Polo;Sweden;8
1950;Water Polo;South Africa;8
1950;Water Polo;Spain;8
1950;Water Polo;Argentina;7
1950;Water Polo;Mexico;7
1950;Water Polo;Netherlands;7
1950;Water Polo;New Zealand;1
1950;Weightlifting;Russia;13
1950;Weightlifting;USA;12
1950;Weightlifting;Iran;11
1950;Weightlifting;Italy;9
1950;Weightlifting;Australia;9
1950;Weightlifting;Sweden;8
1950;Weightlifting;Poland;8
1950;Weightlifting;UK;8
1950;Weightlifting;South Africa;7
1950;Weightlifting;Finland;7
1950;Weightlifting;France;7
1950;Weightlifting;Germany;7
1950;Weightlifting;South Korea;7
1950;Weightlifting;Argentina;6
1950;Weightlifting;Canada;6
1950;Weightlifting;Egypt;6
1950;Weightlifting;Japan;6
1950;Weightlifting;Pakistan;5
1950;Weightlifting;Romania;4
1950;Weightlifting;Austria;4
1950;Weightlifting;Brazil;4
1950;Weightlifting;Czech Republic;4
1950;Weightlifting;India;4
1950;Weightlifting;Myanmar;4
1950;Weightlifting;Switzerland;4
1950;Weightlifting;Norway;3
1950;Weightlifting;Puerto Rico;3
1950;Weightlifting;Guyana;3
1950;Weightlifting;Denmark;3
1950;Weightlifting;Belgium;3
1950;Weightlifting;Taiwan;3
1950;Weightlifting;Mexico;3
1950;Weightlifting;Malaysia;3
1950;Weightlifting;Philippines;2
1950;Weightlifting;Bulgaria;2
1950;Weightlifting;New Zealand;2
1950;Weightlifting;Indonesia;2
1950;Weightlifting;Hungary;2
1950;Weightlifting;Trinidad;2
1950;Weightlifting;Netherlands;2
1950;Weightlifting;Colombia;2
1950;Weightlifting;Panama;1
1950;Weightlifting;Cuba;1
1950;Weightlifting;Lebanon;1
1950;Wrestling;Russia;32
1950;Wrestling;Turkey;25
1950;Wrestling;Finland;22
1950;Wrestling;USA;20
1950;Wrestling;Hungary;19
1950;Wrestling;Sweden;17
1950;Wrestling;Australia;17
1950;Wrestling;Germany;16
1950;Wrestling;Italy;16
1950;Wrestling;Japan;13
1950;Wrestling;India;12
1950;Wrestling;Egypt;12
1950;Wrestling;Iran;12
1950;Wrestling;France;12
1950;Wrestling;Belgium;10
1950;Wrestling;Argentina;8
1950;Wrestling;Bulgaria;8
1950;Wrestling;Norway;8
1950;Wrestling;Pakistan;8
1950;Wrestling;Romania;8
1950;Wrestling;South Africa;8
1950;Wrestling;UK;8
1950;Wrestling;Switzerland;6
1950;Wrestling;Austria;6
1950;Wrestling;Mexico;5
1950;Wrestling;Denmark;5
1950;Wrestling;Canada;5
1950;Wrestling;Poland;5
1950;Wrestling;Serbia;4
1950;Wrestling;Philippines;4
1950;Wrestling;Czech Republic;4
1950;Wrestling;Greece;4
1950;Wrestling;Lebanon;4
1950;Wrestling;Luxembourg;3
1950;Wrestling;Guatemala;3
1950;Wrestling;Venezuela;3
1950;Wrestling;South Korea;3
1950;Wrestling;Ireland;2
1950;Wrestling;New Zealand;1
1960;Athletics;Germany;252
1960;Athletics;USA;210
1960;Athletics;Russia;190
1960;Athletics;UK;158
1960;Athletics;Poland;88
1960;Athletics;France;88
1960;Athletics;Japan;88
1960;Athletics;Italy;81
1960;Athletics;Hungary;72
1960;Athletics;Australia;70
1960;Athletics;Sweden;53
1960;Athletics;Canada;51
1960;Athletics;Switzerland;50
1960;Athletics;Czech Republic;48
1960;Athletics;Finland;46
1960;Athletics;Mexico;35
1960;Athletics;Serbia;35
1960;Athletics;Nigeria;32
1960;Athletics;New Zealand;29
1960;Athletics;Belgium;29
1960;Athletics;Kenya;28
1960;Athletics;South Korea;27
1960;Athletics;Greece;27
1960;Athletics;Netherlands;26
1960;Athletics;India;25
1960;Athletics;Thailand;24
1960;Athletics;Jamaica;24
1960;Athletics;Spain;24
1960;Athletics;Bulgaria;23
1960;Athletics;Austria;23
1960;Athletics;Romania;22
1960;Athletics;Cuba;21
1960;Athletics;Pakistan;21
1960;Athletics;Malaysia;20
1960;Athletics;Ghana;20
1960;Athletics;Norway;19
1960;Athletics;Tunisia;18
1960;Athletics;Taiwan;17
1960;Athletics;Puerto Rico;17
1960;Athletics;Turkey;17
1960;Athletics;Denmark;17
1960;Athletics;Ireland;17
1960;Athletics;Senegal;16
1960;Athletics;Philippines;16
1960;Athletics;Trinidad;15
1960;Athletics;Morocco;14
1960;Athletics;Chile;14
1960;Athletics;Israel;14
1960;Athletics;Argentina;13
1960;Athletics;Iraq;13
1960;Athletics;Venezuela;13
1960;Athletics;Ethiopia;13
1960;Athletics;Uganda;12
1960;Athletics;Bahamas;11
1960;Athletics;El Salvador;10
1960;Athletics;Iran;10
1960;Athletics;Ivory Coast;9
1960;Athletics;Iceland;9
1960;Athletics;Dominican Republic;9
1960;Athletics;Zambia;8
1960;Athletics;Brazil;8
1960;Athletics;Tanzania;7
1960;Athletics;Nicaragua;7
1960;Athletics;Luxembourg;7
1960;Athletics;South Africa;7
1960;Athletics;Portugal;7
1960;Athletics;Colombia;6
1960;Athletics;Honduras;6
1960;Athletics;Panama;6
1960;Athletics;Peru;6
1960;Athletics;Liechtenstein;5
1960;Athletics;Madagascar;5
1960;Athletics;Guyana;5
1960;Athletics;Afghanistan;5
1960;Athletics;Zimbabwe;5
1960;Athletics;Guatemala;5
1960;Athletics;Uruguay;4
1960;Athletics;Myanmar;4
1960;Athletics;China;4
1960;Athletics;Liberia;4
1960;Athletics;Sudan;4
1960;Athletics;Mongolia;3
1960;Athletics;Vietnam;3
1960;Athletics;Mali;3
1960;Athletics;Sri Lanka;3
1960;Athletics;Fiji;3
1960;Athletics;Republic of Congo;2
1960;Athletics;Barbados;2
1960;Athletics;Bermuda;2
1960;Athletics;Cameroon;2
1960;Athletics;Belize;2
1960;Athletics;Chad;2
1960;Athletics;Nepal;2
1960;Athletics;Kuwait;2
1960;Athletics;Virgin Islands, US;2
1960;Athletics;Sierra Leone;2
1960;Athletics;Syria;2
1960;Athletics;Costa Rica;2
1960;Athletics;Indonesia;1
1960;Athletics;Suriname;1
1960;Athletics;Central African Republic;1
1960;Athletics;Kyrgyzstan;1
1960;Athletics;Ecuador;1
1960;Athletics;Lebanon;1
1960;Athletics;Libya;1
1960;Athletics;United Arab Emirates;1
1960;Basketball;USA;36
1960;Basketball;Russia;29
1960;Basketball;Poland;27
1960;Basketball;Bulgaria;25
1960;Basketball;Puerto Rico;24
1960;Basketball;Mexico;24
1960;Basketball;Serbia;24
1960;Basketball;Brazil;22
1960;Basketball;Philippines;22
1960;Basketball;Italy;22
1960;Basketball;Japan;22
1960;Basketball;Uruguay;20
1960;Basketball;Spain;20
1960;Basketball;South Korea;19
1960;Basketball;Hungary;18
1960;Basketball;Australia;12
1960;Basketball;Cuba;12
1960;Basketball;Czech Republic;12
1960;Basketball;Finland;12
1960;Basketball;France;12
1960;Basketball;Morocco;12
1960;Basketball;Panama;12
1960;Basketball;Peru;12
1960;Basketball;Senegal;12
1960;Basketball;Canada;11
1960;Basketball;Belarus;1
1960;Boxing;Germany;34
1960;Boxing;USA;31
1960;Boxing;Italy;31
1960;Boxing;UK;27
1960;Boxing;Argentina;26
1960;Boxing;Russia;25
1960;Boxing;South Korea;24
1960;Boxing;Australia;23
1960;Boxing;Poland;22
1960;Boxing;Ireland;20
1960;Boxing;Romania;20
1960;Boxing;Uganda;19
1960;Boxing;Bulgaria;19
1960;Boxing;Spain;18
1960;Boxing;Japan;18
1960;Boxing;Hungary;18
1960;Boxing;France;17
1960;Boxing;Ghana;17
1960;Boxing;Mexico;17
1960;Boxing;Cuba;15
1960;Boxing;Finland;15
1960;Boxing;Morocco;13
1960;Boxing;Egypt;12
1960;Boxing;Chile;12
1960;Boxing;Nigeria;12
1960;Boxing;Canada;12
1960;Boxing;Taiwan;11
1960;Boxing;Switzerland;10
1960;Boxing;Philippines;10
1960;Boxing;Denmark;10
1960;Boxing;Brazil;10
1960;Boxing;Thailand;10
1960;Boxing;Tunisia;9
1960;Boxing;Serbia;9
1960;Boxing;Czech Republic;9
1960;Boxing;Iran;8
1960;Boxing;Uruguay;8
1960;Boxing;Austria;8
1960;Boxing;South Africa;8
1960;Boxing;Puerto Rico;7
1960;Boxing;Kenya;7
1960;Boxing;Venezuela;7
1960;Boxing;Pakistan;7
1960;Boxing;Turkey;6
1960;Boxing;Ethiopia;6
1960;Boxing;Zambia;6
1960;Boxing;Netherlands;6
1960;Boxing;Myanmar;6
1960;Boxing;Luxembourg;5
1960;Boxing;Zimbabwe;5
1960;Boxing;Sri Lanka;5
1960;Boxing;Sudan;5
1960;Boxing;Jamaica;5
1960;Boxing;Greece;5
1960;Boxing;Cameroon;4
1960;Boxing;Belgium;4
1960;Boxing;Cambodia;4
1960;Boxing;Sweden;4
1960;Boxing;Nepal;4
1960;Boxing;Nicaragua;3
1960;Boxing;Indonesia;3
1960;Boxing;Ivory Coast;3
1960;Boxing;Syria;3
1960;Boxing;Guyana;3
1960;Boxing;Iraq;3
1960;Boxing;Norway;3
1960;Boxing;Dominican Republic;2
1960;Boxing;Ecuador;2
1960;Boxing;Costa Rica;2
1960;Boxing;China;2
1960;Boxing;Guatemala;2
1960;Boxing;Algeria;2
1960;Boxing;Malaysia;2
1960;Boxing;New Zealand;2
1960;Boxing;Niger;2
1960;Boxing;Peru;2
1960;Boxing;Tanzania;1
1960;Boxing;Sierra Leone;1
1960;Boxing;Panama;1
1960;Boxing;Mali;1
1960;Boxing;Colombia;1
1960;Boxing;Honduras;1
1960;Canoeing;Germany;38
1960;Canoeing;USA;34
1960;Canoeing;Russia;29
1960;Canoeing;Romania;26
1960;Canoeing;Hungary;22
1960;Canoeing;Canada;19
1960;Canoeing;Czech Republic;18
1960;Canoeing;UK;18
1960;Canoeing;Sweden;18
1960;Canoeing;Denmark;17
1960;Canoeing;Austria;17
1960;Canoeing;France;16
1960;Canoeing;Finland;16
1960;Canoeing;Italy;15
1960;Canoeing;Japan;14
1960;Canoeing;Australia;14
1960;Canoeing;Poland;14
1960;Canoeing;Mexico;12
1960;Canoeing;Netherlands;11
1960;Canoeing;Bulgaria;9
1960;Canoeing;Belgium;8
1960;Canoeing;Spain;7
1960;Canoeing;Serbia;6
1960;Canoeing;Norway;6
1960;Canoeing;Switzerland;4
1960;Canoeing;Luxembourg;3
1960;Canoeing;Ivory Coast;3
1960;Canoeing;Boliva;1
1960;Cycling;Germany;46
1960;Cycling;Italy;41
1960;Cycling;France;39
1960;Cycling;Belgium;38
1960;Cycling;UK;38
1960;Cycling;USA;36
1960;Cycling;Netherlands;32
1960;Cycling;Russia;30
1960;Cycling;Australia;30
1960;Cycling;Denmark;28
1960;Cycling;Mexico;27
1960;Cycling;Spain;22
1960;Cycling;Czech Republic;21
1960;Cycling;Argentina;21
1960;Cycling;Colombia;20
1960;Cycling;Japan;20
1960;Cycling;Switzerland;20
1960;Cycling;Poland;19
1960;Cycling;Hungary;18
1960;Cycling;Uruguay;16
1960;Cycling;South Korea;14
1960;Cycling;Thailand;13
1960;Cycling;Ethiopia;11
1960;Cycling;Trinidad;10
1960;Cycling;Sweden;10
1960;Cycling;New Zealand;10
1960;Cycling;Malaysia;10
1960;Cycling;Romania;9
1960;Cycling;Serbia;9
1960;Cycling;Luxembourg;9
1960;Cycling;Ireland;8
1960;Cycling;Vietnam;8
1960;Cycling;Austria;8
1960;Cycling;Canada;8
1960;Cycling;Taiwan;7
1960;Cycling;Finland;7
1960;Cycling;Norway;7
1960;Cycling;Philippines;7
1960;Cycling;Bulgaria;6
1960;Cycling;Cuba;6
1960;Cycling;San Marino;6
1960;Cycling;Pakistan;6
1960;Cycling;Cambodia;6
1960;Cycling;El Salvador;5
1960;Cycling;Costa Rica;5
1960;Cycling;Democratic Republic of the Congo;5
1960;Cycling;Venezuela;5
1960;Cycling;South Africa;5
1960;Cycling;India;5
1960;Cycling;Barbados;4
1960;Cycling;Portugal;4
1960;Cycling;Morocco;4
1960;Cycling;Guatemala;4
1960;Cycling;Mongolia;4
1960;Cycling;Iran;4
1960;Cycling;Tunisia;4
1960;Cycling;Indonesia;4
1960;Cycling;Ecuador;4
1960;Cycling;China;4
1960;Cycling;Iraq;3
1960;Cycling;Malta;3
1960;Cycling;Belize;2
1960;Cycling;Israel;2
1960;Cycling;Madagascar;1
1960;Cycling;Brazil;1
1960;Cycling;Liechtenstein;1
1960;Cycling;Peru;1
1960;Cycling;Puerto Rico;1
1960;Cycling;Sri Lanka;1
1960;Cycling;Lebanon;1
1960;Cycling;Guyana;1
1960;Diving;USA;24
1960;Diving;Germany;22
1960;Diving;Russia;20
1960;Diving;UK;16
1960;Diving;Japan;11
1960;Diving;Canada;9
1960;Diving;Mexico;9
1960;Diving;Italy;9
1960;Diving;Australia;6
1960;Diving;Sweden;5
1960;Diving;Denmark;5
1960;Diving;Austria;5
1960;Diving;Poland;5
1960;Diving;South Korea;5
1960;Diving;Zimbabwe;4
1960;Diving;France;4
1960;Diving;Colombia;4
1960;Diving;Netherlands;4
1960;Diving;Finland;3
1960;Diving;Syria;3
1960;Diving;Hungary;2
1960;Diving;Czech Republic;2
1960;Diving;Cuba;2
1960;Diving;Puerto Rico;2
1960;Diving;India;2
1960;Diving;Switzerland;1
1960;Diving;Brazil;1
1960;Diving;Egypt;1
1960;Diving;Iran;1
1960;Diving;Venezuela;1
1960;Diving;Argentina;1
1960;Equestrianism;Germany;28
1960;Equestrianism;Russia;21
1960;Equestrianism;UK;21
1960;Equestrianism;Argentina;21
1960;Equestrianism;USA;19
1960;Equestrianism;France;15
1960;Equestrianism;Ireland;14
1960;Equestrianism;Mexico;14
1960;Equestrianism;Japan;14
1960;Equestrianism;Sweden;13
1960;Equestrianism;Australia;12
1960;Equestrianism;Canada;12
1960;Equestrianism;Switzerland;12
1960;Equestrianism;Italy;11
1960;Equestrianism;Portugal;9
1960;Equestrianism;South Korea;9
1960;Equestrianism;Poland;8
1960;Equestrianism;Spain;8
1960;Equestrianism;Romania;7
1960;Equestrianism;Brazil;6
1960;Equestrianism;Bulgaria;5
1960;Equestrianism;Denmark;4
1960;Equestrianism;Hungary;4
1960;Equestrianism;Chile;4
1960;Equestrianism;Uruguay;3
1960;Equestrianism;Turkey;3
1960;Equestrianism;New Zealand;3
1960;Equestrianism;Egypt;2
1960;Equestrianism;Czech Republic;2
1960;Equestrianism;Belgium;2
1960;Equestrianism;Boliva;1
1960;Equestrianism;Austria;1
1960;Equestrianism;Syria;1
1960;Fencing;Hungary;44
1960;Fencing;USA;43
1960;Fencing;France;42
1960;Fencing;Germany;38
1960;Fencing;Russia;36
1960;Fencing;Italy;36
1960;Fencing;UK;35
1960;Fencing;Poland;34
1960;Fencing;Australia;28
1960;Fencing;Romania;23
1960;Fencing;Argentina;22
1960;Fencing;Mexico;20
1960;Fencing;Japan;19
1960;Fencing;Belgium;18
1960;Fencing;Cuba;16
1960;Fencing;Austria;15
1960;Fencing;Sweden;14
1960;Fencing;Portugal;13
1960;Fencing;Switzerland;13
1960;Fencing;Venezuela;11
1960;Fencing;Ireland;11
1960;Fencing;Spain;11
1960;Fencing;Luxembourg;10
1960;Fencing;Canada;8
1960;Fencing;Lebanon;8
1960;Fencing;Morocco;7
1960;Fencing;Finland;6
1960;Fencing;Egypt;6
1960;Fencing;Colombia;6
1960;Fencing;Netherlands;5
1960;Fencing;South Korea;5
1960;Fencing;Tunisia;4
1960;Fencing;Brazil;4
1960;Fencing;Indonesia;4
1960;Fencing;Iran;4
1960;Fencing;Chile;3
1960;Fencing;Norway;3
1960;Fencing;Uruguay;3
1960;Fencing;Curacao;3
1960;Fencing;Monaco;2
1960;Fencing;Israel;2
1960;Fencing;Serbia;2
1960;Fencing;Bulgaria;2
1960;Fencing;Vietnam;2
1960;Fencing;Puerto Rico;2
1960;Fencing;Zambia;1
1960;Fencing;Paraguay;1
1960;Fencing;New Zealand;1
1960;Fencing;Malaysia;1
1960;Fencing;Denmark;1
1960;Fencing;Peru;1
1960;Football;Hungary;47
1960;Football;Brazil;42
1960;Football;France;35
1960;Football;Czech Republic;35
1960;Football;Bulgaria;34
1960;Football;Serbia;31
1960;Football;Mexico;30
1960;Football;Ghana;28
1960;Football;Argentina;27
1960;Football;Germany;21
1960;Football;Egypt;20
1960;Football;Guatemala;19
1960;Football;Peru;19
1960;Football;Japan;19
1960;Football;Spain;18
1960;Football;El Salvador;18
1960;Football;Romania;18
1960;Football;Colombia;17
1960;Football;South Korea;17
1960;Football;Thailand;17
1960;Football;Iran;17
1960;Football;Israel;17
1960;Football;Italy;16
1960;Football;Nigeria;16
1960;Football;Guinea;15
1960;Football;UK;15
1960;Football;Turkey;14
1960;Football;Taiwan;13
1960;Football;Poland;13
1960;Football;Tunisia;13
1960;Football;Denmark;12
1960;Football;Morocco;12
1960;Football;India;12
1960;Football;Syria;8
1960;Gymnastics;Germany;39
1960;Gymnastics;USA;33
1960;Gymnastics;Russia;29
1960;Gymnastics;Poland;28
1960;Gymnastics;Bulgaria;27
1960;Gymnastics;Japan;27
1960;Gymnastics;Hungary;27
1960;Gymnastics;Czech Republic;26
1960;Gymnastics;France;22
1960;Gymnastics;Finland;19
1960;Gymnastics;Cuba;18
1960;Gymnastics;UK;18
1960;Gymnastics;Italy;18
1960;Gymnastics;Sweden;18
1960;Gymnastics;Switzerland;17
1960;Gymnastics;Serbia;16
1960;Gymnastics;Canada;16
1960;Gymnastics;Romania;14
1960;Gymnastics;Mexico;13
1960;Gymnastics;Australia;13
1960;Gymnastics;Spain;12
1960;Gymnastics;Austria;12
1960;Gymnastics;South Korea;11
1960;Gymnastics;Luxembourg;9
1960;Gymnastics;Taiwan;9
1960;Gymnastics;Norway;8
1960;Gymnastics;Belgium;7
1960;Gymnastics;India;6
1960;Gymnastics;Morocco;6
1960;Gymnastics;Netherlands;6
1960;Gymnastics;Portugal;5
1960;Gymnastics;Syria;5
1960;Gymnastics;Philippines;5
1960;Gymnastics;Mongolia;4
1960;Gymnastics;Egypt;3
1960;Gymnastics;Israel;3
1960;Gymnastics;Denmark;3
1960;Gymnastics;New Zealand;3
1960;Gymnastics;Ecuador;3
1960;Gymnastics;Argentina;2
1960;Gymnastics;Iran;2
1960;Gymnastics;Algeria;1
1960;Gymnastics;South Africa;1
1960;Gymnastics;Chile;1
1960;Gymnastics;Puerto Rico;1
1960;Hockey;Germany;52
1960;Hockey;UK;41
1960;Hockey;Netherlands;40
1960;Hockey;Pakistan;38
1960;Hockey;Japan;35
1960;Hockey;India;34
1960;Hockey;New Zealand;33
1960;Hockey;Belgium;33
1960;Hockey;France;32
1960;Hockey;Australia;28
1960;Hockey;Spain;28
1960;Hockey;Kenya;25
1960;Hockey;Malaysia;25
1960;Hockey;Argentina;18
1960;Hockey;Italy;18
1960;Hockey;Mexico;17
1960;Hockey;Switzerland;17
1960;Hockey;China;16
1960;Hockey;Zimbabwe;15
1960;Hockey;Canada;15
1960;Hockey;Poland;14
1960;Hockey;Denmark;12
1960;Judo;Japan;4
1960;Judo;Netherlands;4
1960;Judo;Philippines;4
1960;Judo;Australia;4
1960;Judo;USA;4
1960;Judo;UK;4
1960;Judo;France;4
1960;Judo;Germany;4
1960;Judo;Taiwan;4
1960;Judo;South Korea;4
1960;Judo;Russia;4
1960;Judo;Vietnam;3
1960;Judo;Argentina;3
1960;Judo;Austria;3
1960;Judo;Mexico;3
1960;Judo;Thailand;3
1960;Judo;Costa Rica;2
1960;Judo;Italy;2
1960;Judo;Switzerland;1
1960;Judo;Ireland;1
1960;Judo;Brazil;1
1960;Judo;Tunisia;1
1960;Judo;Canada;1
1960;Judo;Venezuela;1
1960;Judo;Portugal;1
1960;Judo;Panama;1
1960;Judo;Malaysia;1
1960;Modern Pentathlon;Germany;10
1960;Modern Pentathlon;Finland;8
1960;Modern Pentathlon;Sweden;8
1960;Modern Pentathlon;Austria;8
1960;Modern Pentathlon;Russia;8
1960;Modern Pentathlon;Mexico;8
1960;Modern Pentathlon;USA;7
1960;Modern Pentathlon;Italy;7
1960;Modern Pentathlon;Japan;7
1960;Modern Pentathlon;UK;7
1960;Modern Pentathlon;Hungary;6
1960;Modern Pentathlon;France;6
1960;Modern Pentathlon;Australia;5
1960;Modern Pentathlon;Switzerland;4
1960;Modern Pentathlon;Argentina;4
1960;Modern Pentathlon;Brazil;3
1960;Modern Pentathlon;Tunisia;3
1960;Modern Pentathlon;Poland;3
1960;Modern Pentathlon;Bulgaria;3
1960;Modern Pentathlon;Spain;2
1960;Modern Pentathlon;Morocco;2
1960;Modern Pentathlon;Denmark;2
1960;Modern Pentathlon;Belgium;1
1960;Modern Pentathlon;Canada;1
1960;Modern Pentathlon;South Africa;1
1960;Modern Pentathlon;South Korea;1
1960;Modern Pentathlon;Chile;1
1960;Modern Pentathlon;Czech Republic;1
1960;Rowing;Germany;93
1960;Rowing;USA;75
1960;Rowing;Russia;63
1960;Rowing;Japan;52
1960;Rowing;Australia;50
1960;Rowing;Italy;46
1960;Rowing;Netherlands;46
1960;Rowing;Czech Republic;44
1960;Rowing;UK;43
1960;Rowing;France;41
1960;Rowing;Canada;39
1960;Rowing;Denmark;38
1960;Rowing;Switzerland;35
1960;Rowing;Argentina;27
1960;Rowing;Romania;26
1960;Rowing;Mexico;25
1960;Rowing;New Zealand;24
1960;Rowing;Serbia;22
1960;Rowing;Spain;21
1960;Rowing;Poland;18
1960;Rowing;Egypt;17
1960;Rowing;Cuba;17
1960;Rowing;Finland;16
1960;Rowing;Hungary;15
1960;Rowing;Sweden;12
1960;Rowing;Austria;12
1960;Rowing;Uruguay;10
1960;Rowing;South Korea;9
1960;Rowing;Norway;7
1960;Rowing;Belgium;7
1960;Rowing;Brazil;6
1960;Rowing;Greece;6
1960;Rowing;Portugal;5
1960;Rowing;Bulgaria;5
1960;Rowing;South Africa;5
1960;Rowing;Syria;5
1960;Rowing;Peru;5
1960;Rowing;Bahrain;1
1960;Rowing;Swaziland;1
1960;Sailing;Germany;37
1960;Sailing;Sweden;33
1960;Sailing;Australia;30
1960;Sailing;USA;30
1960;Sailing;UK;29
1960;Sailing;Canada;28
1960;Sailing;Italy;28
1960;Sailing;Norway;25
1960;Sailing;France;23
1960;Sailing;Russia;22
1960;Sailing;Switzerland;21
1960;Sailing;Mexico;20
1960;Sailing;Denmark;19
1960;Sailing;Spain;18
1960;Sailing;Portugal;18
1960;Sailing;Japan;16
1960;Sailing;Netherlands;16
1960;Sailing;Argentina;16
1960;Sailing;Finland;14
1960;Sailing;Bermuda;14
1960;Sailing;Greece;14
1960;Sailing;Brazil;13
1960;Sailing;Bahamas;12
1960;Sailing;Austria;11
1960;Sailing;Hungary;9
1960;Sailing;Ireland;9
1960;Sailing;Indonesia;8
1960;Sailing;New Zealand;8
1960;Sailing;Venezuela;7
1960;Sailing;Puerto Rico;6
1960;Sailing;Jamaica;6
1960;Sailing;China;6
1960;Sailing;Belgium;6
1960;Sailing;Serbia;5
1960;Sailing;Thailand;5
1960;Sailing;Philippines;5
1960;Sailing;Zimbabwe;4
1960;Sailing;Uruguay;4
1960;Sailing;Trinidad;4
1960;Sailing;Turkey;4
1960;Sailing;Kenya;4
1960;Sailing;El Salvador;3
1960;Sailing;Poland;3
1960;Sailing;Monaco;3
1960;Sailing;Virgin Islands, US;3
1960;Sailing;South Africa;3
1960;Sailing;Cambodia;3
1960;Sailing;Malta;3
1960;Sailing;Taiwan;3
1960;Sailing;Lebanon;3
1960;Sailing;Myanmar;3
1960;Sailing;Cuba;2
1960;Sailing;Kyrgyzstan;1
1960;Sailing;Czech Republic;1
1960;Sailing;Sri Lanka;1
1960;Sailing;Morocco;1
1960;Shooting;Germany;36
1960;Shooting;Russia;27
1960;Shooting;USA;26
1960;Shooting;UK;23
1960;Shooting;Hungary;23
1960;Shooting;Spain;22
1960;Shooting;Switzerland;21
1960;Shooting;Thailand;21
1960;Shooting;Mexico;20
1960;Shooting;Romania;20
1960;Shooting;Finland;19
1960;Shooting;Japan;19
1960;Shooting;Sweden;19
1960;Shooting;Canada;19
1960;Shooting;Poland;18
1960;Shooting;Peru;17
1960;Shooting;Czech Republic;17
1960;Shooting;France;16
1960;Shooting;Italy;16
1960;Shooting;Philippines;15
1960;Shooting;Argentina;15
1960;Shooting;South Korea;14
1960;Shooting;Puerto Rico;14
1960;Shooting;Australia;13
1960;Shooting;Greece;13
1960;Shooting;Portugal;12
1960;Shooting;Taiwan;12
1960;Shooting;Venezuela;12
1960;Shooting;Norway;11
1960;Shooting;Denmark;10
1960;Shooting;Austria;10
1960;Shooting;Kenya;9
1960;Shooting;Malaysia;9
1960;Shooting;Guatemala;9
1960;Shooting;Pakistan;9
1960;Shooting;Serbia;8
1960;Shooting;Bulgaria;8
1960;Shooting;Cuba;8
1960;Shooting;El Salvador;8
1960;Shooting;Chile;7
1960;Shooting;Israel;7
1960;Shooting;Monaco;7
1960;Shooting;Egypt;7
1960;Shooting;China;7
1960;Shooting;Lebanon;6
1960;Shooting;India;6
1960;Shooting;San Marino;5
1960;Shooting;Belgium;5
1960;Shooting;Costa Rica;5
1960;Shooting;Luxembourg;5
1960;Shooting;South Africa;5
1960;Shooting;Mongolia;5
1960;Shooting;Brazil;5
1960;Shooting;Morocco;4
1960;Shooting;Colombia;4
1960;Shooting;Iran;4
1960;Shooting;Zimbabwe;3
1960;Shooting;Dominican Republic;3
1960;Shooting;Ireland;3
1960;Shooting;Sudan;3
1960;Shooting;Syria;3
1960;Shooting;Trinidad;3
1960;Shooting;Turkey;3
1960;Shooting;Uruguay;3
1960;Shooting;Vietnam;3
1960;Shooting;Malta;2
1960;Shooting;Belize;2
1960;Shooting;Boliva;2
1960;Shooting;Myanmar;2
1960;Shooting;Tunisia;2
1960;Shooting;Sri Lanka;2
1960;Shooting;New Zealand;2
1960;Shooting;Liechtenstein;2
1960;Shooting;Jamaica;1
1960;Shooting;Indonesia;1
1960;Shooting;Barbados;1
1960;Shooting;Netherlands;1
1960;Swimming;USA;120
1960;Swimming;Germany;93
1960;Swimming;Australia;74
1960;Swimming;Japan;69
1960;Swimming;UK;65
1960;Swimming;Russia;64
1960;Swimming;Netherlands;48
1960;Swimming;Hungary;45
1960;Swimming;Italy;41
1960;Swimming;Mexico;40
1960;Swimming;Sweden;38
1960;Swimming;France;38
1960;Swimming;Canada;30
1960;Swimming;Spain;28
1960;Swimming;Serbia;16
1960;Swimming;Austria;16
1960;Swimming;Philippines;16
1960;Swimming;El Salvador;14
1960;Swimming;Puerto Rico;14
1960;Swimming;Switzerland;14
1960;Swimming;Argentina;14
1960;Swimming;Finland;13
1960;Swimming;Brazil;12
1960;Swimming;Malaysia;9
1960;Swimming;Colombia;9
1960;Swimming;Israel;9
1960;Swimming;Poland;9
1960;Swimming;Peru;8
1960;Swimming;Belgium;8
1960;Swimming;Portugal;7
1960;Swimming;Czech Republic;7
1960;Swimming;Denmark;7
1960;Swimming;South Korea;6
1960;Swimming;China;6
1960;Swimming;Luxembourg;6
1960;Swimming;Vietnam;6
1960;Swimming;New Zealand;6
1960;Swimming;Zimbabwe;6
1960;Swimming;Uruguay;5
1960;Swimming;Taiwan;5
1960;Swimming;Iceland;5
1960;Swimming;Romania;4
1960;Swimming;Cuba;4
1960;Swimming;Ireland;4
1960;Swimming;Bulgaria;3
1960;Swimming;Ecuador;3
1960;Swimming;South Africa;3
1960;Swimming;Guatemala;3
1960;Swimming;Zambia;2
1960;Swimming;Indonesia;2
1960;Swimming;Malta;2
1960;Swimming;Greece;2
1960;Swimming;Thailand;2
1960;Swimming;Turkey;2
1960;Swimming;Venezuela;2
1960;Swimming;Trinidad;1
1960;Swimming;Jamaica;1
1960;Swimming;Norway;1
1960;Swimming;Myanmar;1
1960;Swimming;Barbados;1
1960;Swimming;Iran;1
1960;Swimming;Sri Lanka;1
1960;Swimming;Costa Rica;1
1960;Swimming;Lebanon;1
1960;Volleyball;USA;41
1960;Volleyball;Japan;40
1960;Volleyball;Russia;39
1960;Volleyball;South Korea;36
1960;Volleyball;Czech Republic;33
1960;Volleyball;Poland;28
1960;Volleyball;Mexico;26
1960;Volleyball;Bulgaria;22
1960;Volleyball;Romania;21
1960;Volleyball;Brazil;17
1960;Volleyball;Hungary;12
1960;Volleyball;Germany;12
1960;Volleyball;Netherlands;12
1960;Volleyball;Belgium;12
1960;Volleyball;Peru;9
1960;Water Polo;Germany;36
1960;Water Polo;Russia;26
1960;Water Polo;USA;25
1960;Water Polo;Netherlands;23
1960;Water Polo;Hungary;23
1960;Water Polo;Brazil;23
1960;Water Polo;Italy;21
1960;Water Polo;Japan;20
1960;Water Polo;Serbia;20
1960;Water Polo;Egypt;20
1960;Water Polo;Australia;18
1960;Water Polo;Romania;12
1960;Water Polo;Mexico;11
1960;Water Polo;Cuba;11
1960;Water Polo;France;11
1960;Water Polo;Belgium;11
1960;Water Polo;Greece;11
1960;Water Polo;Spain;11
1960;Water Polo;South Africa;9
1960;Water Polo;Argentina;7
1960;Water Polo;Syria;5
1960;Water Polo;New Zealand;1
1960;Weightlifting;Germany;20
1960;Weightlifting;USA;19
1960;Weightlifting;Russia;17
1960;Weightlifting;Bulgaria;15
1960;Weightlifting;Australia;14
1960;Weightlifting;Japan;14
1960;Weightlifting;Poland;14
1960;Weightlifting;UK;14
1960;Weightlifting;South Korea;13
1960;Weightlifting;Hungary;13
1960;Weightlifting;Iran;12
1960;Weightlifting;Taiwan;11
1960;Weightlifting;Italy;10
1960;Weightlifting;France;10
1960;Weightlifting;Iraq;10
1960;Weightlifting;Egypt;9
1960;Weightlifting;Canada;9
1960;Weightlifting;Malaysia;8
1960;Weightlifting;Austria;7
1960;Weightlifting;Cuba;7
1960;Weightlifting;Czech Republic;7
1960;Weightlifting;Finland;6
1960;Weightlifting;Curacao;6
1960;Weightlifting;Philippines;6
1960;Weightlifting;Puerto Rico;6
1960;Weightlifting;Sweden;6
1960;Weightlifting;Myanmar;5
1960;Weightlifting;Indonesia;5
1960;Weightlifting;Switzerland;4
1960;Weightlifting;Thailand;4
1960;Weightlifting;Belgium;4
1960;Weightlifting;Morocco;4
1960;Weightlifting;Mexico;3
1960;Weightlifting;South Africa;3
1960;Weightlifting;Colombia;3
1960;Weightlifting;Costa Rica;3
1960;Weightlifting;Greece;3
1960;Weightlifting;Lebanon;3
1960;Weightlifting;Panama;3
1960;Weightlifting;Argentina;3
1960;Weightlifting;Trinidad;3
1960;Weightlifting;Pakistan;2
1960;Weightlifting;Guyana;2
1960;Weightlifting;Romania;2
1960;Weightlifting;El Salvador;2
1960;Weightlifting;Spain;2
1960;Weightlifting;Sudan;2
1960;Weightlifting;Dominican Republic;2
1960;Weightlifting;Brazil;2
1960;Weightlifting;Luxembourg;2
1960;Weightlifting;Israel;2
1960;Weightlifting;Ireland;2
1960;Weightlifting;India;2
1960;Weightlifting;New Zealand;2
1960;Weightlifting;Syria;2
1960;Weightlifting;Venezuela;2
1960;Weightlifting;Norway;2
1960;Weightlifting;Jamaica;1
1960;Weightlifting;Nicaragua;1
1960;Weightlifting;Guatemala;1
1960;Weightlifting;Slovakia;1
1960;Weightlifting;Belize;1
1960;Weightlifting;Peru;1
1960;Weightlifting;Iceland;1
1960;Weightlifting;Haiti;1
1960;Weightlifting;Virgin Islands, US;1
1960;Weightlifting;Turkey;1
1960;Weightlifting;Monaco;1
1960;Weightlifting;Portugal;1
1960;Weightlifting;Barbados;1
1960;Weightlifting;Netherlands;1
1960;Wrestling;USA;41
1960;Wrestling;Russia;40
1960;Wrestling;Japan;39
1960;Wrestling;Bulgaria;37
1960;Wrestling;Turkey;34
1960;Wrestling;Germany;34
1960;Wrestling;Iran;27
1960;Wrestling;Finland;26
1960;Wrestling;Hungary;25
1960;Wrestling;Poland;24
1960;Wrestling;South Korea;23
1960;Wrestling;Italy;22
1960;Wrestling;Sweden;22
1960;Wrestling;Romania;21
1960;Wrestling;Afghanistan;18
1960;Wrestling;Australia;18
1960;Wrestling;Switzerland;18
1960;Wrestling;Mexico;17
1960;Wrestling;Pakistan;15
1960;Wrestling;India;14
1960;Wrestling;Canada;14
1960;Wrestling;Serbia;13
1960;Wrestling;France;13
1960;Wrestling;UK;13
1960;Wrestling;Greece;11
1960;Wrestling;Mongolia;10
1960;Wrestling;Austria;9
1960;Wrestling;Czech Republic;9
1960;Wrestling;Denmark;8
1960;Wrestling;Lebanon;8
1960;Wrestling;Egypt;8
1960;Wrestling;Morocco;7
1960;Wrestling;Belgium;7
1960;Wrestling;Portugal;7
1960;Wrestling;Norway;6
1960;Wrestling;Philippines;6
1960;Wrestling;Argentina;6
1960;Wrestling;Guatemala;5
1960;Wrestling;Panama;5
1960;Wrestling;South Africa;5
1960;Wrestling;Cuba;4
1960;Wrestling;Luxembourg;4
1960;Wrestling;Spain;4
1960;Wrestling;Syria;4
1960;Wrestling;Ireland;4
1960;Wrestling;Netherlands;3
1960;Wrestling;New Zealand;3
1960;Wrestling;Bahamas;2
1960;Wrestling;Zambia;2
1960;Wrestling;Venezuela;2
1960;Wrestling;Iraq;2
1960;Wrestling;Dominican Republic;2
1960;Wrestling;Malaysia;2
1960;Wrestling;Ecuador;2
1960;Wrestling;Sri Lanka;1
1960;Wrestling;San Marino;1
1970;Archery;Canada;10
1970;Archery;UK;10
1970;Archery;Russia;9
1970;Archery;USA;9
1970;Archery;Japan;8
1970;Archery;Germany;7
1970;Archery;France;7
1970;Archery;Mongolia;6
1970;Archery;Mexico;6
1970;Archery;Australia;6
1970;Archery;Poland;6
1970;Archery;Sweden;6
1970;Archery;North Korea;5
1970;Archery;Italy;5
1970;Archery;Finland;4
1970;Archery;Denmark;4
1970;Archery;Switzerland;4
1970;Archery;Hungary;4
1970;Archery;Norway;4
1970;Archery;Belgium;4
1970;Archery;Puerto Rico;3
1970;Archery;Thailand;3
1970;Archery;Philippines;3
1970;Archery;Indonesia;3
1970;Archery;Luxembourg;2
1970;Archery;Spain;2
1970;Archery;Costa Rica;2
1970;Archery;Serbia;1
1970;Archery;Ireland;1
1970;Archery;Taiwan;1
1970;Archery;Austria;1
1970;Archery;New Zealand;1
1970;Athletics;Germany;221
1970;Athletics;USA;164
1970;Athletics;Russia;122
1970;Athletics;UK;111
1970;Athletics;Canada;75
1970;Athletics;France;74
1970;Athletics;Poland;64
1970;Athletics;Italy;62
1970;Athletics;Finland;51
1970;Athletics;Hungary;47
1970;Athletics;Australia;46
1970;Athletics;Sweden;38
1970;Athletics;Cuba;37
1970;Athletics;Czech Republic;35
1970;Athletics;Bulgaria;35
1970;Athletics;Belgium;33
1970;Athletics;Switzerland;32
1970;Athletics;Japan;30
1970;Athletics;Jamaica;26
1970;Athletics;Romania;25
1970;Athletics;Serbia;24
1970;Athletics;New Zealand;23
1970;Athletics;Spain;23
1970;Athletics;Saudi Arabia;23
1970;Athletics;Kenya;22
1970;Athletics;Greece;20
1970;Athletics;Norway;20
1970;Athletics;Ethiopia;20
1970;Athletics;Nigeria;19
1970;Athletics;Mexico;18
1970;Athletics;Austria;17
1970;Athletics;Haiti;17
1970;Athletics;Senegal;17
1970;Athletics;Trinidad;17
1970;Athletics;Ireland;16
1970;Athletics;Puerto Rico;15
1970;Athletics;Denmark;14
1970;Athletics;Barbados;14
1970;Athletics;Bahamas;13
1970;Athletics;Ghana;13
1970;Athletics;Colombia;12
1970;Athletics;India;12
1970;Athletics;Ivory Coast;12
1970;Athletics;Argentina;11
1970;Athletics;Netherlands;11
1970;Athletics;Malawi;11
1970;Athletics;Venezuela;10
1970;Athletics;Iceland;10
1970;Athletics;Malaysia;10
1970;Athletics;Portugal;9
1970;Athletics;Brazil;9
1970;Athletics;Nicaragua;9
1970;Athletics;Kuwait;8
1970;Athletics;Morocco;8
1970;Athletics;Uganda;8
1970;Athletics;Bermuda;8
1970;Athletics;Antigua;8
1970;Athletics;Philippines;7
1970;Athletics;Madagascar;7
1970;Athletics;Zambia;7
1970;Athletics;Tanzania;7
1970;Athletics;Taiwan;7
1970;Athletics;Thailand;6
1970;Athletics;Sudan;6
1970;Athletics;Republic of Congo;6
1970;Athletics;Iran;6
1970;Athletics;Boliva;5
1970;Athletics;Liberia;5
1970;Athletics;Pakistan;5
1970;Athletics;Turkey;5
1970;Athletics;Cameroon;4
1970;Athletics;Algeria;4
1970;Athletics;Fiji;4
1970;Athletics;North Korea;4
1970;Athletics;Tunisia;4
1970;Athletics;Virgin Islands, US;4
1970;Athletics;Luxembourg;4
1970;Athletics;Cambodia;4
1970;Athletics;Chad;3
1970;Athletics;Honduras;3
1970;Athletics;Liechtenstein;3
1970;Athletics;Guatemala;3
1970;Athletics;Lebanon;3
1970;Athletics;Nepal;3
1970;Athletics;Papua New Guinea;3
1970;Athletics;Paraguay;3
1970;Athletics;Peru;3
1970;Athletics;Somalia;3
1970;Athletics;Sri Lanka;3
1970;Athletics;Uruguay;3
1970;Athletics;Togo;2
1970;Athletics;Suriname;2
1970;Athletics;Curacao;2
1970;Athletics;Belize;2
1970;Athletics;South Korea;2
1970;Athletics;Chile;2
1970;Athletics;Israel;2
1970;Athletics;Dominican Republic;2
1970;Athletics;San Marino;2
1970;Athletics;Panama;2
1970;Athletics;Myanmar;2
1970;Athletics;Kazakhstan;1
1970;Athletics;Burkina Faso;1
1970;Athletics;Latvia;1
1970;Athletics;Indonesia;1
1970;Athletics;Costa Rica;1
1970;Athletics;Slovenia;1
1970;Athletics;Cyprus;1
1970;Athletics;Egypt;1
1970;Athletics;Swaziland;1
1970;Athletics;Lesotho;1
1970;Athletics;Mali;1
1970;Athletics;Syria;1
1970;Athletics;Kyrgyzstan;1
1970;Athletics;Mongolia;1
1970;Athletics;Benin;1
1970;Basketball;USA;36
1970;Basketball;Japan;32
1970;Basketball;Russia;31
1970;Basketball;Czech Republic;31
1970;Basketball;Canada;24
1970;Basketball;Australia;20
1970;Basketball;Serbia;20
1970;Basketball;Cuba;16
1970;Basketball;Italy;16
1970;Basketball;Puerto Rico;16
1970;Basketball;Egypt;15
1970;Basketball;Bulgaria;12
1970;Basketball;Germany;12
1970;Basketball;Mexico;12
1970;Basketball;Philippines;12
1970;Basketball;Poland;12
1970;Basketball;Senegal;12
1970;Basketball;Spain;12
1970;Basketball;Brazil;11
1970;Basketball;UK;1
1970;Basketball;Colombia;1
1970;Boxing;Germany;25
1970;Boxing;Russia;22
1970;Boxing;USA;21
1970;Boxing;Poland;20
1970;Boxing;Cuba;18
1970;Boxing;Romania;18
1970;Boxing;Hungary;17
1970;Boxing;Puerto Rico;16
1970;Boxing;UK;16
1970;Boxing;Bulgaria;16
1970;Boxing;Venezuela;15
1970;Boxing;Italy;14
1970;Boxing;Canada;13
1970;Boxing;South Korea;12
1970;Boxing;Mongolia;12
1970;Boxing;Thailand;12
1970;Boxing;Colombia;12
1970;Boxing;Ireland;11
1970;Boxing;Mexico;11
1970;Boxing;France;11
1970;Boxing;Iran;11
1970;Boxing;Japan;11
1970;Boxing;Serbia;10
1970;Boxing;Uganda;10
1970;Boxing;Turkey;9
1970;Boxing;Finland;9
1970;Boxing;Kenya;8
1970;Boxing;Morocco;8
1970;Boxing;Egypt;8
1970;Boxing;Argentina;8
1970;Boxing;Tanzania;8
1970;Boxing;Philippines;7
1970;Boxing;Spain;7
1970;Boxing;Greece;7
1970;Boxing;Australia;7
1970;Boxing;Ethiopia;6
1970;Boxing;Dominican Republic;6
1970;Boxing;Ghana;6
1970;Boxing;Nigeria;6
1970;Boxing;Brazil;6
1970;Boxing;Tunisia;5
1970;Boxing;Sudan;5
1970;Boxing;India;5
1970;Boxing;Denmark;5
1970;Boxing;North Korea;5
1970;Boxing;Senegal;5
1970;Boxing;Pakistan;5
1970;Boxing;Zambia;4
1970;Boxing;Indonesia;4
1970;Boxing;Jamaica;4
1970;Boxing;New Zealand;4
1970;Boxing;Niger;4
1970;Boxing;Norway;4
1970;Boxing;Sweden;4
1970;Boxing;Virgin Islands, US;3
1970;Boxing;Myanmar;3
1970;Boxing;Cameroon;3
1970;Boxing;Switzerland;3
1970;Boxing;Bermuda;3
1970;Boxing;Malawi;3
1970;Boxing;Haiti;3
1970;Boxing;Austria;3
1970;Boxing;Chile;3
1970;Boxing;Nicaragua;3
1970;Boxing;Panama;2
1970;Boxing;Papua New Guinea;2
1970;Boxing;Peru;2
1970;Boxing;Bahamas;2
1970;Boxing;Netherlands;2
1970;Boxing;Uruguay;2
1970;Boxing;Benin;2
1970;Boxing;Guyana;2
1970;Boxing;Czech Republic;2
1970;Boxing;Togo;2
1970;Boxing;Ecuador;1
1970;Boxing;Cambodia;1
1970;Boxing;Algeria;1
1970;Boxing;Taiwan;1
1970;Boxing;Chad;1
1970;Boxing;Andorra;1
1970;Boxing;Lebanon;1
1970;Boxing;Belgium;1
1970;Boxing;Gabon;1
1970;Canoeing;Germany;74
1970;Canoeing;USA;36
1970;Canoeing;Poland;33
1970;Canoeing;Czech Republic;31
1970;Canoeing;UK;28
1970;Canoeing;Russia;27
1970;Canoeing;France;25
1970;Canoeing;Canada;23
1970;Canoeing;Romania;21
1970;Canoeing;Italy;20
1970;Canoeing;Hungary;20
1970;Canoeing;Sweden;17
1970;Canoeing;Bulgaria;16
1970;Canoeing;Belgium;15
1970;Canoeing;Serbia;14
1970;Canoeing;Norway;13
1970;Canoeing;Austria;13
1970;Canoeing;Australia;13
1970;Canoeing;Spain;9
1970;Canoeing;Finland;8
1970;Canoeing;Mexico;8
1970;Canoeing;Japan;6
1970;Canoeing;China;6
1970;Canoeing;Denmark;6
1970;Canoeing;Ireland;6
1970;Canoeing;Switzerland;6
1970;Canoeing;Ivory Coast;5
1970;Canoeing;Netherlands;5
1970;Canoeing;New Zealand;5
1970;Canoeing;Cuba;2
1970;Cycling;Germany;42
1970;Cycling;Italy;27
1970;Cycling;France;27
1970;Cycling;Russia;25
1970;Cycling;USA;24
1970;Cycling;Australia;22
1970;Cycling;Netherlands;22
1970;Cycling;Belgium;21
1970;Cycling;Czech Republic;21
1970;Cycling;Denmark;20
1970;Cycling;UK;20
1970;Cycling;Colombia;20
1970;Cycling;Poland;18
1970;Cycling;Switzerland;16
1970;Cycling;Canada;15
1970;Cycling;Norway;12
1970;Cycling;Argentina;12
1970;Cycling;Spain;12
1970;Cycling;Thailand;11
1970;Cycling;Mexico;11
1970;Cycling;New Zealand;11
1970;Cycling;Uruguay;10
1970;Cycling;Cuba;9
1970;Cycling;Iran;9
1970;Cycling;Bulgaria;9
1970;Cycling;Jamaica;8
1970;Cycling;Sweden;7
1970;Cycling;Trinidad;7
1970;Cycling;Japan;7
1970;Cycling;Serbia;7
1970;Cycling;Austria;7
1970;Cycling;Turkey;6
1970;Cycling;Finland;6
1970;Cycling;Ireland;6
1970;Cycling;Cameroon;6
1970;Cycling;Venezuela;6
1970;Cycling;Hungary;5
1970;Cycling;Malaysia;5
1970;Cycling;Peru;5
1970;Cycling;Ethiopia;5
1970;Cycling;Nicaragua;4
1970;Cycling;Malta;4
1970;Cycling;Barbados;4
1970;Cycling;China;4
1970;Cycling;Luxembourg;3
1970;Cycling;Togo;3
1970;Cycling;Bahamas;2
1970;Cycling;Antigua;2
1970;Cycling;Chile;2
1970;Cycling;Brazil;2
1970;Cycling;Malawi;2
1970;Cycling;Liechtenstein;1
1970;Cycling;Taiwan;1
1970;Cycling;Philippines;1
1970;Cycling;Romania;1
1970;Cycling;Guyana;1
1970;Cycling;Boliva;1
1970;Cycling;San Marino;1
1970;Cycling;Costa Rica;1
1970;Cycling;Greece;1
1970;Cycling;Lebanon;1
1970;Diving;Germany;23
1970;Diving;USA;17
1970;Diving;Russia;17
1970;Diving;Canada;14
1970;Diving;UK;11
1970;Diving;Mexico;7
1970;Diving;Australia;6
1970;Diving;Japan;6
1970;Diving;Austria;5
1970;Diving;Italy;4
1970;Diving;France;4
1970;Diving;Sweden;3
1970;Diving;Poland;3
1970;Diving;Romania;3
1970;Diving;Spain;3
1970;Diving;Finland;2
1970;Diving;Colombia;2
1970;Diving;Netherlands;2
1970;Diving;Turkey;2
1970;Diving;Venezuela;2
1970;Diving;Puerto Rico;1
1970;Diving;Kuwait;1
1970;Diving;Jamaica;1
1970;Diving;Indonesia;1
1970;Diving;Ecuador;1
1970;Diving;Switzerland;1
1970;Diving;Thailand;1
1970;Diving;Czech Republic;1
1970;Diving;Brazil;1
1970;Diving;Norway;1
1970;Diving;New Zealand;1
1970;Equestrianism;Germany;30
1970;Equestrianism;UK;20
1970;Equestrianism;USA;19
1970;Equestrianism;Russia;16
1970;Equestrianism;France;16
1970;Equestrianism;Canada;15
1970;Equestrianism;Argentina;14
1970;Equestrianism;Mexico;14
1970;Equestrianism;Netherlands;14
1970;Equestrianism;Switzerland;14
1970;Equestrianism;Italy;12
1970;Equestrianism;Japan;10
1970;Equestrianism;Australia;10
1970;Equestrianism;Hungary;9
1970;Equestrianism;Poland;8
1970;Equestrianism;Austria;7
1970;Equestrianism;Ireland;7
1970;Equestrianism;Sweden;6
1970;Equestrianism;Spain;6
1970;Equestrianism;Belgium;6
1970;Equestrianism;Denmark;5
1970;Equestrianism;Bulgaria;4
1970;Equestrianism;Brazil;3
1970;Equestrianism;Guatemala;3
1970;Equestrianism;Portugal;3
1970;Equestrianism;Chile;3
1970;Equestrianism;New Zealand;1
1970;Equestrianism;Boliva;1
1970;Equestrianism;Puerto Rico;1
1970;Fencing;Germany;35
1970;Fencing;USA;32
1970;Fencing;Romania;31
1970;Fencing;Russia;31
1970;Fencing;Italy;30
1970;Fencing;Poland;30
1970;Fencing;Hungary;30
1970;Fencing;France;27
1970;Fencing;UK;27
1970;Fencing;Cuba;21
1970;Fencing;Canada;18
1970;Fencing;Austria;15
1970;Fencing;Switzerland;15
1970;Fencing;Iran;14
1970;Fencing;Japan;13
1970;Fencing;Sweden;10
1970;Fencing;Argentina;9
1970;Fencing;Bulgaria;9
1970;Fencing;Norway;8
1970;Fencing;Luxembourg;6
1970;Fencing;Denmark;6
1970;Fencing;Mexico;6
1970;Fencing;Puerto Rico;6
1970;Fencing;Australia;5
1970;Fencing;China;5
1970;Fencing;Thailand;5
1970;Fencing;Lebanon;4
1970;Fencing;Belgium;4
1970;Fencing;Turkey;4
1970;Fencing;Finland;4
1970;Fencing;Kuwait;4
1970;Fencing;Czech Republic;3
1970;Fencing;Israel;3
1970;Fencing;Greece;3
1970;Fencing;Paraguay;1
1970;Fencing;Monaco;1
1970;Fencing;Netherlands;1
1970;Fencing;Ireland;1
1970;Fencing;Peru;1
1970;Fencing;Chile;1
1970;Fencing;Brazil;1
1970;Football;Germany;47
1970;Football;Mexico;35
1970;Football;Brazil;34
1970;Football;Russia;31
1970;Football;Iran;30
1970;Football;Poland;27
1970;Football;Hungary;21
1970;Football;USA;19
1970;Football;Morocco;18
1970;Football;Colombia;17
1970;Football;Guatemala;17
1970;Football;Spain;16
1970;Football;Denmark;16
1970;Football;Ghana;16
1970;Football;North Korea;16
1970;Football;Malaysia;15
1970;Football;France;15
1970;Football;Israel;15
1970;Football;Canada;14
1970;Football;Myanmar;14
1970;Football;Sudan;14
1970;Football;Cuba;13
1970;Football;South Korea;1
1970;Gymnastics;Germany;42
1970;Gymnastics;Bulgaria;25
1970;Gymnastics;Czech Republic;22
1970;Gymnastics;USA;22
1970;Gymnastics;Romania;21
1970;Gymnastics;Russia;20
1970;Gymnastics;Hungary;20
1970;Gymnastics;Japan;20
1970;Gymnastics;France;19
1970;Gymnastics;Italy;19
1970;Gymnastics;Poland;17
1970;Gymnastics;Switzerland;15
1970;Gymnastics;Canada;15
1970;Gymnastics;UK;14
1970;Gymnastics;Serbia;12
1970;Gymnastics;Netherlands;10
1970;Gymnastics;Spain;10
1970;Gymnastics;Mexico;8
1970;Gymnastics;Cuba;7
1970;Gymnastics;Norway;7
1970;Gymnastics;North Korea;6
1970;Gymnastics;Australia;5
1970;Gymnastics;Belgium;2
1970;Gymnastics;New Zealand;2
1970;Gymnastics;Liechtenstein;1
1970;Gymnastics;Sweden;1
1970;Gymnastics;Finland;1
1970;Gymnastics;Denmark;1
1970;Gymnastics;Israel;1
1970;Handball;Germany;60
1970;Handball;Hungary;46
1970;Handball;Russia;36
1970;Handball;Romania;33
1970;Handball;Japan;32
1970;Handball;Canada;28
1970;Handball;Denmark;26
1970;Handball;Czech Republic;25
1970;Handball;Tunisia;23
1970;Handball;USA;22
1970;Handball;Poland;22
1970;Handball;Serbia;21
1970;Handball;Iceland;16
1970;Handball;Sweden;16
1970;Handball;Norway;16
1970;Handball;Spain;15
1970;Hockey;India;30
1970;Hockey;Pakistan;26
1970;Hockey;Belgium;26
1970;Hockey;Netherlands;26
1970;Hockey;Argentina;25
1970;Hockey;Australia;25
1970;Hockey;Germany;24
1970;Hockey;Malaysia;24
1970;Hockey;Spain;23
1970;Hockey;New Zealand;21
1970;Hockey;Poland;18
1970;Hockey;Kenya;18
1970;Hockey;France;17
1970;Hockey;UK;17
1970;Hockey;Uganda;17
1970;Hockey;Mexico;17
1970;Hockey;Canada;16
1970;Judo;Germany;16
1970;Judo;Japan;12
1970;Judo;Russia;11
1970;Judo;Canada;10
1970;Judo;USA;10
1970;Judo;Senegal;10
1970;Judo;Mongolia;9
1970;Judo;Switzerland;9
1970;Judo;South Korea;9
1970;Judo;France;8
1970;Judo;Puerto Rico;8
1970;Judo;UK;8
1970;Judo;Australia;8
1970;Judo;Austria;8
1970;Judo;Hungary;8
1970;Judo;Poland;7
1970;Judo;Serbia;6
1970;Judo;Belgium;6
1970;Judo;Brazil;5
1970;Judo;Italy;5
1970;Judo;Bulgaria;5
1970;Judo;Ireland;5
1970;Judo;Madagascar;4
1970;Judo;Taiwan;4
1970;Judo;Mexico;4
1970;Judo;North Korea;4
1970;Judo;Kuwait;4
1970;Judo;Liechtenstein;4
1970;Judo;Argentina;3
1970;Judo;Cuba;3
1970;Judo;Czech Republic;3
1970;Judo;Lebanon;3
1970;Judo;Morocco;3
1970;Judo;Netherlands;3
1970;Judo;Philippines;3
1970;Judo;Portugal;3
1970;Judo;Spain;3
1970;Judo;Turkey;3
1970;Judo;Thailand;2
1970;Judo;Nicaragua;2
1970;Judo;Iceland;2
1970;Judo;Venezuela;2
1970;Judo;Finland;2
1970;Judo;Ecuador;2
1970;Judo;Mali;2
1970;Judo;Suriname;2
1970;Judo;Sweden;2
1970;Judo;Dominican Republic;2
1970;Judo;Curacao;2
1970;Judo;New Zealand;1
1970;Judo;Israel;1
1970;Judo;China;1
1970;Judo;Panama;1
1970;Judo;Costa Rica;1
1970;Modern Pentathlon;Sweden;6
1970;Modern Pentathlon;Hungary;6
1970;Modern Pentathlon;Canada;5
1970;Modern Pentathlon;USA;5
1970;Modern Pentathlon;Bulgaria;5
1970;Modern Pentathlon;Finland;5
1970;Modern Pentathlon;France;5
1970;Modern Pentathlon;Germany;5
1970;Modern Pentathlon;Italy;5
1970;Modern Pentathlon;Japan;5
1970;Modern Pentathlon;Poland;5
1970;Modern Pentathlon;Switzerland;5
1970;Modern Pentathlon;UK;5
1970;Modern Pentathlon;Russia;4
1970;Modern Pentathlon;Netherlands;3
1970;Modern Pentathlon;Australia;3
1970;Modern Pentathlon;Romania;3
1970;Modern Pentathlon;Czech Republic;3
1970;Modern Pentathlon;Austria;3
1970;Modern Pentathlon;Denmark;3
1970;Modern Pentathlon;Mexico;3
1970;Rowing;Germany;140
1970;Rowing;Russia;78
1970;Rowing;USA;76
1970;Rowing;Canada;58
1970;Rowing;Netherlands;44
1970;Rowing;Czech Republic;42
1970;Rowing;Bulgaria;40
1970;Rowing;UK;39
1970;Rowing;Italy;35
1970;Rowing;Poland;33
1970;Rowing;New Zealand;31
1970;Rowing;France;29
1970;Rowing;Romania;28
1970;Rowing;Australia;26
1970;Rowing;Argentina;25
1970;Rowing;Hungary;24
1970;Rowing;Norway;22
1970;Rowing;Serbia;21
1970;Rowing;Switzerland;20
1970;Rowing;Denmark;19
1970;Rowing;Cuba;19
1970;Rowing;Austria;18
1970;Rowing;Japan;12
1970;Rowing;Belgium;10
1970;Rowing;Ireland;10
1970;Rowing;Finland;9
1970;Rowing;Mexico;9
1970;Rowing;Brazil;8
1970;Rowing;North Korea;6
1970;Rowing;Uruguay;4
1970;Rowing;Portugal;3
1970;Rowing;Sweden;3
1970;Rowing;Bermuda;1
1970;Rowing;Chile;1
1970;Rowing;Swaziland;1
1970;Rowing;Guam;1
1970;Sailing;Germany;39
1970;Sailing;USA;26
1970;Sailing;Canada;24
1970;Sailing;Sweden;22
1970;Sailing;UK;22
1970;Sailing;Australia;20
1970;Sailing;France;19
1970;Sailing;Austria;19
1970;Sailing;Denmark;19
1970;Sailing;Russia;18
1970;Sailing;Norway;18
1970;Sailing;Switzerland;17
1970;Sailing;Italy;17
1970;Sailing;Spain;16
1970;Sailing;Finland;15
1970;Sailing;New Zealand;15
1970;Sailing;Brazil;15
1970;Sailing;Ireland;14
1970;Sailing;Virgin Islands, US;13
1970;Sailing;Netherlands;13
1970;Sailing;Poland;12
1970;Sailing;Argentina;12
1970;Sailing;Greece;12
1970;Sailing;Bermuda;11
1970;Sailing;Puerto Rico;10
1970;Sailing;Mexico;9
1970;Sailing;Japan;8
1970;Sailing;Portugal;8
1970;Sailing;Bahamas;8
1970;Sailing;Hungary;6
1970;Sailing;Belgium;6
1970;Sailing;Philippines;5
1970;Sailing;Thailand;5
1970;Sailing;Israel;4
1970;Sailing;China;4
1970;Sailing;Serbia;3
1970;Sailing;Monaco;3
1970;Sailing;Jamaica;3
1970;Sailing;India;3
1970;Sailing;Guatemala;2
1970;Sailing;Colombia;2
1970;Sailing;Cayman Islands;2
1970;Sailing;Trinidad;2
1970;Sailing;Taiwan;1
1970;Sailing;Czech Republic;1
1970;Shooting;Germany;39
1970;Shooting;USA;24
1970;Shooting;UK;24
1970;Shooting;Russia;21
1970;Shooting;Thailand;19
1970;Shooting;Poland;19
1970;Shooting;Canada;18
1970;Shooting;France;18
1970;Shooting;Italy;17
1970;Shooting;Sweden;15
1970;Shooting;Hungary;15
1970;Shooting;Romania;15
1970;Shooting;Spain;14
1970;Shooting;Japan;14
1970;Shooting;Puerto Rico;14
1970;Shooting;Mexico;13
1970;Shooting;Czech Republic;13
1970;Shooting;Denmark;13
1970;Shooting;Switzerland;12
1970;Shooting;Finland;12
1970;Shooting;Colombia;11
1970;Shooting;Cuba;10
1970;Shooting;Austria;10
1970;Shooting;Brazil;9
1970;Shooting;Bulgaria;9
1970;Shooting;San Marino;9
1970;Shooting;Norway;9
1970;Shooting;Kenya;9
1970;Shooting;Belgium;9
1970;Shooting;Virgin Islands, US;9
1970;Shooting;North Korea;8
1970;Shooting;South Korea;8
1970;Shooting;Argentina;8
1970;Shooting;Australia;8
1970;Shooting;Philippines;8
1970;Shooting;Serbia;6
1970;Shooting;Boliva;6
1970;Shooting;China;6
1970;Shooting;Greece;6
1970;Shooting;Guatemala;6
1970;Shooting;India;6
1970;Shooting;New Zealand;6
1970;Shooting;Portugal;5
1970;Shooting;Chile;5
1970;Shooting;Turkey;5
1970;Shooting;Mongolia;5
1970;Shooting;Monaco;5
1970;Shooting;Ireland;5
1970;Shooting;Iran;4
1970;Shooting;El Salvador;4
1970;Shooting;Lebanon;4
1970;Shooting;Albania;4
1970;Shooting;Netherlands;3
1970;Shooting;Israel;3
1970;Shooting;Malaysia;3
1970;Shooting;Barbados;2
1970;Shooting;Liechtenstein;2
1970;Shooting;Venezuela;2
1970;Shooting;Vietnam;2
1970;Shooting;Syria;2
1970;Shooting;Andorra;2
1970;Shooting;Dominican Republic;2
1970;Shooting;Peru;2
1970;Shooting;Belize;2
1970;Shooting;Sri Lanka;1
1970;Shooting;Taiwan;1
1970;Shooting;Trinidad;1
1970;Shooting;Swaziland;1
1970;Shooting;Malta;1
1970;Shooting;Paraguay;1
1970;Shooting;Papua New Guinea;1
1970;Shooting;Luxembourg;1
1970;Shooting;Curacao;1
1970;Shooting;Costa Rica;1
1970;Swimming;Germany;113
1970;Swimming;USA;92
1970;Swimming;Canada;73
1970;Swimming;UK;65
1970;Swimming;Russia;55
1970;Swimming;Australia;48
1970;Swimming;Italy;33
1970;Swimming;Netherlands;32
1970;Swimming;Sweden;30
1970;Swimming;France;30
1970;Swimming;Japan;27
1970;Swimming;Mexico;27
1970;Swimming;Hungary;24
1970;Swimming;Spain;21
1970;Swimming;Brazil;18
1970;Swimming;Venezuela;16
1970;Swimming;Puerto Rico;13
1970;Swimming;Belgium;13
1970;Swimming;New Zealand;12
1970;Swimming;Switzerland;12
1970;Swimming;Ireland;11
1970;Swimming;Norway;10
1970;Swimming;Argentina;9
1970;Swimming;Bulgaria;9
1970;Swimming;Philippines;8
1970;Swimming;Denmark;8
1970;Swimming;Greece;7
1970;Swimming;El Salvador;7
1970;Swimming;Iceland;7
1970;Swimming;Serbia;7
1970;Swimming;Colombia;7
1970;Swimming;Poland;7
1970;Swimming;Portugal;5
1970;Swimming;China;5
1970;Swimming;Cambodia;4
1970;Swimming;Czech Republic;4
1970;Swimming;Panama;3
1970;Swimming;Israel;3
1970;Swimming;Peru;3
1970;Swimming;Romania;3
1970;Swimming;Taiwan;3
1970;Swimming;Tunisia;3
1970;Swimming;Uruguay;3
1970;Swimming;Malaysia;2
1970;Swimming;Kuwait;2
1970;Swimming;Bahamas;2
1970;Swimming;Finland;2
1970;Swimming;Egypt;2
1970;Swimming;Austria;2
1970;Swimming;Thailand;2
1970;Swimming;Virgin Islands, US;2
1970;Swimming;Turkey;2
1970;Swimming;Nicaragua;2
1970;Swimming;Lebanon;2
1970;Swimming;Trinidad;1
1970;Swimming;Jamaica;1
1970;Swimming;Indonesia;1
1970;Swimming;South Korea;1
1970;Swimming;Paraguay;1
1970;Swimming;Zimbabwe;1
1970;Swimming;Ecuador;1
1970;Swimming;Costa Rica;1
1970;Swimming;Monaco;1
1970;Volleyball;Germany;47
1970;Volleyball;Russia;44
1970;Volleyball;Japan;39
1970;Volleyball;South Korea;35
1970;Volleyball;Cuba;34
1970;Volleyball;Czech Republic;29
1970;Volleyball;Canada;24
1970;Volleyball;Brazil;20
1970;Volleyball;Hungary;18
1970;Volleyball;Poland;17
1970;Volleyball;Bulgaria;13
1970;Volleyball;Egypt;12
1970;Volleyball;Italy;12
1970;Volleyball;Peru;12
1970;Volleyball;Tunisia;11
1970;Volleyball;North Korea;11
1970;Volleyball;Romania;11
1970;Volleyball;Kazakhstan;1
1970;Volleyball;Kyrgyzstan;1
1970;Water Polo;Germany;20
1970;Water Polo;Australia;19
1970;Water Polo;Canada;17
1970;Water Polo;Serbia;17
1970;Water Polo;Russia;17
1970;Water Polo;Romania;17
1970;Water Polo;Netherlands;17
1970;Water Polo;Hungary;16
1970;Water Polo;Italy;16
1970;Water Polo;Cuba;15
1970;Water Polo;Mexico;15
1970;Water Polo;Japan;12
1970;Water Polo;Bulgaria;11
1970;Water Polo;Spain;11
1970;Water Polo;USA;11
1970;Water Polo;Greece;11
1970;Water Polo;Iran;11
1970;Water Polo;Grenada;1
1970;Water Polo;UK;1
1970;Weightlifting;Germany;24
1970;Weightlifting;Bulgaria;17
1970;Weightlifting;USA;16
1970;Weightlifting;Hungary;16
1970;Weightlifting;Japan;16
1970;Weightlifting;Russia;15
1970;Weightlifting;Poland;15
1970;Weightlifting;UK;15
1970;Weightlifting;Cuba;13
1970;Weightlifting;France;10
1970;Weightlifting;Finland;9
1970;Weightlifting;Iran;9
1970;Weightlifting;Canada;8
1970;Weightlifting;Austria;8
1970;Weightlifting;Sweden;7
1970;Weightlifting;Puerto Rico;7
1970;Weightlifting;Czech Republic;7
1970;Weightlifting;Australia;6
1970;Weightlifting;Italy;6
1970;Weightlifting;New Zealand;5
1970;Weightlifting;Greece;5
1970;Weightlifting;Norway;5
1970;Weightlifting;Colombia;5
1970;Weightlifting;Israel;4
1970;Weightlifting;Panama;4
1970;Weightlifting;Turkey;4
1970;Weightlifting;Mongolia;4
1970;Weightlifting;North Korea;4
1970;Weightlifting;Brazil;3
1970;Weightlifting;Denmark;3
1970;Weightlifting;Mexico;3
1970;Weightlifting;Romania;3
1970;Weightlifting;Dominican Republic;3
1970;Weightlifting;Philippines;3
1970;Weightlifting;Egypt;2
1970;Weightlifting;Belgium;2
1970;Weightlifting;Iceland;2
1970;Weightlifting;Indonesia;2
1970;Weightlifting;Nicaragua;2
1970;Weightlifting;Pakistan;2
1970;Weightlifting;Serbia;2
1970;Weightlifting;Switzerland;2
1970;Weightlifting;Thailand;2
1970;Weightlifting;Ireland;1
1970;Weightlifting;India;1
1970;Weightlifting;Albania;1
1970;Weightlifting;South Korea;1
1970;Weightlifting;Spain;1
1970;Weightlifting;Sudan;1
1970;Weightlifting;Guatemala;1
1970;Weightlifting;Curacao;1
1970;Weightlifting;Taiwan;1
1970;Weightlifting;Barbados;1
1970;Weightlifting;Myanmar;1
1970;Weightlifting;Portugal;1
1970;Weightlifting;Lebanon;1
1970;Wrestling;Germany;51
1970;Wrestling;Hungary;37
1970;Wrestling;Japan;36
1970;Wrestling;USA;35
1970;Wrestling;Bulgaria;35
1970;Wrestling;Russia;34
1970;Wrestling;Romania;33
1970;Wrestling;Iran;28
1970;Wrestling;Turkey;25
1970;Wrestling;Poland;23
1970;Wrestling;Mongolia;21
1970;Wrestling;Canada;21
1970;Wrestling;South Korea;17
1970;Wrestling;Finland;16
1970;Wrestling;Serbia;15
1970;Wrestling;Italy;14
1970;Wrestling;Sweden;13
1970;Wrestling;Czech Republic;13
1970;Wrestling;Cuba;12
1970;Wrestling;Mexico;10
1970;Wrestling;Greece;10
1970;Wrestling;Switzerland;9
1970;Wrestling;UK;9
1970;Wrestling;Afghanistan;8
1970;Wrestling;India;8
1970;Wrestling;Norway;7
1970;Wrestling;Austria;7
1970;Wrestling;France;7
1970;Wrestling;Senegal;6
1970;Wrestling;Argentina;6
1970;Wrestling;North Korea;5
1970;Wrestling;Australia;5
1970;Wrestling;Puerto Rico;5
1970;Wrestling;Virgin Islands, US;4
1970;Wrestling;Guatemala;4
1970;Wrestling;Morocco;4
1970;Wrestling;Peru;4
1970;Wrestling;Portugal;4
1970;Wrestling;Belgium;4
1970;Wrestling;Philippines;3
1970;Wrestling;Pakistan;3
1970;Wrestling;Denmark;3
1970;Wrestling;Lebanon;3
1970;Wrestling;Israel;3
1970;Wrestling;Egypt;3
1970;Wrestling;Panama;2
1970;Wrestling;New Zealand;2
1970;Wrestling;Syria;2
1970;Wrestling;Taiwan;1
1970;Wrestling;Tunisia;1
1970;Wrestling;Ecuador;1
1980;Archery;China;23
1980;Archery;UK;14
1980;Archery;South Korea;12
1980;Archery;Finland;10
1980;Archery;USA;10
1980;Archery;Japan;10
1980;Archery;Sweden;10
1980;Archery;Germany;9
1980;Archery;Spain;9
1980;Archery;Belgium;8
1980;Archery;Bhutan;8
1980;Archery;Switzerland;8
1980;Archery;Taiwan;8
1980;Archery;France;8
1980;Archery;Mongolia;7
1980;Archery;Canada;7
1980;Archery;Turkey;7
1980;Archery;Hungary;7
1980;Archery;Russia;7
1980;Archery;Indonesia;6
1980;Archery;Italy;6
1980;Archery;Australia;6
1980;Archery;Poland;6
1980;Archery;Ireland;6
1980;Archery;Zimbabwe;5
1980;Archery;Netherlands;5
1980;Archery;Saudi Arabia;5
1980;Archery;Mexico;4
1980;Archery;Luxembourg;4
1980;Archery;Romania;4
1980;Archery;North Korea;3
1980;Archery;Portugal;3
1980;Archery;Puerto Rico;3
1980;Archery;India;3
1980;Archery;Denmark;3
1980;Archery;Czech Republic;3
1980;Archery;Brazil;3
1980;Archery;New Zealand;3
1980;Archery;Malta;2
1980;Archery;Thailand;2
1980;Archery;Philippines;2
1980;Archery;Bulgaria;2
1980;Archery;Costa Rica;2
1980;Archery;Austria;2
1980;Archery;Argentina;2
1980;Archery;Serbia;1
1980;Archery;Solomon Islands;1
1980;Archery;Jordan;1
1980;Archery;Monaco;1
1980;Archery;Colombia;1
1980;Archery;Norway;1
1980;Athletics;Germany;218
1980;Athletics;UK;186
1980;Athletics;USA;184
1980;Athletics;Russia;163
1980;Athletics;France;109
1980;Athletics;Canada;102
1980;Athletics;Italy;87
1980;Athletics;China;70
1980;Athletics;Poland;68
1980;Athletics;Bulgaria;66
1980;Athletics;Australia;62
1980;Athletics;Spain;59
1980;Athletics;Kenya;59
1980;Athletics;South Korea;56
1980;Athletics;Jamaica;55
1980;Athletics;Finland;50
1980;Athletics;Hungary;45
1980;Athletics;Sweden;43
1980;Athletics;Belgium;43
1980;Athletics;Japan;43
1980;Athletics;Nigeria;42
1980;Athletics;Czech Republic;42
1980;Athletics;Switzerland;41
1980;Athletics;Portugal;38
1980;Athletics;Mexico;37
1980;Athletics;Brazil;37
1980;Athletics;Ireland;33
1980;Athletics;Netherlands;31
1980;Athletics;Romania;29
1980;Athletics;Senegal;28
1980;Athletics;Tanzania;27
1980;Athletics;Serbia;26
1980;Athletics;Algeria;25
1980;Athletics;Ethiopia;25
1980;Athletics;Ghana;23
1980;Athletics;Uganda;23
1980;Athletics;Austria;23
1980;Athletics;Greece;21
1980;Athletics;Bahamas;21
1980;Athletics;Sierra Leone;21
1980;Athletics;Taiwan;20
1980;Athletics;Trinidad;20
1980;Athletics;Norway;19
1980;Athletics;Mozambique;19
1980;Athletics;India;19
1980;Athletics;New Zealand;18
1980;Athletics;Puerto Rico;18
1980;Athletics;Cuba;17
1980;Athletics;Botswana;16
1980;Athletics;Benin;15
1980;Athletics;Nepal;15
1980;Athletics;Zambia;15
1980;Athletics;Zimbabwe;15
1980;Athletics;Thailand;14
1980;Athletics;Colombia;14
1980;Athletics;Republic of Congo;14
1980;Athletics;Antigua;14
1980;Athletics;Kuwait;14
1980;Athletics;Cameroon;14
1980;Athletics;Syria;13
1980;Athletics;Barbados;13
1980;Athletics;Iceland;13
1980;Athletics;Morocco;12
1980;Athletics;Ivory Coast;12
1980;Athletics;Seychelles;12
1980;Athletics;Qatar;12
1980;Athletics;Gambia;11
1980;Athletics;Pakistan;10
1980;Athletics;Papua New Guinea;10
1980;Athletics;Indonesia;10
1980;Athletics;Fiji;10
1980;Athletics;Oman;10
1980;Athletics;Argentina;9
1980;Athletics;Mali;9
1980;Athletics;Chad;9
1980;Athletics;Denmark;9
1980;Athletics;Yemen;9
1980;Athletics;Angola;9
1980;Athletics;Virgin Islands, US;9
1980;Athletics;Vietnam;9
1980;Athletics;Lesotho;9
1980;Athletics;Liberia;9
1980;Athletics;Libya;9
1980;Athletics;Iraq;8
1980;Athletics;Laos;8
1980;Athletics;Lebanon;8
1980;Athletics;Malawi;8
1980;Athletics;Peru;8
1980;Athletics;Guatemala;8
1980;Athletics;Equatorial Guinea;8
1980;Athletics;Dominican Republic;8
1980;Athletics;Rwanda;8
1980;Athletics;Cyprus;8
1980;Athletics;Chile;8
1980;Athletics;Somalia;8
1980;Athletics;Democratic Republic of the Congo;7
1980;Athletics;Guyana;7
1980;Athletics;Djibouti;7
1980;Athletics;Paraguay;7
1980;Athletics;Mauritius;7
1980;Athletics;Philippines;7
1980;Athletics;Ecuador;7
1980;Athletics;Belize;7
1980;Athletics;Maldives;7
1980;Athletics;Egypt;7
1980;Athletics;United Arab Emirates;7
1980;Athletics;Saudi Arabia;6
1980;Athletics;Guinea;6
1980;Athletics;Turkey;6
1980;Athletics;Guam;6
1980;Athletics;Saint Vincent;6
1980;Athletics;Honduras;6
1980;Athletics;Togo;6
1980;Athletics;Swaziland;6
1980;Athletics;Bermuda;6
1980;Athletics;Sri Lanka;6
1980;Athletics;Israel;6
1980;Athletics;Costa Rica;6
1980;Athletics;Virgin Islands, British;5
1980;Athletics;Luxembourg;5
1980;Athletics;Niger;5
1980;Athletics;Jordan;5
1980;Athletics;El Salvador;5
1980;Athletics;Bangladesh;5
1980;Athletics;Suriname;5
1980;Athletics;Burkina Faso;4
1980;Athletics;Liechtenstein;4
1980;Athletics;Boliva;4
1980;Athletics;Madagascar;4
1980;Athletics;Sudan;4
1980;Athletics;Grenada;4
1980;Athletics;Curacao;3
1980;Athletics;Bahrain;3
1980;Athletics;Myanmar;3
1980;Athletics;Tunisia;3
1980;Athletics;North Korea;3
1980;Athletics;Haiti;3
1980;Athletics;San Marino;3
1980;Athletics;Belarus;3
1980;Athletics;Malaysia;3
1980;Athletics;Venezuela;3
1980;Athletics;Vanuatu;3
1980;Athletics;Mauritania;3
1980;Athletics;Solomon Islands;3
1980;Athletics;Cayman Islands;2
1980;Athletics;Nicaragua;2
1980;Athletics;Panama;2
1980;Athletics;Samoa;2
1980;Athletics;Tonga;2
1980;Athletics;Gabon;2
1980;Athletics;Cook Islands;2
1980;Athletics;Ukraine;2
1980;Athletics;Lithuania;1
1980;Athletics;Monaco;1
1980;Athletics;Central African Republic;1
1980;Athletics;Uruguay;1
1980;Athletics;Aruba;1
1980;Athletics;Andorra;1
1980;Athletics;Iran;1
1980;Athletics;South Africa;1
1980;Athletics;Malta;1
1980;Athletics;Slovenia;1
1980;Athletics;American Samoa;1
1980;Athletics;Georgia;1
1980;Athletics;Slovakia;1
1980;Basketball;Serbia;59
1980;Basketball;USA;46
1980;Basketball;Russia;46
1980;Basketball;China;42
1980;Basketball;Australia;39
1980;Basketball;South Korea;33
1980;Basketball;Canada;30
1980;Basketball;Italy;28
1980;Basketball;Czech Republic;24
1980;Basketball;Cuba;24
1980;Basketball;Brazil;23
1980;Basketball;Egypt;22
1980;Basketball;Spain;22
1980;Basketball;Bulgaria;21
1980;Basketball;India;15
1980;Basketball;Germany;14
1980;Basketball;Poland;12
1980;Basketball;Central African Republic;12
1980;Basketball;France;12
1980;Basketball;Hungary;12
1980;Basketball;Puerto Rico;12
1980;Basketball;Senegal;12
1980;Basketball;Sweden;12
1980;Basketball;Uruguay;11
1980;Basketball;Slovakia;1
1980;Boxing;Germany;33
1980;Boxing;UK;30
1980;Boxing;Puerto Rico;24
1980;Boxing;Uganda;24
1980;Boxing;Russia;24
1980;Boxing;USA;23
1980;Boxing;Zambia;22
1980;Boxing;South Korea;22
1980;Boxing;Bulgaria;21
1980;Boxing;Kenya;20
1980;Boxing;Canada;19
1980;Boxing;Nigeria;19
1980;Boxing;Romania;19
1980;Boxing;Serbia;18
1980;Boxing;Poland;18
1980;Boxing;Tanzania;17
1980;Boxing;Italy;17
1980;Boxing;Mexico;16
1980;Boxing;Venezuela;16
1980;Boxing;Ireland;16
1980;Boxing;Hungary;16
1980;Boxing;Sweden;15
1980;Boxing;Mongolia;14
1980;Boxing;Algeria;14
1980;Boxing;Malawi;12
1980;Boxing;Japan;11
1980;Boxing;Iraq;11
1980;Boxing;Syria;11
1980;Boxing;Finland;11
1980;Boxing;Dominican Republic;11
1980;Boxing;Samoa;11
1980;Boxing;Democratic Republic of the Congo;11
1980;Boxing;Cuba;11
1980;Boxing;Australia;11
1980;Boxing;Nepal;10
1980;Boxing;Morocco;10
1980;Boxing;Tonga;10
1980;Boxing;Thailand;10
1980;Boxing;Argentina;10
1980;Boxing;Turkey;10
1980;Boxing;France;10
1980;Boxing;Ghana;10
1980;Boxing;Benin;9
1980;Boxing;Cameroon;9
1980;Boxing;Spain;9
1980;Boxing;Guyana;9
1980;Boxing;Denmark;8
1980;Boxing;Philippines;8
1980;Boxing;Sudan;8
1980;Boxing;Ethiopia;8
1980;Boxing;India;8
1980;Boxing;Laos;8
1980;Boxing;Colombia;7
1980;Boxing;Egypt;7
1980;Boxing;Brazil;7
1980;Boxing;Grenada;7
1980;Boxing;Jamaica;7
1980;Boxing;North Korea;7
1980;Boxing;Angola;6
1980;Boxing;Sierra Leone;6
1980;Boxing;Czech Republic;6
1980;Boxing;Togo;6
1980;Boxing;Seychelles;5
1980;Boxing;Swaziland;5
1980;Boxing;Indonesia;5
1980;Boxing;Nicaragua;5
1980;Boxing;Niger;5
1980;Boxing;Ecuador;5
1980;Boxing;Zimbabwe;5
1980;Boxing;Lebanon;5
1980;Boxing;Pakistan;5
1980;Boxing;Lesotho;5
1980;Boxing;Madagascar;5
1980;Boxing;Barbados;4
1980;Boxing;Paraguay;4
1980;Boxing;Guinea;4
1980;Boxing;Uruguay;4
1980;Boxing;Taiwan;4
1980;Boxing;Austria;4
1980;Boxing;Liberia;4
1980;Boxing;Ivory Coast;4
1980;Boxing;Central African Republic;4
1980;Boxing;Israel;4
1980;Boxing;Cook Islands;3
1980;Boxing;Tunisia;3
1980;Boxing;Mozambique;3
1980;Boxing;Greece;3
1980;Boxing;Netherlands;3
1980;Boxing;Republic of Congo;3
1980;Boxing;Norway;3
1980;Boxing;Mali;3
1980;Boxing;Kuwait;3
1980;Boxing;Gabon;3
1980;Boxing;Afghanistan;3
1980;Boxing;Bahamas;3
1980;Boxing;China;2
1980;Boxing;Honduras;2
1980;Boxing;Guatemala;2
1980;Boxing;New Zealand;2
1980;Boxing;Oman;2
1980;Boxing;Papua New Guinea;2
1980;Boxing;Fiji;2
1980;Boxing;American Samoa;2
1980;Boxing;El Salvador;2
1980;Boxing;Botswana;2
1980;Boxing;Jordan;2
1980;Boxing;Antigua;2
1980;Boxing;Aruba;2
1980;Boxing;Burkina Faso;2
1980;Boxing;Trinidad;2
1980;Boxing;Vietnam;2
1980;Boxing;Yemen;2
1980;Boxing;Portugal;1
1980;Boxing;Belize;1
1980;Boxing;Boliva;1
1980;Boxing;Bermuda;1
1980;Boxing;Vanuatu;1
1980;Boxing;Myanmar;1
1980;Boxing;Guam;1
1980;Boxing;Virgin Islands, US;1
1980;Boxing;Mauritius;1
1980;Boxing;Solomon Islands;1
1980;Boxing;Costa Rica;1
1980;Canoeing;Germany;50
1980;Canoeing;Hungary;36
1980;Canoeing;Russia;32
1980;Canoeing;UK;31
1980;Canoeing;France;28
1980;Canoeing;Romania;26
1980;Canoeing;USA;25
1980;Canoeing;Sweden;24
1980;Canoeing;Poland;24
1980;Canoeing;Canada;23
1980;Canoeing;Bulgaria;22
1980;Canoeing;Australia;21
1980;Canoeing;Czech Republic;19
1980;Canoeing;Norway;17
1980;Canoeing;China;17
1980;Canoeing;Spain;17
1980;Canoeing;Italy;16
1980;Canoeing;South Korea;16
1980;Canoeing;Belgium;12
1980;Canoeing;Japan;11
1980;Canoeing;New Zealand;10
1980;Canoeing;Finland;9
1980;Canoeing;Argentina;8
1980;Canoeing;Denmark;8
1980;Canoeing;Netherlands;8
1980;Canoeing;Austria;6
1980;Canoeing;Switzerland;6
1980;Canoeing;Ireland;5
1980;Canoeing;Serbia;4
1980;Canoeing;Ivory Coast;4
1980;Canoeing;Portugal;3
1980;Canoeing;Cuba;3
1980;Canoeing;Mexico;2
1980;Canoeing;Israel;1
1980;Cycling;Germany;60
1980;Cycling;Italy;46
1980;Cycling;UK;42
1980;Cycling;USA;38
1980;Cycling;France;37
1980;Cycling;Australia;36
1980;Cycling;Netherlands;36
1980;Cycling;Denmark;30
1980;Cycling;Russia;29
1980;Cycling;Switzerland;28
1980;Cycling;Belgium;25
1980;Cycling;Czech Republic;25
1980;Cycling;China;23
1980;Cycling;South Korea;22
1980;Cycling;Sweden;22
1980;Cycling;Poland;22
1980;Cycling;Canada;22
1980;Cycling;Japan;20
1980;Cycling;New Zealand;18
1980;Cycling;Austria;17
1980;Cycling;Spain;17
1980;Cycling;Brazil;15
1980;Cycling;Norway;14
1980;Cycling;Serbia;14
1980;Cycling;Colombia;14
1980;Cycling;Argentina;12
1980;Cycling;Hungary;12
1980;Cycling;Ireland;12
1980;Cycling;Belize;11
1980;Cycling;Finland;11
1980;Cycling;Venezuela;11
1980;Cycling;Mexico;10
1980;Cycling;Cayman Islands;10
1980;Cycling;Cameroon;10
1980;Cycling;Libya;9
1980;Cycling;Ethiopia;8
1980;Cycling;Iran;7
1980;Cycling;Philippines;7
1980;Cycling;Chile;7
1980;Cycling;Jamaica;6
1980;Cycling;Saudi Arabia;6
1980;Cycling;United Arab Emirates;6
1980;Cycling;Guyana;6
1980;Cycling;Bulgaria;6
1980;Cycling;Mongolia;5
1980;Cycling;Guatemala;5
1980;Cycling;Ecuador;5
1980;Cycling;Lebanon;5
1980;Cycling;Antigua;5
1980;Cycling;Zimbabwe;5
1980;Cycling;Taiwan;4
1980;Cycling;Morocco;4
1980;Cycling;Democratic Republic of the Congo;4
1980;Cycling;Uruguay;4
1980;Cycling;Malta;4
1980;Cycling;Malawi;4
1980;Cycling;Cuba;3
1980;Cycling;Liechtenstein;3
1980;Cycling;Barbados;3
1980;Cycling;Bermuda;3
1980;Cycling;San Marino;2
1980;Cycling;Greece;2
1980;Cycling;Romania;2
1980;Cycling;Malaysia;2
1980;Cycling;Algeria;2
1980;Cycling;Andorra;2
1980;Cycling;Trinidad;2
1980;Cycling;Uganda;2
1980;Cycling;Cyprus;1
1980;Cycling;Lithuania;1
1980;Cycling;Monaco;1
1980;Cycling;Boliva;1
1980;Cycling;Estonia;1
1980;Cycling;Peru;1
1980;Cycling;Puerto Rico;1
1980;Cycling;Sierra Leone;1
1980;Cycling;Fiji;1
1980;Cycling;Vietnam;1
1980;Cycling;Suriname;1
1980;Cycling;Virgin Islands, US;1
1980;Diving;Germany;21
1980;Diving;China;19
1980;Diving;Russia;18
1980;Diving;UK;13
1980;Diving;USA;11
1980;Diving;Canada;11
1980;Diving;Mexico;10
1980;Diving;Australia;9
1980;Diving;Japan;6
1980;Diving;Spain;6
1980;Diving;Zimbabwe;5
1980;Diving;Italy;5
1980;Diving;South Korea;5
1980;Diving;Sweden;5
1980;Diving;Hungary;4
1980;Diving;Egypt;4
1980;Diving;Dominican Republic;4
1980;Diving;France;4
1980;Diving;Austria;4
1980;Diving;Poland;3
1980;Diving;Bulgaria;3
1980;Diving;Kuwait;3
1980;Diving;New Zealand;3
1980;Diving;Norway;3
1980;Diving;Romania;3
1980;Diving;Czech Republic;2
1980;Diving;Cuba;2
1980;Diving;Brazil;2
1980;Diving;Netherlands;2
1980;Diving;Finland;1
1980;Diving;Belgium;1
1980;Diving;Venezuela;1
1980;Diving;Barbados;1
1980;Diving;Argentina;1
1980;Diving;Switzerland;1
1980;Diving;Bahamas;1
1980;Diving;Syria;1
1980;Diving;Denmark;1
1980;Diving;Ecuador;1
1980;Diving;Portugal;1
1980;Equestrianism;Mexico;23
1980;Equestrianism;Germany;22
1980;Equestrianism;Canada;20
1980;Equestrianism;USA;20
1980;Equestrianism;UK;20
1980;Equestrianism;Russia;18
1980;Equestrianism;France;16
1980;Equestrianism;Italy;16
1980;Equestrianism;Japan;15
1980;Equestrianism;Poland;15
1980;Equestrianism;Australia;15
1980;Equestrianism;Switzerland;13
1980;Equestrianism;Bulgaria;11
1980;Equestrianism;South Korea;10
1980;Equestrianism;Sweden;10
1980;Equestrianism;New Zealand;10
1980;Equestrianism;Ireland;10
1980;Equestrianism;Spain;10
1980;Equestrianism;Netherlands;9
1980;Equestrianism;Hungary;9
1980;Equestrianism;Romania;8
1980;Equestrianism;Brazil;7
1980;Equestrianism;Denmark;6
1980;Equestrianism;Finland;5
1980;Equestrianism;Austria;5
1980;Equestrianism;India;4
1980;Equestrianism;Chile;4
1980;Equestrianism;Argentina;4
1980;Equestrianism;Belgium;4
1980;Equestrianism;Serbia;3
1980;Equestrianism;Colombia;3
1980;Equestrianism;Puerto Rico;3
1980;Equestrianism;Virgin Islands, US;2
1980;Equestrianism;Pakistan;2
1980;Equestrianism;Bermuda;2
1980;Equestrianism;Ecuador;1
1980;Equestrianism;Guatemala;1
1980;Equestrianism;Norway;1
1980;Equestrianism;Peru;1
1980;Equestrianism;Portugal;1
1980;Equestrianism;Egypt;1
1980;Equestrianism;Liechtenstein;1
1980;Equestrianism;Venezuela;1
1980;Fencing;Germany;54
1980;Fencing;China;44
1980;Fencing;Russia;35
1980;Fencing;France;35
1980;Fencing;Hungary;35
1980;Fencing;Italy;34
1980;Fencing;USA;29
1980;Fencing;UK;28
1980;Fencing;Poland;28
1980;Fencing;South Korea;28
1980;Fencing;Romania;25
1980;Fencing;Canada;24
1980;Fencing;Sweden;20
1980;Fencing;Kuwait;19
1980;Fencing;Japan;15
1980;Fencing;Cuba;13
1980;Fencing;Argentina;11
1980;Fencing;Switzerland;11
1980;Fencing;Spain;11
1980;Fencing;Austria;11
1980;Fencing;Egypt;9
1980;Fencing;Saudi Arabia;7
1980;Fencing;Czech Republic;7
1980;Fencing;Norway;6
1980;Fencing;Lebanon;6
1980;Fencing;Finland;6
1980;Fencing;Bulgaria;6
1980;Fencing;Netherlands;5
1980;Fencing;Australia;5
1980;Fencing;Colombia;5
1980;Fencing;Belgium;4
1980;Fencing;Bahrain;4
1980;Fencing;Brazil;4
1980;Fencing;Israel;4
1980;Fencing;Portugal;4
1980;Fencing;Taiwan;4
1980;Fencing;Virgin Islands, US;4
1980;Fencing;Boliva;2
1980;Fencing;Venezuela;2
1980;Fencing;Turkey;2
1980;Fencing;Jordan;2
1980;Fencing;New Zealand;2
1980;Fencing;Indonesia;2
1980;Fencing;Paraguay;2
1980;Fencing;Haiti;2
1980;Fencing;Puerto Rico;2
1980;Fencing;Mexico;2
1980;Fencing;Greece;1
1980;Fencing;Monaco;1
1980;Fencing;Aruba;1
1980;Fencing;Philippines;1
1980;Fencing;Denmark;1
1980;Fencing;Algeria;1
1980;Fencing;Panama;1
1980;Football;Serbia;48
1980;Football;Germany;47
1980;Football;Iraq;41
1980;Football;Russia;35
1980;Football;Italy;35
1980;Football;Nigeria;33
1980;Football;Zambia;32
1980;Football;Costa Rica;30
1980;Football;Brazil;30
1980;Football;USA;28
1980;Football;Tunisia;19
1980;Football;Australia;17
1980;Football;Egypt;17
1980;Football;Guatemala;17
1980;Football;Colombia;17
1980;Football;Sweden;17
1980;Football;Czech Republic;16
1980;Football;Argentina;16
1980;Football;Spain;16
1980;Football;Cuba;16
1980;Football;Kuwait;16
1980;Football;China;16
1980;Football;Venezuela;16
1980;Football;South Korea;16
1980;Football;Finland;16
1980;Football;France;16
1980;Football;Morocco;15
1980;Football;Cameroon;15
1980;Football;Norway;15
1980;Football;Saudi Arabia;15
1980;Football;Syria;15
1980;Football;Algeria;14
1980;Football;Canada;14
1980;Football;Chile;14
1980;Football;Qatar;14
1980;Football;Dominican Republic;1
1980;Gymnastics;Germany;43
1980;Gymnastics;Romania;29
1980;Gymnastics;Bulgaria;26
1980;Gymnastics;China;24
1980;Gymnastics;Hungary;24
1980;Gymnastics;USA;23
1980;Gymnastics;Japan;23
1980;Gymnastics;Russia;23
1980;Gymnastics;Canada;22
1980;Gymnastics;Spain;21
1980;Gymnastics;France;21
1980;Gymnastics;UK;18
1980;Gymnastics;Czech Republic;18
1980;Gymnastics;South Korea;17
1980;Gymnastics;Switzerland;13
1980;Gymnastics;North Korea;13
1980;Gymnastics;Italy;12
1980;Gymnastics;Australia;10
1980;Gymnastics;Poland;9
1980;Gymnastics;Cuba;6
1980;Gymnastics;Brazil;6
1980;Gymnastics;Israel;5
1980;Gymnastics;Portugal;3
1980;Gymnastics;Sweden;2
1980;Gymnastics;Mongolia;2
1980;Gymnastics;Mexico;2
1980;Gymnastics;Belgium;1
1980;Gymnastics;Taiwan;1
1980;Gymnastics;Guatemala;1
1980;Gymnastics;Norway;1
1980;Gymnastics;Greece;1
1980;Gymnastics;Belarus;1
1980;Gymnastics;San Marino;1
1980;Gymnastics;Serbia;1
1980;Gymnastics;Jamaica;1
1980;Handball;Germany;70
1980;Handball;Serbia;66
1980;Handball;Russia;50
1980;Handball;Hungary;46
1980;Handball;South Korea;44
1980;Handball;USA;42
1980;Handball;Czech Republic;41
1980;Handball;Algeria;31
1980;Handball;Japan;27
1980;Handball;Switzerland;26
1980;Handball;Spain;26
1980;Handball;China;26
1980;Handball;Sweden;23
1980;Handball;Denmark;22
1980;Handball;Romania;21
1980;Handball;Iceland;20
1980;Handball;Austria;17
1980;Handball;Ivory Coast;14
1980;Handball;Norway;14
1980;Handball;Kuwait;14
1980;Handball;Poland;14
1980;Handball;Republic of Congo;14
1980;Handball;Cuba;13
1980;Hockey;India;56
1980;Hockey;Australia;55
1980;Hockey;Netherlands;52
1980;Hockey;Canada;50
1980;Hockey;Germany;49
1980;Hockey;USA;44
1980;Hockey;Russia;41
1980;Hockey;UK;38
1980;Hockey;South Korea;35
1980;Hockey;Spain;34
1980;Hockey;New Zealand;32
1980;Hockey;Poland;32
1980;Hockey;Argentina;31
1980;Hockey;Pakistan;29
1980;Hockey;Kenya;26
1980;Hockey;Cuba;16
1980;Hockey;Czech Republic;16
1980;Hockey;Malaysia;16
1980;Hockey;Tanzania;16
1980;Hockey;Zimbabwe;15
1980;Hockey;Austria;14
1980;Judo;Germany;21
1980;Judo;Senegal;18
1980;Judo;Hungary;17
1980;Judo;France;17
1980;Judo;UK;17
1980;Judo;Russia;15
1980;Judo;Brazil;15
1980;Judo;China;15
1980;Judo;South Korea;14
1980;Judo;Japan;13
1980;Judo;USA;13
1980;Judo;Mongolia;13
1980;Judo;Poland;12
1980;Judo;Kuwait;12
1980;Judo;Serbia;11
1980;Judo;Cameroon;10
1980;Judo;Cyprus;9
1980;Judo;Romania;9
1980;Judo;Sweden;9
1980;Judo;Canada;9
1980;Judo;Zambia;9
1980;Judo;Taiwan;9
1980;Judo;Austria;8
1980;Judo;Portugal;8
1980;Judo;Czech Republic;8
1980;Judo;Spain;8
1980;Judo;Australia;8
1980;Judo;Algeria;8
1980;Judo;Netherlands;7
1980;Judo;Egypt;7
1980;Judo;Lebanon;7
1980;Judo;Angola;7
1980;Judo;Argentina;7
1980;Judo;Morocco;7
1980;Judo;Syria;7
1980;Judo;Switzerland;7
1980;Judo;Bulgaria;7
1980;Judo;Italy;7
1980;Judo;Mali;6
1980;Judo;Finland;6
1980;Judo;Cuba;6
1980;Judo;Costa Rica;6
1980;Judo;Turkey;6
1980;Judo;Puerto Rico;5
1980;Judo;Mexico;5
1980;Judo;North Korea;5
1980;Judo;Zimbabwe;4
1980;Judo;Kenya;4
1980;Judo;Belgium;4
1980;Judo;Iceland;4
1980;Judo;Ireland;4
1980;Judo;Liechtenstein;4
1980;Judo;New Zealand;4
1980;Judo;Norway;3
1980;Judo;Dominican Republic;3
1980;Judo;San Marino;3
1980;Judo;Venezuela;3
1980;Judo;Philippines;3
1980;Judo;Guam;3
1980;Judo;Colombia;3
1980;Judo;Fiji;3
1980;Judo;Guinea;3
1980;Judo;Republic of Congo;3
1980;Judo;Nigeria;3
1980;Judo;Tunisia;3
1980;Judo;Madagascar;2
1980;Judo;Nepal;2
1980;Judo;Boliva;2
1980;Judo;Paraguay;2
1980;Judo;Israel;2
1980;Judo;Monaco;2
1980;Judo;Malta;2
1980;Judo;Ecuador;2
1980;Judo;Denmark;2
1980;Judo;El Salvador;2
1980;Judo;Ivory Coast;2
1980;Judo;Yemen;2
1980;Judo;Mauritania;1
1980;Judo;Barbados;1
1980;Judo;Chile;1
1980;Judo;Benin;1
1980;Judo;Aruba;1
1980;Judo;Honduras;1
1980;Judo;Peru;1
1980;Judo;Suriname;1
1980;Modern Pentathlon;Japan;8
1980;Modern Pentathlon;UK;8
1980;Modern Pentathlon;Spain;7
1980;Modern Pentathlon;USA;7
1980;Modern Pentathlon;Hungary;7
1980;Modern Pentathlon;Austria;6
1980;Modern Pentathlon;Poland;6
1980;Modern Pentathlon;Sweden;6
1980;Modern Pentathlon;Czech Republic;6
1980;Modern Pentathlon;Egypt;6
1980;Modern Pentathlon;France;6
1980;Modern Pentathlon;Germany;6
1980;Modern Pentathlon;Bahrain;5
1980;Modern Pentathlon;South Korea;5
1980;Modern Pentathlon;Finland;5
1980;Modern Pentathlon;Russia;5
1980;Modern Pentathlon;Australia;4
1980;Modern Pentathlon;Italy;4
1980;Modern Pentathlon;Mexico;4
1980;Modern Pentathlon;Switzerland;4
1980;Modern Pentathlon;Canada;3
1980;Modern Pentathlon;Ireland;3
1980;Modern Pentathlon;Bulgaria;3
1980;Modern Pentathlon;Romania;3
1980;Modern Pentathlon;China;3
1980;Modern Pentathlon;Chile;3
1980;Modern Pentathlon;Portugal;3
1980;Modern Pentathlon;Taiwan;3
1980;Modern Pentathlon;New Zealand;1
1980;Modern Pentathlon;Denmark;1
1980;Modern Pentathlon;Uruguay;1
1980;Rhythmic Gymnastics;Canada;4
1980;Rhythmic Gymnastics;Spain;4
1980;Rhythmic Gymnastics;Germany;4
1980;Rhythmic Gymnastics;China;4
1980;Rhythmic Gymnastics;USA;3
1980;Rhythmic Gymnastics;Israel;3
1980;Rhythmic Gymnastics;Italy;3
1980;Rhythmic Gymnastics;Japan;3
1980;Rhythmic Gymnastics;Portugal;3
1980;Rhythmic Gymnastics;Serbia;3
1980;Rhythmic Gymnastics;UK;3
1980;Rhythmic Gymnastics;Belgium;2
1980;Rhythmic Gymnastics;Hungary;2
1980;Rhythmic Gymnastics;South Korea;2
1980;Rhythmic Gymnastics;Australia;2
1980;Rhythmic Gymnastics;Bulgaria;2
1980;Rhythmic Gymnastics;Czech Republic;2
1980;Rhythmic Gymnastics;France;2
1980;Rhythmic Gymnastics;Greece;2
1980;Rhythmic Gymnastics;New Zealand;2
1980;Rhythmic Gymnastics;Poland;2
1980;Rhythmic Gymnastics;Switzerland;2
1980;Rhythmic Gymnastics;Romania;2
1980;Rhythmic Gymnastics;Russia;2
1980;Rhythmic Gymnastics;Austria;1
1980;Rhythmic Gymnastics;Sweden;1
1980;Rhythmic Gymnastics;Denmark;1
1980;Rhythmic Gymnastics;Norway;1
1980;Rhythmic Gymnastics;Brazil;1
1980;Rowing;Germany;162
1980;Rowing;Russia;97
1980;Rowing;UK;94
1980;Rowing;USA;93
1980;Rowing;Bulgaria;85
1980;Rowing;Canada;78
1980;Rowing;Romania;65
1980;Rowing;Australia;51
1980;Rowing;Poland;49
1980;Rowing;Italy;45
1980;Rowing;Czech Republic;39
1980;Rowing;France;38
1980;Rowing;Netherlands;37
1980;Rowing;South Korea;35
1980;Rowing;Hungary;32
1980;Rowing;New Zealand;31
1980;Rowing;Serbia;25
1980;Rowing;Spain;23
1980;Rowing;Switzerland;20
1980;Rowing;Brazil;19
1980;Rowing;China;19
1980;Rowing;Cuba;17
1980;Rowing;Norway;17
1980;Rowing;Sweden;17
1980;Rowing;Austria;16
1980;Rowing;Denmark;15
1980;Rowing;Japan;14
1980;Rowing;Belgium;12
1980;Rowing;Ireland;12
1980;Rowing;Argentina;11
1980;Rowing;Greece;10
1980;Rowing;Chile;9
1980;Rowing;Mexico;5
1980;Rowing;Finland;5
1980;Rowing;Peru;3
1980;Rowing;Guatemala;2
1980;Rowing;Belarus;2
1980;Rowing;Ukraine;2
1980;Rowing;Uruguay;1
1980;Rowing;Puerto Rico;1
1980;Rowing;Kuwait;1
1980;Rowing;Philippines;1
1980;Sailing;Germany;47
1980;Sailing;Sweden;35
1980;Sailing;Brazil;32
1980;Sailing;USA;28
1980;Sailing;UK;28
1980;Sailing;Switzerland;28
1980;Sailing;Netherlands;26
1980;Sailing;Russia;25
1980;Sailing;Canada;25
1980;Sailing;Australia;24
1980;Sailing;Spain;24
1980;Sailing;Denmark;23
1980;Sailing;Italy;22
1980;Sailing;France;20
1980;Sailing;Austria;19
1980;Sailing;Japan;19
1980;Sailing;New Zealand;17
1980;Sailing;Argentina;16
1980;Sailing;China;14
1980;Sailing;Poland;14
1980;Sailing;Greece;13
1980;Sailing;Norway;13
1980;Sailing;Finland;13
1980;Sailing;South Korea;11
1980;Sailing;Virgin Islands, US;11
1980;Sailing;Hungary;10
1980;Sailing;Puerto Rico;9
1980;Sailing;Mexico;9
1980;Sailing;Pakistan;8
1980;Sailing;Chile;8
1980;Sailing;Cyprus;7
1980;Sailing;Israel;7
1980;Sailing;Virgin Islands, British;6
1980;Sailing;Fiji;6
1980;Sailing;Ireland;6
1980;Sailing;Uruguay;6
1980;Sailing;Zimbabwe;5
1980;Sailing;Barbados;5
1980;Sailing;Bermuda;5
1980;Sailing;Bulgaria;5
1980;Sailing;Serbia;5
1980;Sailing;Romania;5
1980;Sailing;Portugal;5
1980;Sailing;Turkey;4
1980;Sailing;Iceland;3
1980;Sailing;Philippines;3
1980;Sailing;Czech Republic;3
1980;Sailing;Bahamas;3
1980;Sailing;Cuba;3
1980;Sailing;India;3
1980;Sailing;Sri Lanka;2
1980;Sailing;Antigua;2
1980;Sailing;Thailand;2
1980;Sailing;San Marino;2
1980;Sailing;Monaco;2
1980;Sailing;Malta;2
1980;Sailing;Indonesia;2
1980;Sailing;Venezuela;2
1980;Sailing;Guam;2
1980;Sailing;Cayman Islands;2
1980;Sailing;Taiwan;2
1980;Sailing;Belgium;1
1980;Sailing;Papua New Guinea;1
1980;Sailing;Oman;1
1980;Sailing;Jamaica;1
1980;Sailing;Trinidad;1
1980;Sailing;Guatemala;1
1980;Sailing;Qatar;1
1980;Sailing;Egypt;1
1980;Sailing;Dominican Republic;1
1980;Sailing;Botswana;1
1980;Sailing;Senegal;1
1980;Sailing;Djibouti;1
1980;Sailing;Curacao;1
1980;Sailing;Colombia;1
1980;Shooting;Germany;57
1980;Shooting;South Korea;42
1980;Shooting;China;37
1980;Shooting;USA;35
1980;Shooting;Hungary;32
1980;Shooting;Russia;32
1980;Shooting;Sweden;31
1980;Shooting;Japan;27
1980;Shooting;Italy;27
1980;Shooting;France;27
1980;Shooting;Austria;25
1980;Shooting;Czech Republic;25
1980;Shooting;UK;23
1980;Shooting;Canada;22
1980;Shooting;Finland;22
1980;Shooting;Spain;20
1980;Shooting;Australia;19
1980;Shooting;Thailand;18
1980;Shooting;Switzerland;17
1980;Shooting;Poland;17
1980;Shooting;San Marino;14
1980;Shooting;Colombia;14
1980;Shooting;Bulgaria;14
1980;Shooting;Belgium;13
1980;Shooting;Zimbabwe;12
1980;Shooting;India;12
1980;Shooting;Brazil;12
1980;Shooting;Denmark;12
1980;Shooting;North Korea;11
1980;Shooting;Norway;11
1980;Shooting;Netherlands;11
1980;Shooting;Romania;10
1980;Shooting;Jordan;10
1980;Shooting;Mexico;10
1980;Shooting;Egypt;10
1980;Shooting;Peru;9
1980;Shooting;Greece;8
1980;Shooting;Oman;8
1980;Shooting;Argentina;8
1980;Shooting;Serbia;8
1980;Shooting;Vietnam;7
1980;Shooting;Costa Rica;7
1980;Shooting;Saudi Arabia;7
1980;Shooting;Paraguay;6
1980;Shooting;Portugal;6
1980;Shooting;Laos;6
1980;Shooting;Venezuela;6
1980;Shooting;Cuba;5
1980;Shooting;Ecuador;5
1980;Shooting;Ireland;5
1980;Shooting;New Zealand;5
1980;Shooting;Monaco;5
1980;Shooting;Guatemala;5
1980;Shooting;Syria;5
1980;Shooting;Mongolia;4
1980;Shooting;Qatar;4
1980;Shooting;Lebanon;4
1980;Shooting;Boliva;4
1980;Shooting;Israel;4
1980;Shooting;Cyprus;4
1980;Shooting;Bahrain;4
1980;Shooting;Puerto Rico;4
1980;Shooting;Turkey;4
1980;Shooting;Chile;4
1980;Shooting;Taiwan;4
1980;Shooting;Virgin Islands, US;4
1980;Shooting;Malta;3
1980;Shooting;Liechtenstein;3
1980;Shooting;Andorra;2
1980;Shooting;Malaysia;2
1980;Shooting;Papua New Guinea;2
1980;Shooting;Indonesia;2
1980;Shooting;Individual Olympic Athletes;2
1980;Shooting;Kenya;2
1980;Shooting;Senegal;2
1980;Shooting;Sri Lanka;2
1980;Shooting;Luxembourg;2
1980;Shooting;Bosnia and Herzegovina;1
1980;Shooting;Croatia;1
1980;Shooting;Curacao;1
1980;Shooting;El Salvador;1
1980;Shooting;Philippines;1
1980;Shooting;Georgia;1
1980;Shooting;Nepal;1
1980;Shooting;Belarus;1
1980;Swimming;Germany;104
1980;Swimming;UK;80
1980;Swimming;USA;77
1980;Swimming;Russia;65
1980;Swimming;Canada;63
1980;Swimming;Australia;61
1980;Swimming;China;56
1980;Swimming;Sweden;50
1980;Swimming;France;47
1980;Swimming;Italy;47
1980;Swimming;Japan;38
1980;Swimming;Netherlands;30
1980;Swimming;Hungary;27
1980;Swimming;Spain;27
1980;Swimming;Brazil;25
1980;Swimming;Mexico;25
1980;Swimming;South Korea;20
1980;Swimming;Bulgaria;19
1980;Swimming;Denmark;17
1980;Swimming;Belgium;16
1980;Swimming;Switzerland;16
1980;Swimming;Austria;15
1980;Swimming;Egypt;14
1980;Swimming;Portugal;14
1980;Swimming;New Zealand;13
1980;Swimming;Poland;13
1980;Swimming;Angola;13
1980;Swimming;Virgin Islands, US;13
1980;Swimming;Vietnam;13
1980;Swimming;Taiwan;11
1980;Swimming;Czech Republic;11
1980;Swimming;Kuwait;10
1980;Swimming;Iceland;10
1980;Swimming;Romania;10
1980;Swimming;Peru;10
1980;Swimming;Costa Rica;10
1980;Swimming;Ireland;10
1980;Swimming;Honduras;9
1980;Swimming;Puerto Rico;8
1980;Swimming;Philippines;8
1980;Swimming;Mozambique;8
1980;Swimming;Argentina;7
1980;Swimming;Lebanon;7
1980;Swimming;Greece;7
1980;Swimming;United Arab Emirates;6
1980;Swimming;Fiji;6
1980;Swimming;Guatemala;6
1980;Swimming;Zimbabwe;6
1980;Swimming;Serbia;6
1980;Swimming;Venezuela;6
1980;Swimming;Turkey;6
1980;Swimming;Algeria;5
1980;Swimming;Jamaica;5
1980;Swimming;Norway;4
1980;Swimming;Libya;4
1980;Swimming;Guam;4
1980;Swimming;Cyprus;4
1980;Swimming;San Marino;3
1980;Swimming;Curacao;3
1980;Swimming;Finland;3
1980;Swimming;Barbados;3
1980;Swimming;Israel;3
1980;Swimming;Indonesia;3
1980;Swimming;Bahamas;3
1980;Swimming;Madagascar;3
1980;Swimming;Malaysia;3
1980;Swimming;Colombia;2
1980;Swimming;Trinidad;2
1980;Swimming;Tunisia;2
1980;Swimming;Bahrain;2
1980;Swimming;Uruguay;2
1980;Swimming;Bangladesh;2
1980;Swimming;El Salvador;2
1980;Swimming;Luxembourg;2
1980;Swimming;Ecuador;2
1980;Swimming;Senegal;2
1980;Swimming;Sri Lanka;2
1980;Swimming;Suriname;2
1980;Swimming;Swaziland;2
1980;Swimming;Bermuda;1
1980;Swimming;Boliva;1
1980;Swimming;Panama;1
1980;Swimming;Uganda;1
1980;Swimming;Djibouti;1
1980;Swimming;India;1
1980;Swimming;Nicaragua;1
1980;Swimming;Iraq;1
1980;Swimming;Monaco;1
1980;Synchronized Swimming;Japan;6
1980;Synchronized Swimming;Spain;6
1980;Synchronized Swimming;China;6
1980;Synchronized Swimming;Germany;6
1980;Synchronized Swimming;UK;6
1980;Synchronized Swimming;Canada;5
1980;Synchronized Swimming;France;5
1980;Synchronized Swimming;Mexico;5
1980;Synchronized Swimming;Australia;4
1980;Synchronized Swimming;USA;4
1980;Synchronized Swimming;Brazil;4
1980;Synchronized Swimming;Switzerland;4
1980;Synchronized Swimming;Egypt;3
1980;Synchronized Swimming;South Korea;3
1980;Synchronized Swimming;Netherlands;3
1980;Synchronized Swimming;Aruba;2
1980;Synchronized Swimming;Austria;2
1980;Synchronized Swimming;Belgium;2
1980;Synchronized Swimming;Curacao;2
1980;Synchronized Swimming;Dominican Republic;2
1980;Synchronized Swimming;New Zealand;2
1980;Synchronized Swimming;Russia;2
1980;Synchronized Swimming;Venezuela;2
1980;Synchronized Swimming;Italy;1
1980;Synchronized Swimming;Greece;1
1980;Synchronized Swimming;Barbados;1
1980;Synchronized Swimming;Sweden;1
1980;Table Tennis;China;13
1980;Table Tennis;Japan;8
1980;Table Tennis;South Korea;7
1980;Table Tennis;Taiwan;7
1980;Table Tennis;Germany;6
1980;Table Tennis;Nigeria;6
1980;Table Tennis;Hungary;5
1980;Table Tennis;Tunisia;4
1980;Table Tennis;USA;4
1980;Table Tennis;UK;4
1980;Table Tennis;Sweden;4
1980;Table Tennis;Czech Republic;4
1980;Table Tennis;India;3
1980;Table Tennis;Poland;3
1980;Table Tennis;Dominican Republic;3
1980;Table Tennis;Chile;3
1980;Table Tennis;Canada;3
1980;Table Tennis;Australia;3
1980;Table Tennis;Egypt;3
1980;Table Tennis;New Zealand;2
1980;Table Tennis;Bulgaria;2
1980;Table Tennis;Brazil;2
1980;Table Tennis;France;2
1980;Table Tennis;Belgium;2
1980;Table Tennis;Individual Olympic Athletes;2
1980;Table Tennis;Italy;2
1980;Table Tennis;Austria;2
1980;Table Tennis;Malaysia;2
1980;Table Tennis;Mauritius;2
1980;Table Tennis;Netherlands;2
1980;Table Tennis;Russia;2
1980;Table Tennis;Serbia;2
1980;Table Tennis;Venezuela;2
1980;Table Tennis;Indonesia;1
1980;Table Tennis;Ghana;1
1980;Table Tennis;Slovakia;1
1980;Table Tennis;Iraq;1
1980;Table Tennis;Argentina;1
1980;Table Tennis;Jamaica;1
1980;Table Tennis;Peru;1
1980;Table Tennis;Ukraine;1
1980;Table Tennis;Pakistan;1
1980;Table Tennis;Jordan;1
1980;Tennis;Canada;7
1980;Tennis;USA;7
1980;Tennis;Australia;6
1980;Tennis;Russia;5
1980;Tennis;Mexico;5
1980;Tennis;Czech Republic;5
1980;Tennis;Argentina;5
1980;Tennis;France;5
1980;Tennis;Germany;5
1980;Tennis;Italy;5
1980;Tennis;South Korea;5
1980;Tennis;Israel;4
1980;Tennis;UK;4
1980;Tennis;Spain;4
1980;Tennis;Japan;4
1980;Tennis;Zimbabwe;3
1980;Tennis;Austria;3
1980;Tennis;Brazil;3
1980;Tennis;Denmark;3
1980;Tennis;Greece;3
1980;Tennis;India;3
1980;Tennis;Indonesia;3
1980;Tennis;New Zealand;3
1980;Tennis;Nigeria;3
1980;Tennis;Serbia;3
1980;Tennis;Sweden;3
1980;Tennis;Switzerland;3
1980;Tennis;Ireland;2
1980;Tennis;Paraguay;2
1980;Tennis;Hungary;2
1980;Tennis;China;2
1980;Tennis;Bermuda;1
1980;Tennis;Bulgaria;1
1980;Tennis;Ivory Coast;1
1980;Tennis;Latvia;1
1980;Tennis;Belarus;1
1980;Tennis;Netherlands;1
1980;Tennis;Algeria;1
1980;Tennis;Poland;1
1980;Tennis;Haiti;1
1980;Volleyball;Brazil;50
1980;Volleyball;Russia;44
1980;Volleyball;USA;43
1980;Volleyball;South Korea;43
1980;Volleyball;Japan;40
1980;Volleyball;Bulgaria;36
1980;Volleyball;Germany;35
1980;Volleyball;Italy;30
1980;Volleyball;China;28
1980;Volleyball;Canada;24
1980;Volleyball;Cuba;23
1980;Volleyball;Romania;22
1980;Volleyball;Tunisia;20
1980;Volleyball;Peru;19
1980;Volleyball;Argentina;15
1980;Volleyball;Hungary;12
1980;Volleyball;Czech Republic;12
1980;Volleyball;Egypt;12
1980;Volleyball;France;12
1980;Volleyball;Sweden;12
1980;Volleyball;Netherlands;12
1980;Volleyball;Serbia;12
1980;Volleyball;Poland;11
1980;Volleyball;Libya;9
1980;Volleyball;Croatia;1
1980;Water Polo;Serbia;28
1980;Water Polo;Spain;28
1980;Water Polo;Hungary;25
1980;Water Polo;Australia;25
1980;Water Polo;Italy;25
1980;Water Polo;China;23
1980;Water Polo;Greece;23
1980;Water Polo;USA;21
1980;Water Polo;Russia;19
1980;Water Polo;Germany;18
1980;Water Polo;South Korea;18
1980;Water Polo;Netherlands;16
1980;Water Polo;Canada;14
1980;Water Polo;Japan;13
1980;Water Polo;France;13
1980;Water Polo;Brazil;13
1980;Water Polo;Bulgaria;12
1980;Water Polo;Romania;11
1980;Water Polo;Cuba;11
1980;Water Polo;Sweden;11
1980;Weightlifting;UK;23
1980;Weightlifting;Germany;22
1980;Weightlifting;China;20
1980;Weightlifting;Hungary;20
1980;Weightlifting;South Korea;19
1980;Weightlifting;Russia;19
1980;Weightlifting;USA;18
1980;Weightlifting;Bulgaria;17
1980;Weightlifting;Poland;16
1980;Weightlifting;Romania;15
1980;Weightlifting;Egypt;15
1980;Weightlifting;Czech Republic;14
1980;Weightlifting;Greece;14
1980;Weightlifting;Sweden;13
1980;Weightlifting;Japan;13
1980;Weightlifting;Finland;12
1980;Weightlifting;Australia;11
1980;Weightlifting;Nigeria;11
1980;Weightlifting;France;10
1980;Weightlifting;Austria;9
1980;Weightlifting;Italy;9
1980;Weightlifting;Cuba;9
1980;Weightlifting;Canada;9
1980;Weightlifting;Taiwan;9
1980;Weightlifting;India;8
1980;Weightlifting;Indonesia;8
1980;Weightlifting;Turkey;8
1980;Weightlifting;Spain;7
1980;Weightlifting;Colombia;7
1980;Weightlifting;Iraq;6
1980;Weightlifting;Lebanon;6
1980;Weightlifting;Syria;6
1980;Weightlifting;Nepal;5
1980;Weightlifting;Dominican Republic;5
1980;Weightlifting;North Korea;5
1980;Weightlifting;Algeria;5
1980;Weightlifting;Mexico;4
1980;Weightlifting;Libya;4
1980;Weightlifting;Kenya;4
1980;Weightlifting;Ecuador;4
1980;Weightlifting;Brazil;4
1980;Weightlifting;Denmark;4
1980;Weightlifting;Uganda;4
1980;Weightlifting;New Zealand;3
1980;Weightlifting;Iceland;3
1980;Weightlifting;Guatemala;3
1980;Weightlifting;Mongolia;3
1980;Weightlifting;Panama;3
1980;Weightlifting;Peru;3
1980;Weightlifting;Philippines;3
1980;Weightlifting;Portugal;3
1980;Weightlifting;Samoa;3
1980;Weightlifting;Belgium;3
1980;Weightlifting;American Samoa;2
1980;Weightlifting;Guam;2
1980;Weightlifting;San Marino;2
1980;Weightlifting;Swaziland;2
1980;Weightlifting;Cameroon;2
1980;Weightlifting;Puerto Rico;2
1980;Weightlifting;Cook Islands;2
1980;Weightlifting;Tunisia;2
1980;Weightlifting;Solomon Islands;2
1980;Weightlifting;Papua New Guinea;2
1980;Weightlifting;Serbia;2
1980;Weightlifting;Nicaragua;2
1980;Weightlifting;Venezuela;2
1980;Weightlifting;Uzbekistan;1
1980;Weightlifting;Switzerland;1
1980;Weightlifting;Uruguay;1
1980;Weightlifting;Costa Rica;1
1980;Weightlifting;Boliva;1
1980;Weightlifting;Djibouti;1
1980;Weightlifting;Sierra Leone;1
1980;Weightlifting;Mauritius;1
1980;Weightlifting;Sri Lanka;1
1980;Weightlifting;Israel;1
1980;Weightlifting;Jamaica;1
1980;Weightlifting;Myanmar;1
1980;Weightlifting;Zimbabwe;1
1980;Wrestling;Germany;42
1980;Wrestling;Hungary;41
1980;Wrestling;Bulgaria;41
1980;Wrestling;Russia;39
1980;Wrestling;Poland;36
1980;Wrestling;USA;35
1980;Wrestling;Japan;33
1980;Wrestling;South Korea;30
1980;Wrestling;Romania;28
1980;Wrestling;Syria;26
1980;Wrestling;Finland;22
1980;Wrestling;Turkey;22
1980;Wrestling;Mongolia;21
1980;Wrestling;Serbia;21
1980;Wrestling;Sweden;20
1980;Wrestling;Canada;20
1980;Wrestling;India;18
1980;Wrestling;China;16
1980;Wrestling;Iraq;16
1980;Wrestling;Czech Republic;16
1980;Wrestling;Iran;15
1980;Wrestling;UK;14
1980;Wrestling;Egypt;13
1980;Wrestling;Afghanistan;13
1980;Wrestling;Cameroon;13
1980;Wrestling;France;13
1980;Wrestling;Spain;13
1980;Wrestling;Austria;12
1980;Wrestling;Greece;12
1980;Wrestling;Italy;11
1980;Wrestling;Nigeria;10
1980;Wrestling;Cuba;10
1980;Wrestling;Mexico;10
1980;Wrestling;Senegal;8
1980;Wrestling;Morocco;7
1980;Wrestling;Australia;6
1980;Wrestling;Norway;6
1980;Wrestling;Vietnam;6
1980;Wrestling;Peru;5
1980;Wrestling;Taiwan;5
1980;Wrestling;Puerto Rico;5
1980;Wrestling;Switzerland;5
1980;Wrestling;Mauritania;5
1980;Wrestling;Colombia;5
1980;Wrestling;New Zealand;5
1980;Wrestling;Belgium;4
1980;Wrestling;Panama;4
1980;Wrestling;Argentina;4
1980;Wrestling;Kenya;4
1980;Wrestling;Pakistan;4
1980;Wrestling;Malta;3
1980;Wrestling;Tunisia;3
1980;Wrestling;North Korea;3
1980;Wrestling;Algeria;3
1980;Wrestling;Gambia;3
1980;Wrestling;Guinea;3
1980;Wrestling;Lebanon;3
1980;Wrestling;Samoa;2
1980;Wrestling;Brazil;2
1980;Wrestling;Indonesia;2
1980;Wrestling;Jordan;2
1980;Wrestling;Philippines;2
1980;Wrestling;Denmark;2
1980;Wrestling;Israel;2
1980;Wrestling;Yemen;2
1980;Wrestling;Ecuador;1
1980;Wrestling;El Salvador;1
1980;Wrestling;Dominican Republic;1
1980;Wrestling;American Samoa;1
1980;Wrestling;Boliva;1
1980;Wrestling;Mali;1
1980;Wrestling;Mauritius;1
1980;Wrestling;Ireland;1
1980;Wrestling;Guatemala;1
1980;Wrestling;Guam;1
1980;Wrestling;Portugal;1
1990;Archery;South Korea;14
1990;Archery;China;13
1990;Archery;USA;11
1990;Archery;Japan;11
1990;Archery;Russia;9
1990;Archery;Poland;9
1990;Archery;Italy;9
1990;Archery;Turkey;8
1990;Archery;Taiwan;8
1990;Archery;Germany;8
1990;Archery;France;8
1990;Archery;Sweden;7
1990;Archery;Bhutan;7
1990;Archery;UK;7
1990;Archery;Australia;7
1990;Archery;Netherlands;7
1990;Archery;Mexico;6
1990;Archery;Indonesia;6
1990;Archery;Ukraine;6
1990;Archery;Canada;5
1990;Archery;Kazakhstan;5
1990;Archery;South Africa;5
1990;Archery;Spain;4
1990;Archery;India;4
1990;Archery;Hungary;4
1990;Archery;Finland;4
1990;Archery;Denmark;3
1990;Archery;North Korea;3
1990;Archery;Slovenia;3
1990;Archery;Portugal;2
1990;Archery;Kenya;2
1990;Archery;Moldova;2
1990;Archery;New Zealand;2
1990;Archery;Norway;2
1990;Archery;Ireland;2
1990;Archery;Belarus;2
1990;Archery;Bulgaria;2
1990;Archery;Brazil;2
1990;Archery;Czech Republic;1
1990;Archery;San Marino;1
1990;Archery;Luxembourg;1
1990;Archery;Guam;1
1990;Archery;Cyprus;1
1990;Archery;Belgium;1
1990;Archery;Costa Rica;1
1990;Archery;Estonia;1
1990;Archery;Colombia;1
1990;Archery;Mongolia;1
1990;Archery;Georgia;1
1990;Archery;Puerto Rico;1
1990;Athletics;USA;196
1990;Athletics;Russia;165
1990;Athletics;UK;138
1990;Athletics;Germany;129
1990;Athletics;France;97
1990;Athletics;Spain;93
1990;Athletics;Australia;78
1990;Athletics;Canada;72
1990;Athletics;Italy;72
1990;Athletics;Kenya;71
1990;Athletics;China;69
1990;Athletics;Cuba;59
1990;Athletics;Japan;57
1990;Athletics;Portugal;51
1990;Athletics;Brazil;51
1990;Athletics;Jamaica;51
1990;Athletics;Hungary;46
1990;Athletics;Romania;43
1990;Athletics;Finland;43
1990;Athletics;Poland;39
1990;Athletics;Nigeria;38
1990;Athletics;Ukraine;38
1990;Athletics;Czech Republic;38
1990;Athletics;Ireland;35
1990;Athletics;South Africa;35
1990;Athletics;Bulgaria;34
1990;Athletics;Switzerland;34
1990;Athletics;Sweden;31
1990;Athletics;Greece;31
1990;Athletics;Mexico;31
1990;Athletics;Belarus;30
1990;Athletics;New Zealand;28
1990;Athletics;Ethiopia;27
1990;Athletics;South Korea;26
1990;Athletics;Thailand;26
1990;Athletics;Morocco;25
1990;Athletics;Netherlands;24
1990;Athletics;Austria;23
1990;Athletics;Bahamas;23
1990;Athletics;Latvia;20
1990;Athletics;Ghana;20
1990;Athletics;Belgium;18
1990;Athletics;Lithuania;17
1990;Athletics;Sierra Leone;17
1990;Athletics;Kazakhstan;17
1990;Athletics;Norway;17
1990;Athletics;Qatar;16
1990;Athletics;Lesotho;15
1990;Athletics;Senegal;15
1990;Athletics;Virgin Islands, US;14
1990;Athletics;Colombia;14
1990;Athletics;Algeria;14
1990;Athletics;Fiji;14
1990;Athletics;Barbados;13
1990;Athletics;Cameroon;12
1990;Athletics;Estonia;12
1990;Athletics;Gambia;12
1990;Athletics;Cyprus;12
1990;Athletics;Sri Lanka;12
1990;Athletics;Slovenia;12
1990;Athletics;Serbia;12
1990;Athletics;Saint Vincent;12
1990;Athletics;Mauritius;12
1990;Athletics;Antigua;12
1990;Athletics;Zimbabwe;11
1990;Athletics;Equatorial Guinea;11
1990;Athletics;Ivory Coast;11
1990;Athletics;Papua New Guinea;11
1990;Athletics;Uzbekistan;11
1990;Athletics;Rwanda;10
1990;Athletics;Saint Kitts;10
1990;Athletics;Central African Republic;10
1990;Athletics;Saudi Arabia;10
1990;Athletics;Laos;10
1990;Athletics;Botswana;10
1990;Athletics;Tanzania;9
1990;Athletics;Puerto Rico;9
1990;Athletics;Grenada;9
1990;Athletics;Guyana;9
1990;Athletics;Belize;9
1990;Athletics;Argentina;9
1990;Athletics;Trinidad;9
1990;Athletics;Taiwan;9
1990;Athletics;Madagascar;9
1990;Athletics;Costa Rica;8
1990;Athletics;Republic of Congo;8
1990;Athletics;North Korea;8
1990;Athletics;Slovakia;8
1990;Athletics;Swaziland;8
1990;Athletics;Ecuador;8
1990;Athletics;Vanuatu;8
1990;Athletics;Denmark;8
1990;Athletics;Boliva;8
1990;Athletics;Guinea;8
1990;Athletics;Mauritania;7
1990;Athletics;Uganda;7
1990;Athletics;Tunisia;7
1990;Athletics;Peru;7
1990;Athletics;Maldives;7
1990;Athletics;Virgin Islands, British;7
1990;Athletics;Democratic Republic of the Congo;7
1990;Athletics;Benin;7
1990;Athletics;Bahrain;7
1990;Athletics;Chad;7
1990;Athletics;Djibouti;7
1990;Athletics;Burundi;7
1990;Athletics;Yemen;6
1990;Athletics;Iceland;6
1990;Athletics;India;6
1990;Athletics;Israel;6
1990;Athletics;Kyrgyzstan;6
1990;Athletics;Moldova;6
1990;Athletics;Pakistan;6
1990;Athletics;Chile;6
1990;Athletics;Angola;6
1990;Athletics;Bangladesh;6
1990;Athletics;Burkina Faso;6
1990;Athletics;Togo;6
1990;Athletics;Turkey;6
1990;Athletics;Vietnam;6
1990;Athletics;Guatemala;6
1990;Athletics;Mali;5
1990;Athletics;Tonga;5
1990;Athletics;Saint Lucia;5
1990;Athletics;Zambia;5
1990;Athletics;Libya;5
1990;Athletics;Oman;5
1990;Athletics;Seychelles;5
1990;Athletics;Malawi;5
1990;Athletics;Haiti;5
1990;Athletics;Honduras;5
1990;Athletics;Philippines;5
1990;Athletics;Namibia;5
1990;Athletics;United Arab Emirates;5
1990;Athletics;Kuwait;5
1990;Athletics;Dominica;5
1990;Athletics;Sudan;5
1990;Athletics;Gabon;5
1990;Athletics;Liberia;5
1990;Athletics;Paraguay;4
1990;Athletics;Bosnia and Herzegovina;4
1990;Athletics;Individual Olympic Athletes;4
1990;Athletics;Comoros;4
1990;Athletics;El Salvador;4
1990;Athletics;Bermuda;4
1990;Athletics;Malaysia;4
1990;Athletics;Venezuela;4
1990;Athletics;San Marino;4
1990;Athletics;Guam;4
1990;Athletics;Somalia;4
1990;Athletics;Myanmar;4
1990;Athletics;Azerbaijan;4
1990;Athletics;Niger;4
1990;Athletics;Jordan;3
1990;Athletics;Solomon Islands;3
1990;Athletics;Aruba;3
1990;Athletics;Cape Verde;3
1990;Athletics;Croatia;3
1990;Athletics;Dominican Republic;3
1990;Athletics;Guinea-Bissau;3
1990;Athletics;Mongolia;3
1990;Athletics;Mozambique;3
1990;Athletics;Syria;3
1990;Athletics;Albania;3
1990;Athletics;Uruguay;3
1990;Athletics;Malta;3
1990;Athletics;Nepal;3
1990;Athletics;Liechtenstein;2
1990;Athletics;Samoa;2
1990;Athletics;American Samoa;2
1990;Athletics;Suriname;2
1990;Athletics;Andorra;2
1990;Athletics;Curacao;2
1990;Athletics;Cayman Islands;2
1990;Athletics;Afghanistan;2
1990;Athletics;Panama;2
1990;Athletics;Cambodia;2
1990;Athletics;Georgia;2
1990;Athletics;Iran;2
1990;Athletics;Nicaragua;2
1990;Athletics;Sao Tome and Principe;2
1990;Athletics;Iraq;1
1990;Athletics;Lebanon;1
1990;Athletics;Cook Islands;1
1990;Athletics;Tajikistan;1
1990;Athletics;Armenia;1
1990;Athletics;Luxembourg;1
1990;Athletics;Indonesia;1
1990;Athletics;Palestine;1
1990;Badminton;China;45
1990;Badminton;Indonesia;26
1990;Badminton;South Korea;25
1990;Badminton;Denmark;20
1990;Badminton;UK;18
1990;Badminton;Japan;15
1990;Badminton;Sweden;11
1990;Badminton;Thailand;11
1990;Badminton;Canada;10
1990;Badminton;Malaysia;10
1990;Badminton;Australia;9
1990;Badminton;Germany;8
1990;Badminton;Bulgaria;8
1990;Badminton;USA;7
1990;Badminton;Taiwan;6
1990;Badminton;Netherlands;6
1990;Badminton;Poland;6
1990;Badminton;France;5
1990;Badminton;Russia;5
1990;Badminton;Mauritius;5
1990;Badminton;Hungary;4
1990;Badminton;New Zealand;4
1990;Badminton;India;4
1990;Badminton;Switzerland;4
1990;Badminton;Iceland;3
1990;Badminton;Ukraine;3
1990;Badminton;Finland;2
1990;Badminton;Spain;2
1990;Badminton;Czech Republic;2
1990;Badminton;South Africa;2
1990;Badminton;Portugal;2
1990;Badminton;Belarus;2
1990;Badminton;Nigeria;2
1990;Badminton;Austria;2
1990;Badminton;Trinidad;1
1990;Badminton;Guatemala;1
1990;Badminton;Romania;1
1990;Badminton;Philippines;1
1990;Badminton;Peru;1
1990;Badminton;Sri Lanka;1
1990;Badminton;Suriname;1
1990;Badminton;Norway;1
1990;Badminton;Belgium;1
1990;Baseball;USA;40
1990;Baseball;Japan;39
1990;Baseball;Italy;32
1990;Baseball;Cuba;31
1990;Baseball;South Korea;22
1990;Baseball;Spain;20
1990;Baseball;Taiwan;20
1990;Baseball;Australia;20
1990;Baseball;Dominican Republic;20
1990;Baseball;Netherlands;20
1990;Baseball;Nicaragua;20
1990;Baseball;Puerto Rico;20
1990;Baseball;Venezuela;1
1990;Basketball;China;41
1990;Basketball;USA;41
1990;Basketball;Brazil;39
1990;Basketball;Russia;34
1990;Basketball;Australia;30
1990;Basketball;South Korea;25
1990;Basketball;Spain;23
1990;Basketball;Italy;20
1990;Basketball;Puerto Rico;20
1990;Basketball;Serbia;18
1990;Basketball;Cuba;16
1990;Basketball;Angola;15
1990;Basketball;Japan;13
1990;Basketball;Lithuania;13
1990;Basketball;Argentina;12
1990;Basketball;Germany;12
1990;Basketball;Democratic Republic of the Congo;12
1990;Basketball;Canada;12
1990;Basketball;Ukraine;12
1990;Basketball;Greece;12
1990;Basketball;Croatia;11
1990;Basketball;Venezuela;10
1990;Basketball;Czech Republic;10
1990;Basketball;Slovakia;2
1990;Beach Volleyball;USA;12
1990;Beach Volleyball;Brazil;8
1990;Beach Volleyball;Japan;6
1990;Beach Volleyball;Canada;6
1990;Beach Volleyball;Australia;6
1990;Beach Volleyball;Spain;4
1990;Beach Volleyball;Italy;4
1990;Beach Volleyball;France;4
1990;Beach Volleyball;Germany;4
1990;Beach Volleyball;Indonesia;4
1990;Beach Volleyball;Norway;4
1990;Beach Volleyball;Netherlands;4
1990;Beach Volleyball;New Zealand;2
1990;Beach Volleyball;Cuba;2
1990;Beach Volleyball;Czech Republic;2
1990;Beach Volleyball;Estonia;2
1990;Beach Volleyball;Mexico;2
1990;Beach Volleyball;Portugal;2
1990;Beach Volleyball;Sweden;2
1990;Beach Volleyball;UK;2
1990;Beach Volleyball;Argentina;2
1990;Boxing;USA;24
1990;Boxing;Russia;20
1990;Boxing;Canada;19
1990;Boxing;Cuba;19
1990;Boxing;South Korea;19
1990;Boxing;Germany;18
1990;Boxing;Hungary;16
1990;Boxing;Puerto Rico;15
1990;Boxing;Algeria;13
1990;Boxing;Dominican Republic;12
1990;Boxing;Mexico;12
1990;Boxing;France;12
1990;Boxing;UK;12
1990;Boxing;Australia;12
1990;Boxing;Nigeria;12
1990;Boxing;Philippines;11
1990;Boxing;Poland;11
1990;Boxing;Turkey;10
1990;Boxing;Kenya;10
1990;Boxing;Italy;10
1990;Boxing;Ireland;10
1990;Boxing;Morocco;9
1990;Boxing;Mongolia;9
1990;Boxing;Bulgaria;9
1990;Boxing;Czech Republic;9
1990;Boxing;Brazil;9
1990;Boxing;Thailand;9
1990;Boxing;Sweden;9
1990;Boxing;Romania;9
1990;Boxing;Kazakhstan;8
1990;Boxing;India;8
1990;Boxing;Pakistan;8
1990;Boxing;North Korea;8
1990;Boxing;China;8
1990;Boxing;Iran;8
1990;Boxing;Argentina;8
1990;Boxing;Zambia;7
1990;Boxing;South Africa;7
1990;Boxing;Japan;7
1990;Boxing;Colombia;7
1990;Boxing;Papua New Guinea;7
1990;Boxing;Uzbekistan;7
1990;Boxing;Spain;7
1990;Boxing;Egypt;6
1990;Boxing;Tunisia;6
1990;Boxing;Ukraine;6
1990;Boxing;Tanzania;6
1990;Boxing;Ghana;6
1990;Boxing;Denmark;6
1990;Boxing;Venezuela;5
1990;Boxing;Indonesia;5
1990;Boxing;Samoa;5
1990;Boxing;Belarus;5
1990;Boxing;Netherlands;5
1990;Boxing;Jamaica;5
1990;Boxing;Uganda;5
1990;Boxing;Lithuania;4
1990;Boxing;Georgia;4
1990;Boxing;Cameroon;4
1990;Boxing;New Zealand;4
1990;Boxing;Armenia;3
1990;Boxing;Kyrgyzstan;3
1990;Boxing;Greece;3
1990;Boxing;Guyana;3
1990;Boxing;Seychelles;3
1990;Boxing;Barbados;3
1990;Boxing;Mauritius;3
1990;Boxing;Namibia;3
1990;Boxing;Gabon;3
1990;Boxing;Nicaragua;2
1990;Boxing;Madagascar;2
1990;Boxing;Zimbabwe;2
1990;Boxing;Latvia;2
1990;Boxing;Norway;2
1990;Boxing;Slovakia;2
1990;Boxing;Ethiopia;2
1990;Boxing;Swaziland;2
1990;Boxing;Azerbaijan;2
1990;Boxing;Syria;2
1990;Boxing;Ecuador;2
1990;Boxing;Iraq;2
1990;Boxing;Tonga;2
1990;Boxing;Trinidad;2
1990;Boxing;American Samoa;2
1990;Boxing;Honduras;2
1990;Boxing;Guatemala;2
1990;Boxing;Botswana;2
1990;Boxing;Uruguay;2
1990;Boxing;Virgin Islands, US;2
1990;Boxing;Moldova;2
1990;Boxing;Tajikistan;1
1990;Boxing;Turkmenistan;1
1990;Boxing;Finland;1
1990;Boxing;Burkina Faso;1
1990;Boxing;Croatia;1
1990;Boxing;Angola;1
1990;Boxing;Democratic Republic of the Congo;1
1990;Boxing;Serbia;1
1990;Boxing;Chile;1
1990;Boxing;Sierra Leone;1
1990;Boxing;Laos;1
1990;Boxing;Belgium;1
1990;Boxing;Guinea;1
1990;Boxing;Mozambique;1
1990;Boxing;Peru;1
1990;Boxing;Malaysia;1
1990;Boxing;Israel;1
1990;Boxing;Taiwan;1
1990;Canoeing;USA;45
1990;Canoeing;Germany;42
1990;Canoeing;Czech Republic;42
1990;Canoeing;France;37
1990;Canoeing;Russia;33
1990;Canoeing;UK;32
1990;Canoeing;Poland;31
1990;Canoeing;Spain;31
1990;Canoeing;Australia;31
1990;Canoeing;Canada;30
1990;Canoeing;Italy;25
1990;Canoeing;Hungary;24
1990;Canoeing;Sweden;20
1990;Canoeing;Romania;19
1990;Canoeing;Bulgaria;15
1990;Canoeing;China;15
1990;Canoeing;Uzbekistan;15
1990;Canoeing;South Africa;12
1990;Canoeing;Slovakia;12
1990;Canoeing;Japan;11
1990;Canoeing;Ukraine;11
1990;Canoeing;Switzerland;11
1990;Canoeing;Slovenia;11
1990;Canoeing;Portugal;10
1990;Canoeing;Norway;10
1990;Canoeing;Ireland;9
1990;Canoeing;Argentina;9
1990;Canoeing;Mexico;9
1990;Canoeing;New Zealand;9
1990;Canoeing;Kazakhstan;8
1990;Canoeing;South Korea;7
1990;Canoeing;Brazil;6
1990;Canoeing;Croatia;6
1990;Canoeing;Denmark;6
1990;Canoeing;Belgium;5
1990;Canoeing;Netherlands;5
1990;Canoeing;Costa Rica;5
1990;Canoeing;Individual Olympic Athletes;5
1990;Canoeing;Austria;5
1990;Canoeing;Cuba;4
1990;Canoeing;Lithuania;3
1990;Canoeing;Antigua;3
1990;Canoeing;Latvia;3
1990;Canoeing;Ivory Coast;3
1990;Canoeing;Indonesia;3
1990;Canoeing;Serbia;2
1990;Canoeing;Macedonia;2
1990;Canoeing;Moldova;2
1990;Canoeing;Kyrgyzstan;2
1990;Canoeing;Israel;2
1990;Canoeing;Finland;2
1990;Canoeing;Estonia;2
1990;Canoeing;Bosnia and Herzegovina;2
1990;Canoeing;Malaysia;1
1990;Canoeing;Panama;1
1990;Canoeing;Peru;1
1990;Canoeing;Uruguay;1
1990;Canoeing;Belarus;1
1990;Canoeing;Guatemala;1
1990;Cycling;Italy;36
1990;Cycling;Russia;36
1990;Cycling;USA;36
1990;Cycling;Australia;32
1990;Cycling;France;32
1990;Cycling;UK;31
1990;Cycling;Spain;30
1990;Cycling;Netherlands;30
1990;Cycling;Germany;30
1990;Cycling;New Zealand;27
1990;Cycling;Canada;26
1990;Cycling;Switzerland;25
1990;Cycling;Denmark;20
1990;Cycling;Japan;20
1990;Cycling;Colombia;19
1990;Cycling;Czech Republic;18
1990;Cycling;Argentina;17
1990;Cycling;Lithuania;15
1990;Cycling;Belgium;15
1990;Cycling;Poland;15
1990;Cycling;Norway;14
1990;Cycling;Brazil;13
1990;Cycling;China;13
1990;Cycling;Mexico;13
1990;Cycling;Sweden;12
1990;Cycling;South Korea;12
1990;Cycling;Ukraine;11
1990;Cycling;South Africa;10
1990;Cycling;Ireland;10
1990;Cycling;Austria;10
1990;Cycling;Latvia;9
1990;Cycling;Slovakia;9
1990;Cycling;Kazakhstan;8
1990;Cycling;Iran;7
1990;Cycling;Venezuela;7
1990;Cycling;Belarus;7
1990;Cycling;Estonia;7
1990;Cycling;Guatemala;6
1990;Cycling;Cayman Islands;6
1990;Cycling;Finland;6
1990;Cycling;Guam;6
1990;Cycling;Chile;6
1990;Cycling;Hungary;6
1990;Cycling;Portugal;6
1990;Cycling;Belize;5
1990;Cycling;Uruguay;5
1990;Cycling;United Arab Emirates;5
1990;Cycling;Moldova;5
1990;Cycling;Ecuador;5
1990;Cycling;Cuba;5
1990;Cycling;Ethiopia;5
1990;Cycling;Individual Olympic Athletes;4
1990;Cycling;North Korea;4
1990;Cycling;Greece;4
1990;Cycling;Bahrain;4
1990;Cycling;Mongolia;4
1990;Cycling;Central African Republic;4
1990;Cycling;Antigua;4
1990;Cycling;Rwanda;3
1990;Cycling;Democratic Republic of the Congo;3
1990;Cycling;Jamaica;3
1990;Cycling;Andorra;3
1990;Cycling;Saudi Arabia;3
1990;Cycling;Taiwan;2
1990;Cycling;Togo;2
1990;Cycling;Trinidad;2
1990;Cycling;Benin;2
1990;Cycling;Liechtenstein;2
1990;Cycling;Indonesia;2
1990;Cycling;Boliva;2
1990;Cycling;Lebanon;2
1990;Cycling;Aruba;2
1990;Cycling;Philippines;2
1990;Cycling;Serbia;2
1990;Cycling;Slovenia;1
1990;Cycling;Bulgaria;1
1990;Cycling;Costa Rica;1
1990;Cycling;Guyana;1
1990;Cycling;Suriname;1
1990;Cycling;El Salvador;1
1990;Cycling;Albania;1
1990;Cycling;Virgin Islands, US;1
1990;Cycling;Armenia;1
1990;Cycling;Oman;1
1990;Cycling;Nicaragua;1
1990;Cycling;Peru;1
1990;Cycling;Malaysia;1
1990;Cycling;Libya;1
1990;Cycling;Puerto Rico;1
1990;Cycling;Barbados;1
1990;Cycling;Kyrgyzstan;1
1990;Cycling;San Marino;1
1990;Cycling;Zimbabwe;1
1990;Cycling;Bermuda;1
1990;Diving;China;15
1990;Diving;USA;13
1990;Diving;Australia;13
1990;Diving;Canada;11
1990;Diving;Germany;10
1990;Diving;Russia;9
1990;Diving;Mexico;9
1990;Diving;North Korea;7
1990;Diving;UK;6
1990;Diving;Ukraine;6
1990;Diving;Kazakhstan;5
1990;Diving;Belarus;5
1990;Diving;Romania;5
1990;Diving;Spain;5
1990;Diving;Hungary;5
1990;Diving;Austria;4
1990;Diving;South Korea;4
1990;Diving;Japan;4
1990;Diving;Italy;4
1990;Diving;Sweden;3
1990;Diving;France;3
1990;Diving;Zimbabwe;2
1990;Diving;Armenia;2
1990;Diving;Bulgaria;2
1990;Diving;Georgia;2
1990;Diving;Greece;2
1990;Diving;Kuwait;2
1990;Diving;Netherlands;2
1990;Diving;Puerto Rico;2
1990;Diving;Serbia;2
1990;Diving;Switzerland;2
1990;Diving;Taiwan;2
1990;Diving;Tajikistan;2
1990;Diving;Thailand;2
1990;Diving;Argentina;2
1990;Diving;Costa Rica;1
1990;Diving;Sri Lanka;1
1990;Diving;Brazil;1
1990;Diving;Belgium;1
1990;Diving;Uruguay;1
1990;Diving;Azerbaijan;1
1990;Diving;Poland;1
1990;Diving;Venezuela;1
1990;Diving;Norway;1
1990;Diving;New Zealand;1
1990;Diving;Boliva;1
1990;Diving;South Africa;1
1990;Diving;Czech Republic;1
1990;Equestrianism;USA;24
1990;Equestrianism;Sweden;22
1990;Equestrianism;UK;22
1990;Equestrianism;France;22
1990;Equestrianism;Italy;21
1990;Equestrianism;Germany;20
1990;Equestrianism;Canada;20
1990;Equestrianism;Spain;17
1990;Equestrianism;Switzerland;16
1990;Equestrianism;Japan;16
1990;Equestrianism;Netherlands;15
1990;Equestrianism;Ireland;14
1990;Equestrianism;Belgium;13
1990;Equestrianism;Brazil;12
1990;Equestrianism;Australia;12
1990;Equestrianism;Mexico;10
1990;Equestrianism;Denmark;9
1990;Equestrianism;Austria;9
1990;Equestrianism;New Zealand;9
1990;Equestrianism;Hungary;8
1990;Equestrianism;Russia;8
1990;Equestrianism;Poland;7
1990;Equestrianism;Portugal;7
1990;Equestrianism;Argentina;5
1990;Equestrianism;South Korea;5
1990;Equestrianism;Colombia;3
1990;Equestrianism;South Africa;3
1990;Equestrianism;Bermuda;3
1990;Equestrianism;Saudi Arabia;3
1990;Equestrianism;Egypt;1
1990;Equestrianism;Virgin Islands, US;1
1990;Equestrianism;Czech Republic;1
1990;Equestrianism;Croatia;1
1990;Equestrianism;Bulgaria;1
1990;Equestrianism;Philippines;1
1990;Equestrianism;Norway;1
1990;Equestrianism;India;1
1990;Equestrianism;Finland;1
1990;Equestrianism;Puerto Rico;1
1990;Fencing;Hungary;29
1990;Fencing;Russia;28
1990;Fencing;France;28
1990;Fencing;USA;27
1990;Fencing;Germany;26
1990;Fencing;South Korea;25
1990;Fencing;Italy;25
1990;Fencing;Poland;24
1990;Fencing;China;23
1990;Fencing;Spain;21
1990;Fencing;Romania;19
1990;Fencing;Canada;17
1990;Fencing;UK;15
1990;Fencing;Cuba;10
1990;Fencing;Japan;10
1990;Fencing;Argentina;8
1990;Fencing;Switzerland;8
1990;Fencing;Estonia;7
1990;Fencing;Sweden;7
1990;Fencing;Austria;6
1990;Fencing;Czech Republic;5
1990;Fencing;South Africa;5
1990;Fencing;Portugal;5
1990;Fencing;Brazil;4
1990;Fencing;Ukraine;4
1990;Fencing;Venezuela;4
1990;Fencing;Israel;3
1990;Fencing;Australia;3
1990;Fencing;Paraguay;3
1990;Fencing;Bulgaria;3
1990;Fencing;Colombia;2
1990;Fencing;Kuwait;2
1990;Fencing;Lebanon;2
1990;Fencing;Greece;2
1990;Fencing;Algeria;2
1990;Fencing;Indonesia;2
1990;Fencing;Azerbaijan;2
1990;Fencing;Costa Rica;1
1990;Fencing;Saudi Arabia;1
1990;Fencing;Chile;1
1990;Fencing;Boliva;1
1990;Fencing;Belarus;1
1990;Fencing;Tunisia;1
1990;Fencing;Uzbekistan;1
1990;Fencing;Guatemala;1
1990;Fencing;Honduras;1
1990;Fencing;Individual Olympic Athletes;1
1990;Fencing;Ireland;1
1990;Fencing;Georgia;1
1990;Fencing;Finland;1
1990;Fencing;Luxembourg;1
1990;Fencing;New Zealand;1
1990;Fencing;Philippines;1
1990;Fencing;Egypt;1
1990;Fencing;Denmark;1
1990;Fencing;Puerto Rico;1
1990;Football;USA;45
1990;Football;Ghana;34
1990;Football;Australia;34
1990;Football;Spain;34
1990;Football;Italy;33
1990;Football;Brazil;33
1990;Football;Japan;33
1990;Football;Sweden;32
1990;Football;South Korea;31
1990;Football;Denmark;31
1990;Football;Mexico;30
1990;Football;Colombia;19
1990;Football;Kuwait;19
1990;Football;Portugal;19
1990;Football;Hungary;18
1990;Football;Argentina;18
1990;Football;Egypt;17
1990;Football;Tunisia;17
1990;Football;Paraguay;17
1990;Football;China;17
1990;Football;Qatar;17
1990;Football;France;17
1990;Football;Morocco;16
1990;Football;Nigeria;16
1990;Football;Norway;16
1990;Football;Poland;16
1990;Football;Saudi Arabia;16
1990;Football;Germany;15
1990;Gymnastics;China;26
1990;Gymnastics;Romania;22
1990;Gymnastics;France;21
1990;Gymnastics;USA;21
1990;Gymnastics;Russia;20
1990;Gymnastics;Japan;20
1990;Gymnastics;Bulgaria;18
1990;Gymnastics;Germany;18
1990;Gymnastics;Hungary;17
1990;Gymnastics;Spain;16
1990;Gymnastics;Australia;15
1990;Gymnastics;Italy;15
1990;Gymnastics;Canada;14
1990;Gymnastics;South Korea;14
1990;Gymnastics;Belarus;13
1990;Gymnastics;UK;12
1990;Gymnastics;Ukraine;11
1990;Gymnastics;North Korea;10
1990;Gymnastics;Greece;8
1990;Gymnastics;Switzerland;8
1990;Gymnastics;Czech Republic;7
1990;Gymnastics;Argentina;5
1990;Gymnastics;Kazakhstan;3
1990;Gymnastics;Puerto Rico;3
1990;Gymnastics;Norway;2
1990;Gymnastics;Uzbekistan;2
1990;Gymnastics;Mexico;2
1990;Gymnastics;Brazil;2
1990;Gymnastics;Sweden;1
1990;Gymnastics;Israel;1
1990;Gymnastics;Belgium;1
1990;Gymnastics;Croatia;1
1990;Gymnastics;Armenia;1
1990;Gymnastics;Georgia;1
1990;Gymnastics;Guatemala;1
1990;Gymnastics;Iceland;1
1990;Gymnastics;Ireland;1
1990;Gymnastics;Barbados;1
1990;Gymnastics;Latvia;1
1990;Gymnastics;Morocco;1
1990;Gymnastics;Netherlands;1
1990;Gymnastics;Portugal;1
1990;Gymnastics;Serbia;1
1990;Gymnastics;Slovakia;1
1990;Handball;Germany;55
1990;Handball;South Korea;43
1990;Handball;Spain;40
1990;Handball;USA;38
1990;Handball;Russia;33
1990;Handball;Hungary;32
1990;Handball;France;26
1990;Handball;Norway;24
1990;Handball;Egypt;23
1990;Handball;Brazil;23
1990;Handball;Sweden;21
1990;Handball;China;17
1990;Handball;Algeria;16
1990;Handball;Czech Republic;16
1990;Handball;Nigeria;16
1990;Handball;Romania;15
1990;Handball;Denmark;15
1990;Handball;Iceland;14
1990;Handball;Austria;13
1990;Handball;Angola;13
1990;Handball;Switzerland;13
1990;Handball;Kuwait;12
1990;Handball;Croatia;11
1990;Handball;Serbia;7
1990;Handball;Sudan;1
1990;Hockey;South Korea;51
1990;Hockey;UK;51
1990;Hockey;Netherlands;51
1990;Hockey;Australia;49
1990;Hockey;Spain;46
1990;Hockey;Germany;42
1990;Hockey;Argentina;42
1990;Hockey;USA;32
1990;Hockey;New Zealand;31
1990;Hockey;India;27
1990;Hockey;Pakistan;26
1990;Hockey;Malaysia;26
1990;Hockey;South Africa;17
1990;Hockey;Egypt;16
1990;Hockey;Russia;15
1990;Hockey;Canada;15
1990;Hockey;Barbados;1
1990;Hockey;Jamaica;1
1990;Hockey;Kuwait;1
1990;Judo;South Korea;29
1990;Judo;China;28
1990;Judo;Germany;25
1990;Judo;France;25
1990;Judo;Brazil;23
1990;Judo;USA;23
1990;Judo;Japan;22
1990;Judo;Russia;22
1990;Judo;Canada;20
1990;Judo;UK;20
1990;Judo;Poland;18
1990;Judo;Netherlands;18
1990;Judo;Cuba;16
1990;Judo;Spain;16
1990;Judo;Australia;14
1990;Judo;Argentina;14
1990;Judo;Hungary;14
1990;Judo;Italy;14
1990;Judo;Portugal;12
1990;Judo;Mongolia;12
1990;Judo;Austria;11
1990;Judo;Taiwan;11
1990;Judo;Czech Republic;10
1990;Judo;Belgium;10
1990;Judo;Turkey;9
1990;Judo;Puerto Rico;8
1990;Judo;India;8
1990;Judo;Kazakhstan;8
1990;Judo;Finland;8
1990;Judo;Senegal;8
1990;Judo;Romania;7
1990;Judo;Algeria;7
1990;Judo;Dominican Republic;7
1990;Judo;Uzbekistan;7
1990;Judo;Tunisia;7
1990;Judo;Haiti;6
1990;Judo;Egypt;6
1990;Judo;Switzerland;6
1990;Judo;Sweden;6
1990;Judo;Democratic Republic of the Congo;6
1990;Judo;New Zealand;5
1990;Judo;Georgia;5
1990;Judo;Indonesia;5
1990;Judo;Bulgaria;5
1990;Judo;Yemen;5
1990;Judo;Venezuela;5
1990;Judo;Greece;4
1990;Judo;Kuwait;4
1990;Judo;Lebanon;4
1990;Judo;Fiji;4
1990;Judo;Israel;4
1990;Judo;Belarus;4
1990;Judo;Iceland;4
1990;Judo;North Korea;4
1990;Judo;Angola;4
1990;Judo;Ivory Coast;4
1990;Judo;Tajikistan;3
1990;Judo;Central African Republic;3
1990;Judo;Ireland;3
1990;Judo;Individual Olympic Athletes;3
1990;Judo;Honduras;3
1990;Judo;Guinea;3
1990;Judo;Kenya;3
1990;Judo;Mauritius;3
1990;Judo;Mexico;3
1990;Judo;Morocco;3
1990;Judo;Serbia;3
1990;Judo;Thailand;3
1990;Judo;Ukraine;3
1990;Judo;Gabon;2
1990;Judo;El Salvador;2
1990;Judo;Sudan;2
1990;Judo;Cyprus;2
1990;Judo;Costa Rica;2
1990;Judo;Chad;2
1990;Judo;Bosnia and Herzegovina;2
1990;Judo;Kyrgyzstan;2
1990;Judo;Boliva;2
1990;Judo;Lithuania;2
1990;Judo;Turkmenistan;2
1990;Judo;Liechtenstein;2
1990;Judo;Zimbabwe;2
1990;Judo;Uruguay;2
1990;Judo;Libya;2
1990;Judo;Moldova;2
1990;Judo;Paraguay;2
1990;Judo;Philippines;2
1990;Judo;Madagascar;2
1990;Judo;Mali;2
1990;Judo;Malta;2
1990;Judo;San Marino;2
1990;Judo;Guatemala;2
1990;Judo;Djibouti;2
1990;Judo;Latvia;2
1990;Judo;Nicaragua;2
1990;Judo;Nigeria;2
1990;Judo;Slovakia;1
1990;Judo;Monaco;1
1990;Judo;Ecuador;1
1990;Judo;Vietnam;1
1990;Judo;Myanmar;1
1990;Judo;Curacao;1
1990;Judo;Cameroon;1
1990;Judo;Burkina Faso;1
1990;Judo;Norway;1
1990;Judo;Barbados;1
1990;Judo;Azerbaijan;1
1990;Judo;Armenia;1
1990;Judo;Republic of Congo;1
1990;Judo;Andorra;1
1990;Judo;Guam;1
1990;Judo;Slovenia;1
1990;Judo;South Africa;1
1990;Judo;Zambia;1
1990;Judo;Estonia;1
1990;Judo;Iran;1
1990;Judo;Luxembourg;1
1990;Modern Pentathlon;Hungary;7
1990;Modern Pentathlon;Italy;6
1990;Modern Pentathlon;Australia;5
1990;Modern Pentathlon;Mexico;5
1990;Modern Pentathlon;USA;4
1990;Modern Pentathlon;Lithuania;4
1990;Modern Pentathlon;Poland;4
1990;Modern Pentathlon;Russia;4
1990;Modern Pentathlon;South Korea;4
1990;Modern Pentathlon;Germany;3
1990;Modern Pentathlon;China;3
1990;Modern Pentathlon;Czech Republic;3
1990;Modern Pentathlon;Latvia;3
1990;Modern Pentathlon;UK;3
1990;Modern Pentathlon;Spain;3
1990;Modern Pentathlon;Egypt;3
1990;Modern Pentathlon;Sweden;3
1990;Modern Pentathlon;France;3
1990;Modern Pentathlon;Romania;2
1990;Modern Pentathlon;South Africa;2
1990;Modern Pentathlon;Bulgaria;2
1990;Modern Pentathlon;Switzerland;2
1990;Modern Pentathlon;Canada;2
1990;Modern Pentathlon;Portugal;1
1990;Modern Pentathlon;Guatemala;1
1990;Modern Pentathlon;Japan;1
1990;Modern Pentathlon;Kazakhstan;1
1990;Modern Pentathlon;Kyrgyzstan;1
1990;Modern Pentathlon;Peru;1
1990;Modern Pentathlon;Ukraine;1
1990;Modern Pentathlon;Greece;1
1990;Modern Pentathlon;Uruguay;1
1990;Modern Pentathlon;Estonia;1
1990;Rhythmic Gymnastics;Russia;10
1990;Rhythmic Gymnastics;Spain;10
1990;Rhythmic Gymnastics;China;10
1990;Rhythmic Gymnastics;France;9
1990;Rhythmic Gymnastics;Germany;9
1990;Rhythmic Gymnastics;USA;9
1990;Rhythmic Gymnastics;Italy;9
1990;Rhythmic Gymnastics;Belarus;8
1990;Rhythmic Gymnastics;Bulgaria;8
1990;Rhythmic Gymnastics;Poland;4
1990;Rhythmic Gymnastics;Romania;4
1990;Rhythmic Gymnastics;Greece;4
1990;Rhythmic Gymnastics;Czech Republic;3
1990;Rhythmic Gymnastics;Canada;3
1990;Rhythmic Gymnastics;Japan;3
1990;Rhythmic Gymnastics;Hungary;2
1990;Rhythmic Gymnastics;Cyprus;2
1990;Rhythmic Gymnastics;Finland;2
1990;Rhythmic Gymnastics;Austria;2
1990;Rhythmic Gymnastics;Individual Olympic Athletes;2
1990;Rhythmic Gymnastics;North Korea;2
1990;Rhythmic Gymnastics;South Korea;2
1990;Rhythmic Gymnastics;UK;2
1990;Rhythmic Gymnastics;Ukraine;2
1990;Rhythmic Gymnastics;Brazil;1
1990;Rhythmic Gymnastics;Lithuania;1
1990;Rhythmic Gymnastics;Georgia;1
1990;Rhythmic Gymnastics;Belgium;1
1990;Rowing;USA;90
1990;Rowing;Germany;84
1990;Rowing;Russia;67
1990;Rowing;UK;66
1990;Rowing;Australia;61
1990;Rowing;Canada;47
1990;Rowing;Italy;45
1990;Rowing;Romania;45
1990;Rowing;Netherlands;44
1990;Rowing;France;38
1990;Rowing;China;37
1990;Rowing;Czech Republic;33
1990;Rowing;Spain;29
1990;Rowing;Argentina;26
1990;Rowing;Poland;22
1990;Rowing;Austria;21
1990;Rowing;Denmark;21
1990;Rowing;Japan;21
1990;Rowing;Bulgaria;19
1990;Rowing;New Zealand;18
1990;Rowing;Switzerland;18
1990;Rowing;South Africa;17
1990;Rowing;Norway;16
1990;Rowing;Belarus;16
1990;Rowing;Brazil;14
1990;Rowing;Sweden;14
1990;Rowing;Ukraine;13
1990;Rowing;Croatia;11
1990;Rowing;Belgium;10
1990;Rowing;Lithuania;9
1990;Rowing;Hungary;9
1990;Rowing;Mexico;7
1990;Rowing;South Korea;7
1990;Rowing;Serbia;6
1990;Rowing;Estonia;6
1990;Rowing;Greece;6
1990;Rowing;Ireland;6
1990;Rowing;Latvia;6
1990;Rowing;Portugal;6
1990;Rowing;Finland;5
1990;Rowing;Cuba;5
1990;Rowing;Slovenia;5
1990;Rowing;Zimbabwe;2
1990;Rowing;Slovakia;2
1990;Rowing;Turkey;1
1990;Rowing;Jamaica;1
1990;Rowing;Egypt;1
1990;Rowing;Uruguay;1
1990;Rowing;Algeria;1
1990;Rowing;Lebanon;1
1990;Sailing;UK;30
1990;Sailing;USA;29
1990;Sailing;Canada;28
1990;Sailing;Italy;28
1990;Sailing;Germany;27
1990;Sailing;France;26
1990;Sailing;Brazil;26
1990;Sailing;Spain;24
1990;Sailing;New Zealand;24
1990;Sailing;Australia;23
1990;Sailing;Russia;23
1990;Sailing;Sweden;23
1990;Sailing;Denmark;23
1990;Sailing;Hungary;20
1990;Sailing;Greece;19
1990;Sailing;Netherlands;19
1990;Sailing;China;18
1990;Sailing;Norway;18
1990;Sailing;Austria;16
1990;Sailing;Argentina;16
1990;Sailing;Portugal;15
1990;Sailing;Japan;14
1990;Sailing;South Africa;13
1990;Sailing;Ireland;13
1990;Sailing;Switzerland;13
1990;Sailing;Finland;12
1990;Sailing;Israel;10
1990;Sailing;Cayman Islands;9
1990;Sailing;Fiji;9
1990;Sailing;Bermuda;9
1990;Sailing;Virgin Islands, US;8
1990;Sailing;Belgium;8
1990;Sailing;Barbados;8
1990;Sailing;Poland;8
1990;Sailing;Slovenia;8
1990;Sailing;Ukraine;8
1990;Sailing;South Korea;7
1990;Sailing;Antigua;6
1990;Sailing;Puerto Rico;6
1990;Sailing;Turkey;6
1990;Sailing;Croatia;5
1990;Sailing;Mexico;5
1990;Sailing;Bahamas;5
1990;Sailing;Czech Republic;4
1990;Sailing;Guam;4
1990;Sailing;Bahrain;4
1990;Sailing;Slovakia;4
1990;Sailing;Uruguay;4
1990;Sailing;Philippines;4
1990;Sailing;Jamaica;4
1990;Sailing;Belarus;4
1990;Sailing;Angola;3
1990;Sailing;Estonia;3
1990;Sailing;Cyprus;3
1990;Sailing;Curacao;3
1990;Sailing;Malta;3
1990;Sailing;Andorra;3
1990;Sailing;Seychelles;3
1990;Sailing;Virgin Islands, British;3
1990;Sailing;Taiwan;3
1990;Sailing;Thailand;3
1990;Sailing;Latvia;2
1990;Sailing;India;2
1990;Sailing;Romania;2
1990;Sailing;Pakistan;2
1990;Sailing;Djibouti;2
1990;Sailing;Chile;2
1990;Sailing;Lithuania;2
1990;Sailing;Cuba;2
1990;Sailing;Egypt;2
1990;Sailing;American Samoa;2
1990;Sailing;Malaysia;1
1990;Sailing;Qatar;1
1990;Sailing;San Marino;1
1990;Sailing;Mauritius;1
1990;Sailing;Aruba;1
1990;Sailing;Guatemala;1
1990;Sailing;Indonesia;1
1990;Sailing;Serbia;1
1990;Sailing;Paraguay;1
1990;Sailing;Papua New Guinea;1
1990;Sailing;Cook Islands;1
1990;Sailing;Tunisia;1
1990;Sailing;Ecuador;1
1990;Shooting;Russia;43
1990;Shooting;China;41
1990;Shooting;USA;38
1990;Shooting;Germany;31
1990;Shooting;South Korea;28
1990;Shooting;Czech Republic;26
1990;Shooting;France;24
1990;Shooting;Hungary;22
1990;Shooting;Italy;21
1990;Shooting;Japan;18
1990;Shooting;Spain;18
1990;Shooting;Canada;18
1990;Shooting;Australia;18
1990;Shooting;Poland;15
1990;Shooting;Bulgaria;15
1990;Shooting;Denmark;13
1990;Shooting;Finland;12
1990;Shooting;Switzerland;11
1990;Shooting;UK;11
1990;Shooting;Norway;9
1990;Shooting;North Korea;9
1990;Shooting;Sweden;8
1990;Shooting;Argentina;7
1990;Shooting;Belgium;7
1990;Shooting;Belarus;7
1990;Shooting;Ukraine;6
1990;Shooting;Romania;6
1990;Shooting;Croatia;6
1990;Shooting;Israel;6
1990;Shooting;Cuba;6
1990;Shooting;Egypt;6
1990;Shooting;Austria;6
1990;Shooting;Thailand;5
1990;Shooting;Portugal;5
1990;Shooting;Luxembourg;5
1990;Shooting;Greece;5
1990;Shooting;Serbia;5
1990;Shooting;Guatemala;5
1990;Shooting;Individual Olympic Athletes;5
1990;Shooting;India;4
1990;Shooting;Cyprus;4
1990;Shooting;South Africa;4
1990;Shooting;Netherlands;4
1990;Shooting;New Zealand;4
1990;Shooting;Kazakhstan;4
1990;Shooting;Brazil;3
1990;Shooting;Albania;3
1990;Shooting;Slovakia;3
1990;Shooting;San Marino;3
1990;Shooting;Puerto Rico;3
1990;Shooting;Philippines;3
1990;Shooting;Peru;3
1990;Shooting;Estonia;3
1990;Shooting;Ireland;3
1990;Shooting;Mongolia;3
1990;Shooting;Colombia;3
1990;Shooting;Taiwan;3
1990;Shooting;Kenya;3
1990;Shooting;Chile;3
1990;Shooting;Kuwait;3
1990;Shooting;Bangladesh;2
1990;Shooting;Costa Rica;2
1990;Shooting;Ecuador;2
1990;Shooting;Georgia;2
1990;Shooting;Jordan;2
1990;Shooting;Kyrgyzstan;2
1990;Shooting;Malta;2
1990;Shooting;Mexico;2
1990;Shooting;Andorra;2
1990;Shooting;Nepal;2
1990;Shooting;Vietnam;2
1990;Shooting;Sri Lanka;2
1990;Shooting;Nicaragua;2
1990;Shooting;Bosnia and Herzegovina;2
1990;Shooting;Virgin Islands, US;1
1990;Shooting;Curacao;1
1990;Shooting;Brunei;1
1990;Shooting;Boliva;1
1990;Shooting;Myanmar;1
1990;Shooting;Latvia;1
1990;Shooting;Liechtenstein;1
1990;Shooting;Lithuania;1
1990;Shooting;Barbados;1
1990;Shooting;Macedonia;1
1990;Shooting;Malaysia;1
1990;Shooting;Namibia;1
1990;Shooting;Angola;1
1990;Shooting;Moldova;1
1990;Shooting;Monaco;1
1990;Shooting;Iraq;1
1990;Shooting;Iran;1
1990;Shooting;Iceland;1
1990;Shooting;Azerbaijan;1
1990;Shooting;Oman;1
1990;Shooting;Panama;1
1990;Shooting;Qatar;1
1990;Shooting;Saudi Arabia;1
1990;Shooting;Syria;1
1990;Shooting;Turkey;1
1990;Shooting;Turkmenistan;1
1990;Shooting;United Arab Emirates;1
1990;Shooting;Uruguay;1
1990;Shooting;Uzbekistan;1
1990;Softball;China;20
1990;Softball;Australia;15
1990;Softball;Taiwan;15
1990;Softball;USA;15
1990;Softball;Canada;15
1990;Softball;Japan;15
1990;Softball;Netherlands;15
1990;Softball;Puerto Rico;15
1990;Swimming;USA;75
1990;Swimming;Australia;53
1990;Swimming;Russia;51
1990;Swimming;Germany;48
1990;Swimming;China;48
1990;Swimming;UK;48
1990;Swimming;Japan;45
1990;Swimming;Canada;45
1990;Swimming;France;40
1990;Swimming;Spain;31
1990;Swimming;Italy;30
1990;Swimming;Sweden;27
1990;Swimming;Hungary;26
1990;Swimming;Netherlands;26
1990;Swimming;South Korea;24
1990;Swimming;Romania;21
1990;Swimming;New Zealand;21
1990;Swimming;Poland;20
1990;Swimming;Finland;17
1990;Swimming;Portugal;17
1990;Swimming;South Africa;16
1990;Swimming;Brazil;16
1990;Swimming;Denmark;14
1990;Swimming;Czech Republic;13
1990;Swimming;Ukraine;12
1990;Swimming;Croatia;11
1990;Swimming;Kyrgyzstan;11
1990;Swimming;Mexico;11
1990;Swimming;Puerto Rico;11
1990;Swimming;Greece;10
1990;Swimming;Argentina;10
1990;Swimming;Switzerland;9
1990;Swimming;Thailand;9
1990;Swimming;Belarus;9
1990;Swimming;Norway;9
1990;Swimming;Belgium;8
1990;Swimming;Guam;8
1990;Swimming;Taiwan;8
1990;Swimming;Lithuania;7
1990;Swimming;Mauritius;7
1990;Swimming;Slovenia;7
1990;Swimming;Venezuela;7
1990;Swimming;Kazakhstan;6
1990;Swimming;Uzbekistan;6
1990;Swimming;Ecuador;6
1990;Swimming;United Arab Emirates;6
1990;Swimming;Bermuda;6
1990;Swimming;Guatemala;6
1990;Swimming;Malaysia;6
1990;Swimming;Ireland;6
1990;Swimming;San Marino;6
1990;Swimming;Colombia;6
1990;Swimming;Israel;6
1990;Swimming;Iceland;5
1990;Swimming;Turkey;5
1990;Swimming;Suriname;5
1990;Swimming;Austria;5
1990;Swimming;Bulgaria;5
1990;Swimming;Kuwait;5
1990;Swimming;Honduras;5
1990;Swimming;Zimbabwe;5
1990;Swimming;Serbia;5
1990;Swimming;Philippines;5
1990;Swimming;Mozambique;4
1990;Swimming;Latvia;4
1990;Swimming;Vietnam;4
1990;Swimming;Moldova;4
1990;Swimming;Individual Olympic Athletes;4
1990;Swimming;Fiji;4
1990;Swimming;Paraguay;4
1990;Swimming;Peru;4
1990;Swimming;Estonia;4
1990;Swimming;Cyprus;4
1990;Swimming;Boliva;4
1990;Swimming;Costa Rica;4
1990;Swimming;Seychelles;4
1990;Swimming;Virgin Islands, US;4
1990;Swimming;Republic of Congo;3
1990;Swimming;El Salvador;3
1990;Swimming;Madagascar;3
1990;Swimming;Bosnia and Herzegovina;3
1990;Swimming;Saudi Arabia;3
1990;Swimming;Uruguay;3
1990;Swimming;Angola;3
1990;Swimming;Cuba;3
1990;Swimming;Slovakia;3
1990;Swimming;Panama;3
1990;Swimming;Maldives;3
1990;Swimming;Egypt;3
1990;Swimming;Jordan;2
1990;Swimming;Nigeria;2
1990;Swimming;Barbados;2
1990;Swimming;Cambodia;2
1990;Swimming;Macedonia;2
1990;Swimming;Chile;2
1990;Swimming;Algeria;2
1990;Swimming;Senegal;2
1990;Swimming;Bangladesh;2
1990;Swimming;Bahamas;2
1990;Swimming;Trinidad;2
1990;Swimming;India;2
1990;Swimming;Namibia;2
1990;Swimming;Nepal;2
1990;Swimming;Andorra;2
1990;Swimming;Dominica;1
1990;Swimming;Swaziland;1
1990;Swimming;Curacao;1
1990;Swimming;Azerbaijan;1
1990;Swimming;Syria;1
1990;Swimming;Armenia;1
1990;Swimming;Iran;1
1990;Swimming;Luxembourg;1
1990;Swimming;Nicaragua;1
1990;Swimming;Malta;1
1990;Swimming;Oman;1
1990;Swimming;Pakistan;1
1990;Swimming;Indonesia;1
1990;Swimming;Sierra Leone;1
1990;Swimming;Monaco;1
1990;Swimming;Lebanon;1
1990;Swimming;Albania;1
1990;Swimming;Haiti;1
1990;Swimming;Sri Lanka;1
1990;Synchronized Swimming;USA;13
1990;Synchronized Swimming;Mexico;12
1990;Synchronized Swimming;Japan;12
1990;Synchronized Swimming;Russia;11
1990;Synchronized Swimming;Canada;11
1990;Synchronized Swimming;China;11
1990;Synchronized Swimming;France;10
1990;Synchronized Swimming;Italy;10
1990;Synchronized Swimming;Switzerland;3
1990;Synchronized Swimming;Spain;3
1990;Synchronized Swimming;Individual Olympic Athletes;3
1990;Synchronized Swimming;Brazil;3
1990;Synchronized Swimming;UK;3
1990;Synchronized Swimming;Netherlands;3
1990;Synchronized Swimming;Australia;2
1990;Synchronized Swimming;Germany;2
1990;Synchronized Swimming;South Africa;2
1990;Synchronized Swimming;Austria;2
1990;Synchronized Swimming;Finland;1
1990;Synchronized Swimming;Czech Republic;1
1990;Synchronized Swimming;Venezuela;1
1990;Synchronized Swimming;Greece;1
1990;Table Tennis;China;24
1990;Table Tennis;North Korea;13
1990;Table Tennis;Japan;12
1990;Table Tennis;South Korea;12
1990;Table Tennis;Sweden;10
1990;Table Tennis;USA;10
1990;Table Tennis;Netherlands;8
1990;Table Tennis;Germany;7
1990;Table Tennis;Czech Republic;7
1990;Table Tennis;Australia;7
1990;Table Tennis;France;7
1990;Table Tennis;Nigeria;7
1990;Table Tennis;UK;7
1990;Table Tennis;Romania;6
1990;Table Tennis;Taiwan;6
1990;Table Tennis;Peru;5
1990;Table Tennis;Chile;5
1990;Table Tennis;India;5
1990;Table Tennis;Canada;5
1990;Table Tennis;Brazil;5
1990;Table Tennis;Austria;5
1990;Table Tennis;Hungary;5
1990;Table Tennis;Spain;4
1990;Table Tennis;Russia;4
1990;Table Tennis;Serbia;4
1990;Table Tennis;Ghana;4
1990;Table Tennis;Cuba;4
1990;Table Tennis;Croatia;4
1990;Table Tennis;Poland;4
1990;Table Tennis;Uganda;3
1990;Table Tennis;Indonesia;3
1990;Table Tennis;Tunisia;3
1990;Table Tennis;Italy;3
1990;Table Tennis;New Zealand;3
1990;Table Tennis;Belgium;2
1990;Table Tennis;Egypt;2
1990;Table Tennis;Argentina;2
1990;Table Tennis;South Africa;2
1990;Table Tennis;Belarus;2
1990;Table Tennis;Jamaica;2
1990;Table Tennis;Individual Olympic Athletes;2
1990;Table Tennis;Greece;2
1990;Table Tennis;Venezuela;1
1990;Table Tennis;Jordan;1
1990;Table Tennis;Kuwait;1
1990;Table Tennis;Lebanon;1
1990;Table Tennis;Libya;1
1990;Table Tennis;Lithuania;1
1990;Table Tennis;Mexico;1
1990;Table Tennis;Morocco;1
1990;Table Tennis;Bosnia and Herzegovina;1
1990;Table Tennis;Bulgaria;1
1990;Table Tennis;Estonia;1
1990;Table Tennis;Iran;1
1990;Table Tennis;Ecuador;1
1990;Table Tennis;Dominican Republic;1
1990;Table Tennis;Qatar;1
1990;Table Tennis;Saudi Arabia;1
1990;Table Tennis;Slovakia;1
1990;Table Tennis;Slovenia;1
1990;Table Tennis;Sudan;1
1990;Table Tennis;Switzerland;1
1990;Table Tennis;Trinidad;1
1990;Table Tennis;Turkmenistan;1
1990;Tennis;Italy;14
1990;Tennis;USA;12
1990;Tennis;Australia;11
1990;Tennis;Argentina;11
1990;Tennis;UK;10
1990;Tennis;Spain;10
1990;Tennis;Canada;10
1990;Tennis;Japan;9
1990;Tennis;Sweden;9
1990;Tennis;France;9
1990;Tennis;South Korea;9
1990;Tennis;South Africa;9
1990;Tennis;Russia;8
1990;Tennis;Germany;8
1990;Tennis;Brazil;7
1990;Tennis;China;7
1990;Tennis;Netherlands;7
1990;Tennis;Hungary;6
1990;Tennis;Czech Republic;6
1990;Tennis;Switzerland;6
1990;Tennis;Mexico;6
1990;Tennis;Indonesia;6
1990;Tennis;Romania;6
1990;Tennis;Slovakia;5
1990;Tennis;Austria;5
1990;Tennis;Poland;5
1990;Tennis;Croatia;4
1990;Tennis;Greece;4
1990;Tennis;Slovenia;4
1990;Tennis;Zimbabwe;4
1990;Tennis;Ecuador;3
1990;Tennis;Belgium;3
1990;Tennis;Bulgaria;3
1990;Tennis;Chile;3
1990;Tennis;India;3
1990;Tennis;Ireland;3
1990;Tennis;Morocco;3
1990;Tennis;Taiwan;3
1990;Tennis;Thailand;3
1990;Tennis;Venezuela;3
1990;Tennis;Peru;2
1990;Tennis;Puerto Rico;2
1990;Tennis;Madagascar;2
1990;Tennis;San Marino;2
1990;Tennis;Latvia;2
1990;Tennis;Ivory Coast;2
1990;Tennis;Denmark;2
1990;Tennis;Uzbekistan;2
1990;Tennis;Belarus;2
1990;Tennis;Bahamas;2
1990;Tennis;Norway;2
1990;Tennis;Paraguay;2
1990;Tennis;Portugal;2
1990;Tennis;New Zealand;1
1990;Tennis;Haiti;1
1990;Tennis;Dominican Republic;1
1990;Tennis;Nigeria;1
1990;Tennis;Luxembourg;1
1990;Tennis;Uruguay;1
1990;Tennis;Serbia;1
1990;Tennis;Armenia;1
1990;Tennis;Tunisia;1
1990;Tennis;Israel;1
1990;Tennis;Individual Olympic Athletes;1
1990;Volleyball;Netherlands;37
1990;Volleyball;USA;35
1990;Volleyball;Brazil;33
1990;Volleyball;Russia;32
1990;Volleyball;South Korea;31
1990;Volleyball;Japan;30
1990;Volleyball;Cuba;29
1990;Volleyball;Spain;24
1990;Volleyball;China;24
1990;Volleyball;Canada;24
1990;Volleyball;Italy;17
1990;Volleyball;Serbia;13
1990;Volleyball;Germany;12
1990;Volleyball;Ukraine;12
1990;Volleyball;Bulgaria;12
1990;Volleyball;France;12
1990;Volleyball;Tunisia;12
1990;Volleyball;Argentina;12
1990;Volleyball;Poland;11
1990;Volleyball;Algeria;10
1990;Volleyball;Peru;10
1990;Volleyball;Croatia;1
1990;Water Polo;Italy;22
1990;Water Polo;Hungary;22
1990;Water Polo;Russia;22
1990;Water Polo;USA;21
1990;Water Polo;Netherlands;21
1990;Water Polo;Germany;19
1990;Water Polo;Greece;19
1990;Water Polo;Spain;17
1990;Water Polo;Serbia;15
1990;Water Polo;Australia;13
1990;Water Polo;France;13
1990;Water Polo;Cuba;12
1990;Water Polo;Romania;12
1990;Water Polo;Czech Republic;12
1990;Water Polo;Ukraine;11
1990;Water Polo;Croatia;10
1990;Water Polo;Slovakia;1
1990;Weightlifting;China;21
1990;Weightlifting;Russia;20
1990;Weightlifting;Japan;16
1990;Weightlifting;Hungary;15
1990;Weightlifting;USA;15
1990;Weightlifting;Bulgaria;15
1990;Weightlifting;Germany;14
1990;Weightlifting;South Korea;13
1990;Weightlifting;Cuba;12
1990;Weightlifting;Poland;11
1990;Weightlifting;Greece;11
1990;Weightlifting;Turkey;10
1990;Weightlifting;North Korea;10
1990;Weightlifting;Australia;10
1990;Weightlifting;India;9
1990;Weightlifting;Romania;8
1990;Weightlifting;Belarus;8
1990;Weightlifting;France;8
1990;Weightlifting;Spain;7
1990;Weightlifting;Armenia;7
1990;Weightlifting;Czech Republic;7
1990;Weightlifting;Colombia;7
1990;Weightlifting;UK;7
1990;Weightlifting;Iraq;6
1990;Weightlifting;Kazakhstan;6
1990;Weightlifting;Egypt;6
1990;Weightlifting;Latvia;6
1990;Weightlifting;Ukraine;6
1990;Weightlifting;Sweden;6
1990;Weightlifting;Indonesia;5
1990;Weightlifting;Iran;5
1990;Weightlifting;Moldova;5
1990;Weightlifting;Uzbekistan;5
1990;Weightlifting;Taiwan;5
1990;Weightlifting;Israel;4
1990;Weightlifting;Italy;4
1990;Weightlifting;Albania;4
1990;Weightlifting;Canada;4
1990;Weightlifting;Finland;4
1990;Weightlifting;Venezuela;3
1990;Weightlifting;Argentina;3
1990;Weightlifting;Algeria;3
1990;Weightlifting;Samoa;3
1990;Weightlifting;Solomon Islands;2
1990;Weightlifting;South Africa;2
1990;Weightlifting;Nicaragua;2
1990;Weightlifting;Nauru;2
1990;Weightlifting;Guatemala;2
1990;Weightlifting;Puerto Rico;2
1990;Weightlifting;Morocco;2
1990;Weightlifting;Panama;2
1990;Weightlifting;Mongolia;2
1990;Weightlifting;Thailand;2
1990;Weightlifting;Tonga;2
1990;Weightlifting;Nigeria;2
1990;Weightlifting;Mauritius;2
1990;Weightlifting;Slovakia;2
1990;Weightlifting;Kenya;2
1990;Weightlifting;Dominican Republic;2
1990;Weightlifting;Uruguay;2
1990;Weightlifting;Denmark;2
1990;Weightlifting;Azerbaijan;2
1990;Weightlifting;Papua New Guinea;2
1990;Weightlifting;Cameroon;1
1990;Weightlifting;Brazil;1
1990;Weightlifting;Saudi Arabia;1
1990;Weightlifting;Serbia;1
1990;Weightlifting;Seychelles;1
1990;Weightlifting;Sri Lanka;1
1990;Weightlifting;Sudan;1
1990;Weightlifting;Syria;1
1990;Weightlifting;Tunisia;1
1990;Weightlifting;Portugal;1
1990;Weightlifting;Uganda;1
1990;Weightlifting;Kuwait;1
1990;Weightlifting;Bosnia and Herzegovina;1
1990;Weightlifting;Lebanon;1
1990;Weightlifting;Libya;1
1990;Weightlifting;Lithuania;1
1990;Weightlifting;Madagascar;1
1990;Weightlifting;Peru;1
1990;Weightlifting;Boliva;1
1990;Weightlifting;Aruba;1
1990;Weightlifting;Norway;1
1990;Weightlifting;American Samoa;1
1990;Weightlifting;Nepal;1
1990;Weightlifting;Honduras;1
1990;Weightlifting;Guam;1
1990;Weightlifting;Georgia;1
1990;Weightlifting;Fiji;1
1990;Weightlifting;El Salvador;1
1990;Weightlifting;Cook Islands;1
1990;Weightlifting;Chile;1
1990;Wrestling;Russia;32
1990;Wrestling;USA;32
1990;Wrestling;Bulgaria;31
1990;Wrestling;South Korea;29
1990;Wrestling;Japan;27
1990;Wrestling;Hungary;27
1990;Wrestling;Cuba;25
1990;Wrestling;Turkey;24
1990;Wrestling;Canada;24
1990;Wrestling;Germany;23
1990;Wrestling;Iran;23
1990;Wrestling;Poland;18
1990;Wrestling;Greece;17
1990;Wrestling;Romania;15
1990;Wrestling;Ukraine;15
1990;Wrestling;Belarus;13
1990;Wrestling;China;11
1990;Wrestling;Sweden;10
1990;Wrestling;Mongolia;10
1990;Wrestling;Australia;10
1990;Wrestling;Kazakhstan;10
1990;Wrestling;France;10
1990;Wrestling;Spain;10
1990;Wrestling;Uzbekistan;9
1990;Wrestling;Morocco;9
1990;Wrestling;Finland;9
1990;Wrestling;Nigeria;8
1990;Wrestling;India;8
1990;Wrestling;Italy;8
1990;Wrestling;Czech Republic;8
1990;Wrestling;Georgia;8
1990;Wrestling;Azerbaijan;7
1990;Wrestling;Venezuela;7
1990;Wrestling;Mexico;7
1990;Wrestling;North Korea;6
1990;Wrestling;Puerto Rico;6
1990;Wrestling;Armenia;6
1990;Wrestling;Serbia;6
1990;Wrestling;Switzerland;5
1990;Wrestling;Peru;5
1990;Wrestling;Individual Olympic Athletes;5
1990;Wrestling;Israel;5
1990;Wrestling;Moldova;5
1990;Wrestling;Tunisia;5
1990;Wrestling;Estonia;4
1990;Wrestling;Kyrgyzstan;4
1990;Wrestling;Colombia;4
1990;Wrestling;Senegal;4
1990;Wrestling;Algeria;3
1990;Wrestling;Lithuania;3
1990;Wrestling;Egypt;3
1990;Wrestling;Slovakia;3
1990;Wrestling;Panama;3
1990;Wrestling;South Africa;3
1990;Wrestling;Syria;3
1990;Wrestling;Guam;2
1990;Wrestling;Argentina;2
1990;Wrestling;Norway;2
1990;Wrestling;New Zealand;2
1990;Wrestling;Austria;2
1990;Wrestling;UK;2
1990;Wrestling;Macedonia;2
1990;Wrestling;Latvia;2
1990;Wrestling;Cyprus;2
1990;Wrestling;Portugal;2
1990;Wrestling;Pakistan;2
1990;Wrestling;Tajikistan;1
1990;Wrestling;Turkmenistan;1
1990;Wrestling;Dominican Republic;1
1990;Wrestling;Croatia;1
1990;Wrestling;American Samoa;1
1990;Wrestling;Albania;1
1990;Wrestling;Belgium;1
1990;Wrestling;Guatemala;1
1990;Wrestling;Cameroon;1
1990;Wrestling;Cambodia;1
1990;Wrestling;Guinea-Bissau;1
1990;Wrestling;Nicaragua;1
1990;Wrestling;Brazil;1
1990;Wrestling;Bosnia and Herzegovina;1
1990;Wrestling;Yemen;1
2000;Archery;South Korea;15
2000;Archery;China;15
2000;Archery;Australia;14
2000;Archery;Japan;13
2000;Archery;Ukraine;13
2000;Archery;France;13
2000;Archery;Russia;12
2000;Archery;Taiwan;12
2000;Archery;Poland;11
2000;Archery;USA;10
2000;Archery;UK;9
2000;Archery;Italy;9
2000;Archery;India;9
2000;Archery;Germany;8
2000;Archery;Mexico;8
2000;Archery;Turkey;8
2000;Archery;Sweden;7
2000;Archery;Greece;6
2000;Archery;Canada;6
2000;Archery;Netherlands;5
2000;Archery;Belarus;5
2000;Archery;Cuba;5
2000;Archery;Finland;5
2000;Archery;Kazakhstan;5
2000;Archery;Egypt;5
2000;Archery;Georgia;4
2000;Archery;Denmark;4
2000;Archery;Malaysia;4
2000;Archery;Indonesia;4
2000;Archery;Bhutan;4
2000;Archery;Norway;4
2000;Archery;Myanmar;3
2000;Archery;North Korea;3
2000;Archery;Spain;3
2000;Archery;Philippines;3
2000;Archery;South Africa;3
2000;Archery;Colombia;3
2000;Archery;New Zealand;2
2000;Archery;Bulgaria;2
2000;Archery;Czech Republic;2
2000;Archery;El Salvador;2
2000;Archery;Iran;2
2000;Archery;Mauritius;2
2000;Archery;Tajikistan;2
2000;Archery;Morocco;1
2000;Archery;Portugal;1
2000;Archery;Qatar;1
2000;Archery;Romania;1
2000;Archery;Moldova;1
2000;Archery;Samoa;1
2000;Archery;Slovenia;1
2000;Archery;Luxembourg;1
2000;Archery;Laos;1
2000;Archery;Kenya;1
2000;Archery;Fiji;1
2000;Archery;Switzerland;1
2000;Archery;Cyprus;1
2000;Archery;Vanuatu;1
2000;Archery;Tonga;1
2000;Archery;Chile;1
2000;Archery;Uganda;1
2000;Archery;Central African Republic;1
2000;Archery;Brazil;1
2000;Archery;Belgium;1
2000;Archery;American Samoa;1
2000;Archery;Venezuela;1
2000;Athletics;USA;271
2000;Athletics;Russia;260
2000;Athletics;China;156
2000;Athletics;Germany;145
2000;Athletics;UK;141
2000;Athletics;Ukraine;128
2000;Athletics;Australia;126
2000;Athletics;France;121
2000;Athletics;Spain;113
2000;Athletics;Poland;104
2000;Athletics;Italy;100
2000;Athletics;Japan;94
2000;Athletics;Greece;91
2000;Athletics;Jamaica;89
2000;Athletics;Kenya;85
2000;Athletics;Cuba;82
2000;Athletics;Belarus;79
2000;Athletics;Canada;72
2000;Athletics;Brazil;69
2000;Athletics;Hungary;66
2000;Athletics;Czech Republic;65
2000;Athletics;Ethiopia;60
2000;Athletics;South Africa;57
2000;Athletics;Morocco;54
2000;Athletics;Nigeria;53
2000;Athletics;Finland;53
2000;Athletics;Mexico;53
2000;Athletics;Portugal;53
2000;Athletics;Ireland;47
2000;Athletics;South Korea;46
2000;Athletics;Romania;45
2000;Athletics;Kazakhstan;44
2000;Athletics;India;43
2000;Athletics;Bulgaria;40
2000;Athletics;Slovenia;38
2000;Athletics;Trinidad;37
2000;Athletics;Bahamas;35
2000;Athletics;Algeria;35
2000;Athletics;Netherlands;34
2000;Athletics;Latvia;34
2000;Athletics;Uzbekistan;33
2000;Athletics;Serbia;33
2000;Athletics;Lithuania;33
2000;Athletics;Qatar;31
2000;Athletics;Turkey;30
2000;Athletics;Belgium;29
2000;Athletics;Slovakia;29
2000;Athletics;Colombia;27
2000;Athletics;Switzerland;25
2000;Athletics;Sweden;25
2000;Athletics;Norway;25
2000;Athletics;Estonia;25
2000;Athletics;Argentina;24
2000;Athletics;Ghana;23
2000;Athletics;Croatia;23
2000;Athletics;Thailand;22
2000;Athletics;New Zealand;22
2000;Athletics;Moldova;21
2000;Athletics;Saudi Arabia;19
2000;Athletics;Cyprus;19
2000;Athletics;Zimbabwe;18
2000;Athletics;Cameroon;17
2000;Athletics;Austria;17
2000;Athletics;Puerto Rico;16
2000;Athletics;Sri Lanka;16
2000;Athletics;Botswana;16
2000;Athletics;Israel;15
2000;Athletics;Barbados;15
2000;Athletics;Venezuela;14
2000;Athletics;Kyrgyzstan;14
2000;Athletics;Bahrain;14
2000;Athletics;Tanzania;14
2000;Athletics;Chile;14
2000;Athletics;Senegal;13
2000;Athletics;Tunisia;13
2000;Athletics;Uganda;13
2000;Athletics;North Korea;13
2000;Athletics;Ecuador;13
2000;Athletics;Liberia;13
2000;Athletics;Eritrea;12
2000;Athletics;Sudan;11
2000;Athletics;Madagascar;10
2000;Athletics;Grenada;10
2000;Athletics;Namibia;10
2000;Athletics;Guatemala;10
2000;Athletics;Burundi;9
2000;Athletics;Dominican Republic;9
2000;Athletics;Indonesia;9
2000;Athletics;Denmark;8
2000;Athletics;Pakistan;8
2000;Athletics;Bosnia and Herzegovina;8
2000;Athletics;Iceland;8
2000;Athletics;Azerbaijan;8
2000;Athletics;Zambia;8
2000;Athletics;Mauritius;8
2000;Athletics;Lesotho;8
2000;Athletics;Kuwait;8
2000;Athletics;Haiti;7
2000;Athletics;Egypt;7
2000;Athletics;Iran;7
2000;Athletics;Ivory Coast;7
2000;Athletics;Syria;7
2000;Athletics;Uruguay;7
2000;Athletics;Guinea-Bissau;6
2000;Athletics;Sao Tome and Principe;6
2000;Athletics;Maldives;6
2000;Athletics;Niger;6
2000;Athletics;Guam;6
2000;Athletics;Armenia;6
2000;Athletics;Saint Lucia;6
2000;Athletics;Oman;6
2000;Athletics;Peru;6
2000;Athletics;Malta;6
2000;Athletics;El Salvador;6
2000;Athletics;Mauritania;6
2000;Athletics;Turkmenistan;6
2000;Athletics;Iraq;6
2000;Athletics;Micronesia;6
2000;Athletics;Taiwan;6
2000;Athletics;Antigua;6
2000;Athletics;Virgin Islands, US;6
2000;Athletics;Swaziland;6
2000;Athletics;Somalia;6
2000;Athletics;Sierra Leone;6
2000;Athletics;Seychelles;6
2000;Athletics;Vietnam;6
2000;Athletics;Nepal;6
2000;Athletics;Jordan;5
2000;Athletics;Laos;5
2000;Athletics;Macedonia;5
2000;Athletics;Malawi;5
2000;Athletics;Malaysia;5
2000;Athletics;Mongolia;5
2000;Athletics;Guyana;5
2000;Athletics;Nicaragua;5
2000;Athletics;Georgia;5
2000;Athletics;Palau;5
2000;Athletics;Palestine;5
2000;Athletics;Paraguay;5
2000;Athletics;Republic of Congo;5
2000;Athletics;Rwanda;5
2000;Athletics;Saint Kitts;5
2000;Athletics;Saint Vincent;5
2000;Athletics;Suriname;5
2000;Athletics;Central African Republic;5
2000;Athletics;Equatorial Guinea;5
2000;Athletics;Tonga;5
2000;Athletics;Bangladesh;5
2000;Athletics;Belize;5
2000;Athletics;Dominica;5
2000;Athletics;Benin;5
2000;Athletics;Democratic Republic of the Congo;5
2000;Athletics;Comoros;5
2000;Athletics;Cambodia;5
2000;Athletics;Gabon;5
2000;Athletics;Vanuatu;5
2000;Athletics;Yemen;5
2000;Athletics;Gambia;4
2000;Athletics;Lebanon;4
2000;Athletics;Tajikistan;4
2000;Athletics;Virgin Islands, British;4
2000;Athletics;Solomon Islands;4
2000;Athletics;Libya;4
2000;Athletics;Togo;4
2000;Athletics;Philippines;4
2000;Athletics;Honduras;4
2000;Athletics;Bermuda;4
2000;Athletics;Albania;4
2000;Athletics;Djibouti;4
2000;Athletics;Burkina Faso;4
2000;Athletics;Costa Rica;4
2000;Athletics;Myanmar;4
2000;Athletics;Guinea;4
2000;Athletics;Cook Islands;4
2000;Athletics;Boliva;4
2000;Athletics;Cape Verde;3
2000;Athletics;Chad;3
2000;Athletics;Aruba;3
2000;Athletics;Mozambique;3
2000;Athletics;Andorra;3
2000;Athletics;Fiji;3
2000;Athletics;Kiribati;3
2000;Athletics;United Arab Emirates;3
2000;Athletics;Panama;3
2000;Athletics;Papua New Guinea;3
2000;Athletics;American Samoa;3
2000;Athletics;Cayman Islands;3
2000;Athletics;Mali;3
2000;Athletics;Samoa;3
2000;Athletics;San Marino;3
2000;Athletics;Angola;2
2000;Athletics;Brunei;2
2000;Athletics;Timor-Leste;2
2000;Athletics;Marshall Islands;2
2000;Athletics;Afghanistan;2
2000;Athletics;"";2
2000;Athletics;Montenegro;2
2000;Athletics;Individual Olympic Athletes;2
2000;Athletics;Curacao;2
2000;Athletics;Monaco;1
2000;Athletics;Liechtenstein;1
2000;Athletics;Luxembourg;1
2000;Badminton;China;53
2000;Badminton;Indonesia;33
2000;Badminton;South Korea;29
2000;Badminton;Japan;24
2000;Badminton;Denmark;24
2000;Badminton;UK;20
2000;Badminton;Australia;19
2000;Badminton;Malaysia;15
2000;Badminton;Canada;14
2000;Badminton;Germany;12
2000;Badminton;Taiwan;11
2000;Badminton;Thailand;10
2000;Badminton;Sweden;9
2000;Badminton;Netherlands;8
2000;Badminton;South Africa;8
2000;Badminton;France;7
2000;Badminton;USA;7
2000;Badminton;Mauritius;6
2000;Badminton;India;6
2000;Badminton;Poland;6
2000;Badminton;Russia;5
2000;Badminton;Finland;5
2000;Badminton;New Zealand;5
2000;Badminton;Bulgaria;5
2000;Badminton;Spain;4
2000;Badminton;Ukraine;4
2000;Badminton;Ireland;3
2000;Badminton;Lithuania;2
2000;Badminton;Vietnam;2
2000;Badminton;Peru;2
2000;Badminton;Portugal;2
2000;Badminton;Guatemala;2
2000;Badminton;Seychelles;2
2000;Badminton;Slovenia;2
2000;Badminton;Estonia;2
2000;Badminton;Czech Republic;2
2000;Badminton;Switzerland;2
2000;Badminton;Slovakia;1
2000;Badminton;Algeria;1
2000;Badminton;Italy;1
2000;Badminton;Egypt;1
2000;Badminton;Mexico;1
2000;Badminton;Sri Lanka;1
2000;Badminton;Jamaica;1
2000;Badminton;Zambia;1
2000;Badminton;Greece;1
2000;Badminton;Nigeria;1
2000;Badminton;Norway;1
2000;Badminton;Iceland;1
2000;Badminton;Iran;1
2000;Badminton;Belgium;1
2000;Badminton;Uganda;1
2000;Badminton;Belarus;1
2000;Baseball;Japan;64
2000;Baseball;Cuba;54
2000;Baseball;Netherlands;49
2000;Baseball;South Korea;49
2000;Baseball;USA;48
2000;Baseball;Italy;43
2000;Baseball;Canada;43
2000;Baseball;Australia;42
2000;Baseball;Taiwan;38
2000;Baseball;China;34
2000;Baseball;South Africa;24
2000;Baseball;Greece;23
2000;Basketball;USA;54
2000;Basketball;China;51
2000;Basketball;Australia;50
2000;Basketball;Russia;46
2000;Basketball;New Zealand;43
2000;Basketball;Spain;42
2000;Basketball;Greece;30
2000;Basketball;Lithuania;27
2000;Basketball;Brazil;26
2000;Basketball;Angola;25
2000;Basketball;France;24
2000;Basketball;Canada;24
2000;Basketball;South Korea;23
2000;Basketball;Serbia;19
2000;Basketball;Italy;19
2000;Basketball;Argentina;18
2000;Basketball;Czech Republic;17
2000;Basketball;Mali;12
2000;Basketball;Belarus;12
2000;Basketball;Nigeria;12
2000;Basketball;Poland;12
2000;Basketball;Puerto Rico;12
2000;Basketball;Senegal;12
2000;Basketball;Slovakia;12
2000;Basketball;Croatia;12
2000;Basketball;Germany;12
2000;Basketball;Iran;12
2000;Basketball;Japan;12
2000;Basketball;Latvia;12
2000;Basketball;Cuba;12
2000;Beach Volleyball;Germany;20
2000;Beach Volleyball;USA;18
2000;Beach Volleyball;Brazil;15
2000;Beach Volleyball;Australia;15
2000;Beach Volleyball;China;13
2000;Beach Volleyball;Norway;10
2000;Beach Volleyball;Austria;9
2000;Beach Volleyball;Switzerland;9
2000;Beach Volleyball;Japan;8
2000;Beach Volleyball;Netherlands;8
2000;Beach Volleyball;Italy;8
2000;Beach Volleyball;Greece;7
2000;Beach Volleyball;South Africa;6
2000;Beach Volleyball;Canada;6
2000;Beach Volleyball;Cuba;6
2000;Beach Volleyball;Czech Republic;6
2000;Beach Volleyball;France;6
2000;Beach Volleyball;Mexico;6
2000;Beach Volleyball;Russia;6
2000;Beach Volleyball;Portugal;4
2000;Beach Volleyball;Spain;4
2000;Beach Volleyball;Georgia;4
2000;Beach Volleyball;Argentina;4
2000;Beach Volleyball;Angola;2
2000;Beach Volleyball;Belgium;2
2000;Beach Volleyball;Bulgaria;2
2000;Beach Volleyball;Estonia;2
2000;Beach Volleyball;Latvia;2
2000;Beach Volleyball;Puerto Rico;2
2000;Beach Volleyball;Sweden;2
2000;Boxing;Cuba;31
2000;Boxing;Russia;28
2000;Boxing;USA;28
2000;Boxing;Australia;25
2000;Boxing;Ukraine;23
2000;Boxing;Kazakhstan;21
2000;Boxing;Uzbekistan;20
2000;Boxing;Turkey;19
2000;Boxing;China;19
2000;Boxing;France;18
2000;Boxing;Algeria;18
2000;Boxing;Thailand;18
2000;Boxing;South Korea;17
2000;Boxing;Morocco;17
2000;Boxing;Venezuela;16
2000;Boxing;Nigeria;16
2000;Boxing;Brazil;15
2000;Boxing;Puerto Rico;15
2000;Boxing;Italy;15
2000;Boxing;Germany;14
2000;Boxing;Mexico;14
2000;Boxing;Egypt;14
2000;Boxing;Romania;13
2000;Boxing;Tunisia;13
2000;Boxing;Colombia;13
2000;Boxing;Dominican Republic;11
2000;Boxing;Canada;11
2000;Boxing;UK;10
2000;Boxing;Ghana;10
2000;Boxing;Uganda;10
2000;Boxing;Hungary;10
2000;Boxing;Azerbaijan;10
2000;Boxing;India;10
2000;Boxing;Argentina;9
2000;Boxing;Greece;9
2000;Boxing;Bulgaria;9
2000;Boxing;Poland;9
2000;Boxing;Belarus;9
2000;Boxing;Armenia;8
2000;Boxing;Ireland;8
2000;Boxing;Pakistan;8
2000;Boxing;Cameroon;8
2000;Boxing;Kyrgyzstan;7
2000;Boxing;Iran;7
2000;Boxing;Kenya;7
2000;Boxing;South Africa;7
2000;Boxing;Philippines;7
2000;Boxing;Zambia;6
2000;Boxing;Lithuania;6
2000;Boxing;Mauritius;6
2000;Boxing;Namibia;6
2000;Boxing;Japan;5
2000;Boxing;Georgia;5
2000;Boxing;Mongolia;5
2000;Boxing;Botswana;4
2000;Boxing;Ecuador;4
2000;Boxing;North Korea;4
2000;Boxing;Ethiopia;4
2000;Boxing;Lesotho;3
2000;Boxing;Madagascar;3
2000;Boxing;Moldova;3
2000;Boxing;Sweden;3
2000;Boxing;Syria;3
2000;Boxing;Tajikistan;3
2000;Boxing;Gabon;3
2000;Boxing;Croatia;3
2000;Boxing;Indonesia;3
2000;Boxing;Virgin Islands, US;2
2000;Boxing;New Zealand;2
2000;Boxing;Spain;2
2000;Boxing;Haiti;2
2000;Boxing;Samoa;2
2000;Boxing;Turkmenistan;2
2000;Boxing;Czech Republic;2
2000;Boxing;Sierra Leone;1
2000;Boxing;Central African Republic;1
2000;Boxing;Cape Verde;1
2000;Boxing;Sri Lanka;1
2000;Boxing;Swaziland;1
2000;Boxing;Iraq;1
2000;Boxing;Montenegro;1
2000;Boxing;Individual Olympic Athletes;1
2000;Boxing;Gambia;1
2000;Boxing;Tonga;1
2000;Boxing;Afghanistan;1
2000;Boxing;Finland;1
2000;Boxing;Guinea;1
2000;Boxing;Guatemala;1
2000;Boxing;Papua New Guinea;1
2000;Boxing;Burkina Faso;1
2000;Boxing;Grenada;1
2000;Boxing;Barbados;1
2000;Boxing;Democratic Republic of the Congo;1
2000;Boxing;Bahamas;1
2000;Boxing;Senegal;1
2000;Boxing;Serbia;1
2000;Boxing;Seychelles;1
2000;Canoeing;Germany;48
2000;Canoeing;Australia;41
2000;Canoeing;Poland;41
2000;Canoeing;China;39
2000;Canoeing;Canada;37
2000;Canoeing;France;36
2000;Canoeing;USA;31
2000;Canoeing;Russia;30
2000;Canoeing;Spain;30
2000;Canoeing;Hungary;30
2000;Canoeing;Czech Republic;28
2000;Canoeing;Romania;23
2000;Canoeing;Slovakia;23
2000;Canoeing;Italy;20
2000;Canoeing;UK;19
2000;Canoeing;Ukraine;15
2000;Canoeing;Belarus;15
2000;Canoeing;Japan;14
2000;Canoeing;Sweden;13
2000;Canoeing;Kazakhstan;12
2000;Canoeing;South Africa;12
2000;Canoeing;Bulgaria;12
2000;Canoeing;Denmark;9
2000;Canoeing;Croatia;8
2000;Canoeing;Slovenia;8
2000;Canoeing;Uzbekistan;7
2000;Canoeing;Brazil;7
2000;Canoeing;Cuba;7
2000;Canoeing;Norway;7
2000;Canoeing;Serbia;7
2000;Canoeing;Switzerland;7
2000;Canoeing;Austria;6
2000;Canoeing;Argentina;6
2000;Canoeing;Lithuania;6
2000;Canoeing;Greece;6
2000;Canoeing;Netherlands;5
2000;Canoeing;New Zealand;5
2000;Canoeing;Mexico;5
2000;Canoeing;Portugal;5
2000;Canoeing;Finland;5
2000;Canoeing;Latvia;5
2000;Canoeing;Israel;4
2000;Canoeing;Ireland;4
2000;Canoeing;Belgium;4
2000;Canoeing;Venezuela;3
2000;Canoeing;South Korea;2
2000;Canoeing;Senegal;2
2000;Canoeing;Chile;2
2000;Canoeing;Angola;1
2000;Canoeing;Seychelles;1
2000;Canoeing;Estonia;1
2000;Canoeing;Bosnia and Herzegovina;1
2000;Canoeing;Azerbaijan;1
2000;Canoeing;Andorra;1
2000;Canoeing;Vietnam;1
2000;Canoeing;Togo;1
2000;Canoeing;Ivory Coast;1
2000;Canoeing;Iran;1
2000;Canoeing;Indonesia;1
2000;Canoeing;Individual Olympic Athletes;1
2000;Canoeing;Macedonia;1
2000;Canoeing;Morocco;1
2000;Canoeing;Myanmar;1
2000;Canoeing;Uruguay;1
2000;Canoeing;Guam;1
2000;Canoeing;Samoa;1
2000;Canoeing;Sao Tome and Principe;1
2000;Cycling;France;57
2000;Cycling;Australia;55
2000;Cycling;USA;53
2000;Cycling;Germany;48
2000;Cycling;Netherlands;47
2000;Cycling;UK;46
2000;Cycling;Spain;44
2000;Cycling;Russia;43
2000;Cycling;New Zealand;39
2000;Cycling;Italy;36
2000;Cycling;China;34
2000;Cycling;Ukraine;33
2000;Cycling;Poland;33
2000;Cycling;Canada;32
2000;Cycling;Switzerland;31
2000;Cycling;Japan;28
2000;Cycling;Denmark;27
2000;Cycling;Czech Republic;27
2000;Cycling;Belgium;25
2000;Cycling;Colombia;23
2000;Cycling;Norway;20
2000;Cycling;Austria;20
2000;Cycling;Lithuania;18
2000;Cycling;Argentina;17
2000;Cycling;Sweden;16
2000;Cycling;Kazakhstan;14
2000;Cycling;Latvia;13
2000;Cycling;South Africa;13
2000;Cycling;South Korea;12
2000;Cycling;Slovakia;12
2000;Cycling;Slovenia;12
2000;Cycling;Estonia;12
2000;Cycling;Venezuela;11
2000;Cycling;Greece;11
2000;Cycling;Brazil;10
2000;Cycling;Ireland;10
2000;Cycling;Portugal;9
2000;Cycling;Cuba;8
2000;Cycling;Hungary;8
2000;Cycling;Belarus;8
2000;Cycling;Chile;8
2000;Cycling;Iran;6
2000;Cycling;Bulgaria;5
2000;Cycling;Mexico;5
2000;Cycling;Luxembourg;4
2000;Cycling;Egypt;4
2000;Cycling;Costa Rica;4
2000;Cycling;Taiwan;4
2000;Cycling;El Salvador;3
2000;Cycling;Croatia;3
2000;Cycling;Malaysia;3
2000;Cycling;Moldova;3
2000;Cycling;Uruguay;3
2000;Cycling;Guatemala;3
2000;Cycling;Serbia;2
2000;Cycling;Namibia;2
2000;Cycling;Guam;2
2000;Cycling;Finland;2
2000;Cycling;Kenya;1
2000;Cycling;Algeria;1
2000;Cycling;Libya;1
2000;Cycling;Mauritius;1
2000;Cycling;North Korea;1
2000;Cycling;Romania;1
2000;Cycling;Samoa;1
2000;Cycling;Kyrgyzstan;1
2000;Cycling;Ecuador;1
2000;Cycling;Zimbabwe;1
2000;Cycling;Thailand;1
2000;Cycling;Tunisia;1
2000;Cycling;Turkey;1
2000;Cycling;Cyprus;1
2000;Cycling;Boliva;1
2000;Cycling;Barbados;1
2000;Cycling;Azerbaijan;1
2000;Cycling;Uzbekistan;1
2000;Cycling;Indonesia;1
2000;Cycling;Jamaica;1
2000;Diving;China;30
2000;Diving;USA;24
2000;Diving;UK;18
2000;Diving;Germany;18
2000;Diving;Ukraine;18
2000;Diving;Canada;16
2000;Diving;Russia;15
2000;Diving;Australia;15
2000;Diving;Mexico;13
2000;Diving;North Korea;12
2000;Diving;Italy;10
2000;Diving;Cuba;10
2000;Diving;Greece;9
2000;Diving;Spain;8
2000;Diving;Malaysia;7
2000;Diving;Belarus;7
2000;Diving;France;7
2000;Diving;Kazakhstan;6
2000;Diving;Hungary;5
2000;Diving;Austria;5
2000;Diving;Romania;5
2000;Diving;South Korea;5
2000;Diving;Brazil;4
2000;Diving;Taiwan;4
2000;Diving;Colombia;3
2000;Diving;Indonesia;3
2000;Diving;Japan;3
2000;Diving;Philippines;3
2000;Diving;Switzerland;3
2000;Diving;Venezuela;3
2000;Diving;Thailand;2
2000;Diving;Finland;2
2000;Diving;Sweden;2
2000;Diving;Zimbabwe;1
2000;Diving;Argentina;1
2000;Diving;Bermuda;1
2000;Diving;Azerbaijan;1
2000;Diving;Armenia;1
2000;Diving;Puerto Rico;1
2000;Diving;Georgia;1
2000;Diving;Peru;1
2000;Diving;South Africa;1
2000;Diving;Czech Republic;1
2000;Equestrianism;USA;30
2000;Equestrianism;Australia;27
2000;Equestrianism;UK;26
2000;Equestrianism;Germany;25
2000;Equestrianism;France;24
2000;Equestrianism;Brazil;24
2000;Equestrianism;Sweden;22
2000;Equestrianism;Canada;22
2000;Equestrianism;Netherlands;21
2000;Equestrianism;New Zealand;20
2000;Equestrianism;Switzerland;18
2000;Equestrianism;Ireland;18
2000;Equestrianism;Italy;17
2000;Equestrianism;Japan;15
2000;Equestrianism;Spain;14
2000;Equestrianism;Belgium;12
2000;Equestrianism;Mexico;12
2000;Equestrianism;Austria;11
2000;Equestrianism;China;11
2000;Equestrianism;Denmark;10
2000;Equestrianism;Russia;8
2000;Equestrianism;Greece;7
2000;Equestrianism;Saudi Arabia;6
2000;Equestrianism;Poland;6
2000;Equestrianism;Argentina;5
2000;Equestrianism;Portugal;5
2000;Equestrianism;South Korea;5
2000;Equestrianism;Norway;4
2000;Equestrianism;Finland;4
2000;Equestrianism;Belarus;3
2000;Equestrianism;Chile;3
2000;Equestrianism;Bulgaria;3
2000;Equestrianism;Bermuda;3
2000;Equestrianism;Ukraine;3
2000;Equestrianism;Uruguay;2
2000;Equestrianism;Colombia;2
2000;Equestrianism;Jordan;2
2000;Equestrianism;Egypt;2
2000;Equestrianism;Iran;1
2000;Equestrianism;India;1
2000;Equestrianism;Guyana;1
2000;Equestrianism;Guatemala;1
2000;Equestrianism;Jamaica;1
2000;Equestrianism;Czech Republic;1
2000;Equestrianism;Croatia;1
2000;Equestrianism;Philippines;1
2000;Equestrianism;Virgin Islands, US;1
2000;Equestrianism;Puerto Rico;1
2000;Equestrianism;Romania;1
2000;Equestrianism;Thailand;1
2000;Equestrianism;United Arab Emirates;1
2000;Equestrianism;Azerbaijan;1
2000;Equestrianism;Venezuela;1
2000;Fencing;China;55
2000;Fencing;Russia;36
2000;Fencing;France;34
2000;Fencing;Germany;30
2000;Fencing;Italy;29
2000;Fencing;USA;29
2000;Fencing;South Korea;28
2000;Fencing;Hungary;28
2000;Fencing;Ukraine;23
2000;Fencing;Poland;20
2000;Fencing;Egypt;18
2000;Fencing;Cuba;16
2000;Fencing;Canada;13
2000;Fencing;Romania;13
2000;Fencing;Japan;11
2000;Fencing;Australia;10
2000;Fencing;South Africa;10
2000;Fencing;Algeria;9
2000;Fencing;Greece;9
2000;Fencing;Venezuela;9
2000;Fencing;Spain;8
2000;Fencing;Belarus;7
2000;Fencing;UK;7
2000;Fencing;Austria;7
2000;Fencing;Switzerland;6
2000;Fencing;Brazil;5
2000;Fencing;Kazakhstan;5
2000;Fencing;Estonia;5
2000;Fencing;Argentina;4
2000;Fencing;Israel;4
2000;Fencing;Norway;4
2000;Fencing;Tunisia;4
2000;Fencing;Portugal;3
2000;Fencing;Netherlands;3
2000;Fencing;Senegal;3
2000;Fencing;Thailand;2
2000;Fencing;Kyrgyzstan;2
2000;Fencing;Mexico;2
2000;Fencing;Chile;2
2000;Fencing;Colombia;2
2000;Fencing;Sweden;2
2000;Fencing;Morocco;2
2000;Fencing;Belgium;1
2000;Fencing;Ireland;1
2000;Fencing;Azerbaijan;1
2000;Fencing;Mali;1
2000;Fencing;Latvia;1
2000;Fencing;Kuwait;1
2000;Fencing;Uzbekistan;1
2000;Fencing;Panama;1
2000;Fencing;New Zealand;1
2000;Fencing;Peru;1
2000;Fencing;Burkina Faso;1
2000;Fencing;Individual Olympic Athletes;1
2000;Fencing;Puerto Rico;1
2000;Fencing;Qatar;1
2000;Fencing;Republic of Congo;1
2000;Football;Australia;76
2000;Football;Japan;75
2000;Football;Nigeria;67
2000;Football;China;66
2000;Football;USA;64
2000;Football;Brazil;63
2000;Football;Italy;51
2000;Football;Argentina;48
2000;Football;South Korea;47
2000;Football;Germany;37
2000;Football;Honduras;36
2000;Football;Cameroon;35
2000;Football;Greece;34
2000;Football;New Zealand;33
2000;Football;Norway;33
2000;Football;Sweden;32
2000;Football;Mexico;32
2000;Football;Serbia;32
2000;Football;Morocco;31
2000;Football;Belgium;19
2000;Football;Canada;18
2000;Football;Slovakia;18
2000;Football;Paraguay;17
2000;Football;Chile;17
2000;Football;Spain;17
2000;Football;Iraq;17
2000;Football;Portugal;17
2000;Football;Netherlands;16
2000;Football;Czech Republic;16
2000;Football;Ghana;16
2000;Football;Ivory Coast;16
2000;Football;Kuwait;16
2000;Football;Mali;16
2000;Football;South Africa;16
2000;Football;Tunisia;16
2000;Football;Costa Rica;14
2000;Football;North Korea;13
2000;Football;Mauritania;1
2000;Football;Senegal;1
2000;Football;Guinea;1
2000;Gymnastics;USA;33
2000;Gymnastics;China;32
2000;Gymnastics;France;29
2000;Gymnastics;Romania;29
2000;Gymnastics;Russia;27
2000;Gymnastics;Spain;25
2000;Gymnastics;Ukraine;25
2000;Gymnastics;Japan;24
2000;Gymnastics;Canada;21
2000;Gymnastics;Germany;21
2000;Gymnastics;UK;20
2000;Gymnastics;Belarus;20
2000;Gymnastics;Australia;19
2000;Gymnastics;Italy;19
2000;Gymnastics;South Korea;19
2000;Gymnastics;North Korea;13
2000;Gymnastics;Brazil;11
2000;Gymnastics;Bulgaria;9
2000;Gymnastics;Greece;7
2000;Gymnastics;Hungary;6
2000;Gymnastics;Switzerland;6
2000;Gymnastics;Czech Republic;4
2000;Gymnastics;Belgium;4
2000;Gymnastics;Cuba;4
2000;Gymnastics;Mexico;4
2000;Gymnastics;Slovenia;3
2000;Gymnastics;Poland;3
2000;Gymnastics;Puerto Rico;3
2000;Gymnastics;Uzbekistan;3
2000;Gymnastics;Egypt;3
2000;Gymnastics;Netherlands;3
2000;Gymnastics;Venezuela;3
2000;Gymnastics;Kazakhstan;3
2000;Gymnastics;Latvia;2
2000;Gymnastics;Malaysia;2
2000;Gymnastics;New Zealand;2
2000;Gymnastics;Israel;2
2000;Gymnastics;Slovakia;2
2000;Gymnastics;Argentina;2
2000;Gymnastics;Croatia;2
2000;Gymnastics;Colombia;2
2000;Gymnastics;Lithuania;2
2000;Gymnastics;Georgia;1
2000;Gymnastics;Namibia;1
2000;Gymnastics;Sweden;1
2000;Gymnastics;Yemen;1
2000;Gymnastics;Taiwan;1
2000;Gymnastics;Tunisia;1
2000;Gymnastics;Luxembourg;1
2000;Gymnastics;Portugal;1
2000;Gymnastics;Vietnam;1
2000;Gymnastics;Iceland;1
2000;Gymnastics;Boliva;1
2000;Gymnastics;Norway;1
2000;Gymnastics;South Africa;1
2000;Handball;South Korea;64
2000;Handball;France;52
2000;Handball;Brazil;50
2000;Handball;Hungary;49
2000;Handball;Germany;45
2000;Handball;Spain;45
2000;Handball;Russia;45
2000;Handball;China;43
2000;Handball;Denmark;38
2000;Handball;Egypt;31
2000;Handball;Australia;30
2000;Handball;Greece;30
2000;Handball;Sweden;30
2000;Handball;Angola;29
2000;Handball;Norway;27
2000;Handball;Romania;25
2000;Handball;Iceland;24
2000;Handball;Slovenia;22
2000;Handball;Croatia;21
2000;Handball;Serbia;17
2000;Handball;Ukraine;15
2000;Handball;Tunisia;14
2000;Handball;Austria;14
2000;Handball;Kazakhstan;14
2000;Handball;Poland;14
2000;Handball;Cuba;13
2000;Hockey;South Korea;79
2000;Hockey;Australia;73
2000;Hockey;Germany;67
2000;Hockey;South Africa;67
2000;Hockey;UK;66
2000;Hockey;Netherlands;65
2000;Hockey;Spain;63
2000;Hockey;New Zealand;59
2000;Hockey;Argentina;48
2000;Hockey;China;48
2000;Hockey;Pakistan;38
2000;Hockey;Canada;27
2000;Hockey;India;26
2000;Hockey;Egypt;22
2000;Hockey;Japan;20
2000;Hockey;Poland;17
2000;Hockey;USA;16
2000;Hockey;Malaysia;16
2000;Hockey;Belgium;16
2000;Hockey;North Korea;2
2000;Hockey;Jamaica;1
2000;Hockey;Barbados;1
2000;Judo;South Korea;40
2000;Judo;France;31
2000;Judo;Japan;30
2000;Judo;China;30
2000;Judo;Cuba;29
2000;Judo;Australia;29
2000;Judo;Germany;28
2000;Judo;USA;27
2000;Judo;Brazil;27
2000;Judo;Russia;26
2000;Judo;Kazakhstan;21
2000;Judo;Argentina;20
2000;Judo;Netherlands;19
2000;Judo;UK;19
2000;Judo;Uzbekistan;19
2000;Judo;Mongolia;18
2000;Judo;Venezuela;18
2000;Judo;Spain;18
2000;Judo;Tunisia;17
2000;Judo;Ukraine;17
2000;Judo;Italy;16
2000;Judo;Greece;15
2000;Judo;North Korea;15
2000;Judo;Algeria;15
2000;Judo;Hungary;14
2000;Judo;Georgia;14
2000;Judo;Canada;14
2000;Judo;Poland;14
2000;Judo;Belgium;12
2000;Judo;Portugal;12
2000;Judo;Belarus;12
2000;Judo;Iran;11
2000;Judo;Azerbaijan;10
2000;Judo;Dominican Republic;9
2000;Judo;Puerto Rico;9
2000;Judo;Romania;9
2000;Judo;Egypt;9
2000;Judo;Slovenia;8
2000;Judo;Taiwan;8
2000;Judo;Israel;8
2000;Judo;Kyrgyzstan;7
2000;Judo;Czech Republic;7
2000;Judo;Austria;6
2000;Judo;Morocco;6
2000;Judo;Cameroon;6
2000;Judo;Mexico;5
2000;Judo;Turkey;5
2000;Judo;Ecuador;5
2000;Judo;Senegal;5
2000;Judo;Nigeria;5
2000;Judo;New Zealand;5
2000;Judo;South Africa;5
2000;Judo;Moldova;5
2000;Judo;Colombia;4
2000;Judo;Switzerland;4
2000;Judo;Fiji;4
2000;Judo;India;4
2000;Judo;Finland;4
2000;Judo;Estonia;3
2000;Judo;Gabon;3
2000;Judo;Ivory Coast;3
2000;Judo;Haiti;3
2000;Judo;Armenia;3
2000;Judo;Turkmenistan;3
2000;Judo;Sweden;3
2000;Judo;Slovakia;3
2000;Judo;Tajikistan;3
2000;Judo;Guinea;2
2000;Judo;Libya;2
2000;Judo;Andorra;2
2000;Judo;Aruba;2
2000;Judo;Barbados;2
2000;Judo;Bosnia and Herzegovina;2
2000;Judo;Bulgaria;2
2000;Judo;Burkina Faso;2
2000;Judo;Chile;2
2000;Judo;El Salvador;2
2000;Judo;Indonesia;2
2000;Judo;Kuwait;2
2000;Judo;Latvia;2
2000;Judo;Lithuania;2
2000;Judo;Madagascar;2
2000;Judo;Mali;2
2000;Judo;Malta;2
2000;Judo;Monaco;2
2000;Judo;Peru;2
2000;Judo;Republic of Congo;2
2000;Judo;Serbia;2
2000;Judo;Nepal;1
2000;Judo;Mozambique;1
2000;Judo;Equatorial Guinea;1
2000;Judo;Montenegro;1
2000;Judo;Mauritius;1
2000;Judo;Samoa;1
2000;Judo;Luxembourg;1
2000;Judo;Yemen;1
2000;Judo;Seychelles;1
2000;Judo;Liechtenstein;1
2000;Judo;Honduras;1
2000;Judo;Guam;1
2000;Judo;Albania;1
2000;Judo;Guatemala;1
2000;Judo;Lebanon;1
2000;Judo;American Samoa;1
2000;Judo;Syria;1
2000;Judo;Angola;1
2000;Judo;Boliva;1
2000;Judo;Togo;1
2000;Judo;Tonga;1
2000;Judo;Central African Republic;1
2000;Judo;Costa Rica;1
2000;Judo;Iraq;1
2000;Judo;Cyprus;1
2000;Judo;Afghanistan;1
2000;Judo;United Arab Emirates;1
2000;Judo;Uruguay;1
2000;Judo;Democratic Republic of the Congo;1
2000;Judo;Panama;1
2000;Judo;Iceland;1
2000;Judo;Niger;1
2000;Modern Pentathlon;USA;10
2000;Modern Pentathlon;Italy;9
2000;Modern Pentathlon;France;8
2000;Modern Pentathlon;China;8
2000;Modern Pentathlon;Hungary;8
2000;Modern Pentathlon;Belarus;8
2000;Modern Pentathlon;Russia;8
2000;Modern Pentathlon;UK;7
2000;Modern Pentathlon;Poland;7
2000;Modern Pentathlon;Germany;6
2000;Modern Pentathlon;Ukraine;6
2000;Modern Pentathlon;Mexico;6
2000;Modern Pentathlon;Australia;5
2000;Modern Pentathlon;Czech Republic;5
2000;Modern Pentathlon;Egypt;5
2000;Modern Pentathlon;South Korea;4
2000;Modern Pentathlon;Lithuania;4
2000;Modern Pentathlon;Brazil;3
2000;Modern Pentathlon;Canada;3
2000;Modern Pentathlon;Kazakhstan;3
2000;Modern Pentathlon;Sweden;3
2000;Modern Pentathlon;Switzerland;3
2000;Modern Pentathlon;Guatemala;2
2000;Modern Pentathlon;Greece;2
2000;Modern Pentathlon;Kyrgyzstan;2
2000;Modern Pentathlon;Latvia;2
2000;Modern Pentathlon;Japan;1
2000;Modern Pentathlon;Spain;1
2000;Modern Pentathlon;Chile;1
2000;Modern Pentathlon;Bulgaria;1
2000;Modern Pentathlon;Cuba;1
2000;Modern Pentathlon;Denmark;1
2000;Modern Pentathlon;Romania;1
2000;Modern Pentathlon;Estonia;1
2000;Modern Pentathlon;South Africa;1
2000;Rhythmic Gymnastics;Belarus;22
2000;Rhythmic Gymnastics;Greece;21
2000;Rhythmic Gymnastics;Russia;21
2000;Rhythmic Gymnastics;Spain;18
2000;Rhythmic Gymnastics;Bulgaria;18
2000;Rhythmic Gymnastics;Ukraine;16
2000;Rhythmic Gymnastics;Brazil;16
2000;Rhythmic Gymnastics;Italy;15
2000;Rhythmic Gymnastics;China;14
2000;Rhythmic Gymnastics;Japan;13
2000;Rhythmic Gymnastics;Azerbaijan;9
2000;Rhythmic Gymnastics;Germany;9
2000;Rhythmic Gymnastics;Israel;8
2000;Rhythmic Gymnastics;Poland;8
2000;Rhythmic Gymnastics;France;7
2000;Rhythmic Gymnastics;Australia;3
2000;Rhythmic Gymnastics;Canada;2
2000;Rhythmic Gymnastics;South Africa;2
2000;Rhythmic Gymnastics;Finland;1
2000;Rhythmic Gymnastics;Estonia;1
2000;Rhythmic Gymnastics;Egypt;1
2000;Rhythmic Gymnastics;Kazakhstan;1
2000;Rhythmic Gymnastics;Czech Republic;1
2000;Rhythmic Gymnastics;Cape Verde;1
2000;Rhythmic Gymnastics;South Korea;1
2000;Rhythmic Gymnastics;UK;1
2000;Rhythmic Gymnastics;Austria;1
2000;Rhythmic Gymnastics;Georgia;1
2000;Rhythmic Gymnastics;USA;1
2000;Rhythmic Gymnastics;Hungary;1
2000;Rowing;USA;116
2000;Rowing;Australia;101
2000;Rowing;Germany;98
2000;Rowing;UK;91
2000;Rowing;Canada;72
2000;Rowing;China;67
2000;Rowing;Netherlands;65
2000;Rowing;France;52
2000;Rowing;Italy;48
2000;Rowing;Poland;40
2000;Rowing;Russia;40
2000;Rowing;Romania;38
2000;Rowing;Belarus;24
2000;Rowing;New Zealand;24
2000;Rowing;Denmark;23
2000;Rowing;Czech Republic;21
2000;Rowing;Croatia;18
2000;Rowing;Ukraine;18
2000;Rowing;Cuba;18
2000;Rowing;Slovenia;16
2000;Rowing;Argentina;15
2000;Rowing;Ireland;13
2000;Rowing;Serbia;13
2000;Rowing;Switzerland;13
2000;Rowing;Egypt;13
2000;Rowing;South Africa;12
2000;Rowing;Spain;11
2000;Rowing;Japan;11
2000;Rowing;South Korea;11
2000;Rowing;Austria;10
2000;Rowing;Mexico;10
2000;Rowing;Hungary;9
2000;Rowing;Belgium;9
2000;Rowing;Greece;9
2000;Rowing;Bulgaria;9
2000;Rowing;Estonia;9
2000;Rowing;Brazil;7
2000;Rowing;Chile;7
2000;Rowing;Norway;7
2000;Rowing;Algeria;6
2000;Rowing;India;6
2000;Rowing;Sweden;5
2000;Rowing;Lithuania;5
2000;Rowing;Uzbekistan;4
2000;Rowing;Uruguay;4
2000;Rowing;Kazakhstan;4
2000;Rowing;Pakistan;3
2000;Rowing;Slovakia;3
2000;Rowing;Tunisia;2
2000;Rowing;Iran;2
2000;Rowing;Iraq;2
2000;Rowing;Finland;2
2000;Rowing;Kenya;2
2000;Rowing;Paraguay;2
2000;Rowing;Portugal;2
2000;Rowing;Taiwan;2
2000;Rowing;Vietnam;2
2000;Rowing;Myanmar;1
2000;Rowing;Monaco;1
2000;Rowing;Latvia;1
2000;Rowing;Zimbabwe;1
2000;Rowing;Thailand;1
2000;Rowing;Azerbaijan;1
2000;Rowing;Cameroon;1
2000;Rowing;Indonesia;1
2000;Rowing;El Salvador;1
2000;Rowing;Honduras;1
2000;Rowing;Colombia;1
2000;Rowing;Venezuela;1
2000;Rowing;Philippines;1
2000;Rowing;Peru;1
2000;Sailing;USA;49
2000;Sailing;Italy;39
2000;Sailing;France;38
2000;Sailing;UK;38
2000;Sailing;Germany;37
2000;Sailing;Australia;36
2000;Sailing;Spain;35
2000;Sailing;New Zealand;34
2000;Sailing;Russia;32
2000;Sailing;China;29
2000;Sailing;Canada;29
2000;Sailing;Sweden;28
2000;Sailing;Denmark;27
2000;Sailing;Netherlands;25
2000;Sailing;Brazil;25
2000;Sailing;Japan;24
2000;Sailing;Greece;24
2000;Sailing;Finland;20
2000;Sailing;Norway;18
2000;Sailing;Poland;17
2000;Sailing;Argentina;17
2000;Sailing;Switzerland;17
2000;Sailing;Ireland;15
2000;Sailing;Israel;15
2000;Sailing;Croatia;15
2000;Sailing;Austria;14
2000;Sailing;Ukraine;13
2000;Sailing;Hungary;13
2000;Sailing;Portugal;12
2000;Sailing;Slovenia;11
2000;Sailing;Turkey;10
2000;Sailing;South Korea;9
2000;Sailing;Belarus;7
2000;Sailing;Cyprus;6
2000;Sailing;Mexico;6
2000;Sailing;Belgium;6
2000;Sailing;Bermuda;6
2000;Sailing;South Africa;5
2000;Sailing;Czech Republic;5
2000;Sailing;Estonia;4
2000;Sailing;Thailand;4
2000;Sailing;Venezuela;4
2000;Sailing;Puerto Rico;4
2000;Sailing;Virgin Islands, US;3
2000;Sailing;India;3
2000;Sailing;Peru;3
2000;Sailing;Seychelles;3
2000;Sailing;Uruguay;3
2000;Sailing;Slovakia;2
2000;Sailing;Bulgaria;2
2000;Sailing;Taiwan;2
2000;Sailing;Cuba;2
2000;Sailing;Latvia;2
2000;Sailing;Lithuania;2
2000;Sailing;Jamaica;2
2000;Sailing;Dominican Republic;1
2000;Sailing;Fiji;1
2000;Sailing;Barbados;1
2000;Sailing;Cook Islands;1
2000;Sailing;Colombia;1
2000;Sailing;Chile;1
2000;Sailing;Luxembourg;1
2000;Sailing;Malaysia;1
2000;Sailing;Malta;1
2000;Sailing;Morocco;1
2000;Sailing;Indonesia;1
2000;Sailing;Cayman Islands;1
2000;Sailing;Tunisia;1
2000;Sailing;United Arab Emirates;1
2000;Sailing;Sri Lanka;1
2000;Sailing;Paraguay;1
2000;Sailing;Iceland;1
2000;Sailing;Antigua;1
2000;Sailing;Guatemala;1
2000;Sailing;Guam;1
2000;Sailing;Bahrain;1
2000;Sailing;Curacao;1
2000;Shooting;China;64
2000;Shooting;USA;52
2000;Shooting;Russia;50
2000;Shooting;Australia;42
2000;Shooting;Germany;40
2000;Shooting;South Korea;38
2000;Shooting;Italy;25
2000;Shooting;France;23
2000;Shooting;Czech Republic;22
2000;Shooting;Ukraine;20
2000;Shooting;Egypt;19
2000;Shooting;Finland;17
2000;Shooting;Belarus;16
2000;Shooting;Hungary;15
2000;Shooting;Japan;15
2000;Shooting;Kazakhstan;13
2000;Shooting;Spain;13
2000;Shooting;UK;13
2000;Shooting;Switzerland;13
2000;Shooting;New Zealand;12
2000;Shooting;Sweden;12
2000;Shooting;Canada;12
2000;Shooting;India;12
2000;Shooting;North Korea;11
2000;Shooting;Slovakia;11
2000;Shooting;Norway;11
2000;Shooting;Greece;11
2000;Shooting;Poland;10
2000;Shooting;Cuba;10
2000;Shooting;Denmark;8
2000;Shooting;Bulgaria;7
2000;Shooting;Kuwait;7
2000;Shooting;Thailand;7
2000;Shooting;Croatia;7
2000;Shooting;Argentina;7
2000;Shooting;Romania;6
2000;Shooting;Serbia;6
2000;Shooting;South Africa;6
2000;Shooting;Uzbekistan;5
2000;Shooting;Colombia;5
2000;Shooting;Austria;5
2000;Shooting;Cyprus;5
2000;Shooting;Kyrgyzstan;4
2000;Shooting;Portugal;4
2000;Shooting;Sri Lanka;4
2000;Shooting;Individual Olympic Athletes;4
2000;Shooting;Malaysia;4
2000;Shooting;Virgin Islands, US;4
2000;Shooting;Netherlands;4
2000;Shooting;Venezuela;4
2000;Shooting;Mongolia;4
2000;Shooting;Mexico;4
2000;Shooting;Philippines;3
2000;Shooting;Peru;3
2000;Shooting;Oman;3
2000;Shooting;Nepal;3
2000;Shooting;Israel;3
2000;Shooting;San Marino;3
2000;Shooting;Ireland;3
2000;Shooting;Chile;3
2000;Shooting;Brazil;3
2000;Shooting;Bangladesh;3
2000;Shooting;Lebanon;3
2000;Shooting;Turkey;3
2000;Shooting;Qatar;3
2000;Shooting;Taiwan;3
2000;Shooting;Puerto Rico;3
2000;Shooting;Bosnia and Herzegovina;2
2000;Shooting;Guatemala;2
2000;Shooting;Bahrain;2
2000;Shooting;Azerbaijan;2
2000;Shooting;Iran;2
2000;Shooting;Curacao;2
2000;Shooting;Albania;2
2000;Shooting;Georgia;2
2000;Shooting;Belgium;2
2000;Shooting;Macedonia;2
2000;Shooting;Malta;2
2000;Shooting;Andorra;2
2000;Shooting;El Salvador;2
2000;Shooting;Boliva;2
2000;Shooting;Namibia;2
2000;Shooting;Nicaragua;2
2000;Shooting;Pakistan;2
2000;Shooting;Slovenia;2
2000;Shooting;Syria;2
2000;Shooting;Turkmenistan;2
2000;Shooting;United Arab Emirates;2
2000;Shooting;Uruguay;2
2000;Shooting;Vietnam;2
2000;Shooting;Fiji;1
2000;Shooting;Armenia;1
2000;Shooting;Jordan;1
2000;Shooting;Barbados;1
2000;Shooting;Jamaica;1
2000;Shooting;Monaco;1
2000;Shooting;Moldova;1
2000;Shooting;Ecuador;1
2000;Shooting;Indonesia;1
2000;Shooting;Tajikistan;1
2000;Shooting;Iceland;1
2000;Shooting;Trinidad;1
2000;Shooting;Brunei;1
2000;Shooting;Angola;1
2000;Shooting;Costa Rica;1
2000;Shooting;Dominican Republic;1
2000;Shooting;Zimbabwe;1
2000;Shooting;Lithuania;1
2000;Shooting;Paraguay;1
2000;Shooting;Panama;1
2000;Shooting;Montenegro;1
2000;Shooting;Saudi Arabia;1
2000;Shooting;Liechtenstein;1
2000;Shooting;Latvia;1
2000;Softball;China;39
2000;Softball;Canada;38
2000;Softball;Japan;35
2000;Softball;USA;29
2000;Softball;Australia;26
2000;Softball;Italy;25
2000;Softball;Taiwan;22
2000;Softball;Netherlands;15
2000;Softball;New Zealand;15
2000;Softball;Cuba;15
2000;Softball;Venezuela;15
2000;Softball;Greece;14
2000;Swimming;USA;98
2000;Swimming;China;97
2000;Swimming;Australia;93
2000;Swimming;UK;82
2000;Swimming;Russia;75
2000;Swimming;Canada;63
2000;Swimming;Germany;62
2000;Swimming;Italy;58
2000;Swimming;Japan;56
2000;Swimming;France;52
2000;Swimming;Spain;50
2000;Swimming;South Korea;49
2000;Swimming;Hungary;48
2000;Swimming;Ukraine;48
2000;Swimming;Brazil;44
2000;Swimming;Netherlands;40
2000;Swimming;Greece;40
2000;Swimming;South Africa;37
2000;Swimming;Sweden;34
2000;Swimming;New Zealand;27
2000;Swimming;Croatia;27
2000;Swimming;Taiwan;26
2000;Swimming;Kazakhstan;25
2000;Swimming;Poland;24
2000;Swimming;Kyrgyzstan;23
2000;Swimming;Uzbekistan;22
2000;Swimming;Argentina;22
2000;Swimming;Switzerland;21
2000;Swimming;Belarus;20
2000;Swimming;Portugal;20
2000;Swimming;Czech Republic;19
2000;Swimming;Austria;18
2000;Swimming;Israel;18
2000;Swimming;Venezuela;18
2000;Swimming;Serbia;18
2000;Swimming;Denmark;17
2000;Swimming;Slovenia;17
2000;Swimming;Belgium;16
2000;Swimming;Turkey;16
2000;Swimming;Lithuania;16
2000;Swimming;Moldova;15
2000;Swimming;Iceland;15
2000;Swimming;Malaysia;14
2000;Swimming;Estonia;14
2000;Swimming;Romania;14
2000;Swimming;Finland;13
2000;Swimming;Mexico;13
2000;Swimming;Bulgaria;12
2000;Swimming;Thailand;12
2000;Swimming;Philippines;11
2000;Swimming;Egypt;10
2000;Swimming;Colombia;10
2000;Swimming;Bahamas;9
2000;Swimming;Algeria;9
2000;Swimming;Puerto Rico;9
2000;Swimming;Indonesia;9
2000;Swimming;Cuba;9
2000;Swimming;Ireland;9
2000;Swimming;Cyprus;9
2000;Swimming;Latvia;8
2000;Swimming;Uruguay;7
2000;Swimming;India;7
2000;Swimming;Barbados;7
2000;Swimming;Macedonia;7
2000;Swimming;Azerbaijan;6
2000;Swimming;Honduras;6
2000;Swimming;Kenya;6
2000;Swimming;Lebanon;6
2000;Swimming;Luxembourg;6
2000;Swimming;Mozambique;6
2000;Swimming;Nepal;6
2000;Swimming;Nicaragua;6
2000;Swimming;Slovakia;6
2000;Swimming;Trinidad;6
2000;Swimming;Seychelles;5
2000;Swimming;Mongolia;5
2000;Swimming;Peru;5
2000;Swimming;Paraguay;5
2000;Swimming;Panama;5
2000;Swimming;Pakistan;5
2000;Swimming;Nigeria;5
2000;Swimming;Niger;5
2000;Swimming;Bahrain;5
2000;Swimming;Cambodia;5
2000;Swimming;Ecuador;5
2000;Swimming;Costa Rica;5
2000;Swimming;Uganda;5
2000;Swimming;Jamaica;5
2000;Swimming;Guinea;5
2000;Swimming;Zimbabwe;5
2000;Swimming;Jordan;5
2000;Swimming;Chile;5
2000;Swimming;Malta;5
2000;Swimming;Suriname;5
2000;Swimming;Mauritius;5
2000;Swimming;Sri Lanka;5
2000;Swimming;Micronesia;5
2000;Swimming;Zambia;5
2000;Swimming;Cayman Islands;4
2000;Swimming;Georgia;4
2000;Swimming;Laos;4
2000;Swimming;Libya;4
2000;Swimming;Madagascar;4
2000;Swimming;Malawi;4
2000;Swimming;Maldives;4
2000;Swimming;Mali;4
2000;Swimming;Norway;4
2000;Swimming;Palau;4
2000;Swimming;Papua New Guinea;4
2000;Swimming;Rwanda;4
2000;Swimming;Saint Lucia;4
2000;Swimming;Senegal;4
2000;Swimming;Swaziland;4
2000;Swimming;Bangladesh;4
2000;Swimming;Syria;4
2000;Swimming;Armenia;4
2000;Swimming;Angola;4
2000;Swimming;Andorra;4
2000;Swimming;Turkmenistan;4
2000;Swimming;Guatemala;4
2000;Swimming;Burkina Faso;3
2000;Swimming;Saint Vincent;3
2000;Swimming;Burundi;3
2000;Swimming;San Marino;3
2000;Swimming;Iraq;3
2000;Swimming;Vietnam;3
2000;Swimming;Tajikistan;3
2000;Swimming;Qatar;3
2000;Swimming;Kuwait;3
2000;Swimming;Grenada;3
2000;Swimming;Aruba;3
2000;Swimming;Republic of Congo;3
2000;Swimming;Albania;3
2000;Swimming;Bermuda;3
2000;Swimming;Boliva;3
2000;Swimming;Bosnia and Herzegovina;3
2000;Swimming;Palestine;3
2000;Swimming;Ivory Coast;3
2000;Swimming;Cameroon;3
2000;Swimming;Antigua;3
2000;Swimming;Morocco;3
2000;Swimming;Myanmar;2
2000;Swimming;El Salvador;2
2000;Swimming;Curacao;2
2000;Swimming;Benin;2
2000;Swimming;Botswana;2
2000;Swimming;United Arab Emirates;2
2000;Swimming;Saudi Arabia;2
2000;Swimming;Monaco;2
2000;Swimming;Dominican Republic;2
2000;Swimming;American Samoa;2
2000;Swimming;Sudan;2
2000;Swimming;Marshall Islands;2
2000;Swimming;Guyana;2
2000;Swimming;Iran;2
2000;Swimming;Tanzania;2
2000;Swimming;Fiji;2
2000;Swimming;Tunisia;2
2000;Swimming;Guam;2
2000;Swimming;Dominica;2
2000;Swimming;Equatorial Guinea;2
2000;Swimming;Yemen;2
2000;Swimming;Virgin Islands, US;2
2000;Swimming;Oman;2
2000;Swimming;Namibia;1
2000;Swimming;Cook Islands;1
2000;Swimming;Comoros;1
2000;Swimming;Democratic Republic of the Congo;1
2000;Swimming;Montenegro;1
2000;Synchronized Swimming;USA;25
2000;Synchronized Swimming;China;25
2000;Synchronized Swimming;Canada;21
2000;Synchronized Swimming;Italy;20
2000;Synchronized Swimming;Japan;20
2000;Synchronized Swimming;Russia;18
2000;Synchronized Swimming;Australia;17
2000;Synchronized Swimming;Greece;12
2000;Synchronized Swimming;Egypt;11
2000;Synchronized Swimming;France;11
2000;Synchronized Swimming;Spain;11
2000;Synchronized Swimming;South Korea;8
2000;Synchronized Swimming;Mexico;6
2000;Synchronized Swimming;Belarus;5
2000;Synchronized Swimming;Ukraine;5
2000;Synchronized Swimming;Switzerland;4
2000;Synchronized Swimming;North Korea;4
2000;Synchronized Swimming;Kazakhstan;4
2000;Synchronized Swimming;Slovakia;4
2000;Synchronized Swimming;Czech Republic;4
2000;Synchronized Swimming;Brazil;4
2000;Synchronized Swimming;Austria;2
2000;Synchronized Swimming;Venezuela;2
2000;Synchronized Swimming;Israel;2
2000;Synchronized Swimming;Hungary;2
2000;Synchronized Swimming;Cuba;2
2000;Synchronized Swimming;Netherlands;2
2000;Synchronized Swimming;New Zealand;2
2000;Synchronized Swimming;Puerto Rico;2
2000;Synchronized Swimming;Bulgaria;2
2000;Synchronized Swimming;UK;2
2000;Table Tennis;China;36
2000;Table Tennis;Japan;19
2000;Table Tennis;South Korea;18
2000;Table Tennis;Germany;15
2000;Table Tennis;Australia;14
2000;Table Tennis;Canada;13
2000;Table Tennis;Taiwan;11
2000;Table Tennis;USA;11
2000;Table Tennis;Nigeria;10
2000;Table Tennis;Austria;9
2000;Table Tennis;North Korea;9
2000;Table Tennis;Russia;8
2000;Table Tennis;Sweden;8
2000;Table Tennis;Chile;8
2000;Table Tennis;Algeria;8
2000;Table Tennis;Egypt;8
2000;Table Tennis;Romania;7
2000;Table Tennis;Hungary;7
2000;Table Tennis;Brazil;7
2000;Table Tennis;Croatia;7
2000;Table Tennis;India;6
2000;Table Tennis;France;6
2000;Table Tennis;Italy;6
2000;Table Tennis;Belarus;6
2000;Table Tennis;Czech Republic;6
2000;Table Tennis;Spain;5
2000;Table Tennis;Cuba;5
2000;Table Tennis;Greece;5
2000;Table Tennis;Netherlands;5
2000;Table Tennis;Poland;5
2000;Table Tennis;Ukraine;4
2000;Table Tennis;Serbia;4
2000;Table Tennis;Dominican Republic;4
2000;Table Tennis;Tunisia;3
2000;Table Tennis;Argentina;3
2000;Table Tennis;Iran;3
2000;Table Tennis;Portugal;3
2000;Table Tennis;New Zealand;3
2000;Table Tennis;Luxembourg;2
2000;Table Tennis;Belgium;2
2000;Table Tennis;Democratic Republic of the Congo;2
2000;Table Tennis;Denmark;2
2000;Table Tennis;Indonesia;2
2000;Table Tennis;Jordan;2
2000;Table Tennis;Lithuania;2
2000;Table Tennis;Republic of Congo;2
2000;Table Tennis;Turkey;2
2000;Table Tennis;Venezuela;2
2000;Table Tennis;Vanuatu;1
2000;Table Tennis;Mexico;1
2000;Table Tennis;Mauritius;1
2000;Table Tennis;Saudi Arabia;1
2000;Table Tennis;Senegal;1
2000;Table Tennis;Kuwait;1
2000;Table Tennis;Slovakia;1
2000;Table Tennis;Slovenia;1
2000;Table Tennis;Individual Olympic Athletes;1
2000;Table Tennis;Honduras;1
2000;Table Tennis;Bosnia and Herzegovina;1
2000;Table Tennis;Cameroon;1
2000;Table Tennis;Thailand;1
2000;Table Tennis;Trinidad;1
2000;Table Tennis;Israel;1
2000;Table Tennis;Vietnam;1
2000;Table Tennis;Turkmenistan;1
2000;Table Tennis;Uganda;1
2000;Table Tennis;UK;1
2000;Table Tennis;Colombia;1
2000;Table Tennis;Kazakhstan;1
2000;Table Tennis;Uzbekistan;1
2000;Table Tennis;Peru;1
2000;Table Tennis;Paraguay;1
2000;Table Tennis;Qatar;1
2000;Taekwondo;Australia;13
2000;Taekwondo;South Korea;11
2000;Taekwondo;Taiwan;9
2000;Taekwondo;Spain;9
2000;Taekwondo;Italy;8
2000;Taekwondo;USA;8
2000;Taekwondo;UK;8
2000;Taekwondo;Mexico;8
2000;Taekwondo;Egypt;8
2000;Taekwondo;China;7
2000;Taekwondo;Cuba;7
2000;Taekwondo;Thailand;7
2000;Taekwondo;Germany;7
2000;Taekwondo;Brazil;6
2000;Taekwondo;Morocco;6
2000;Taekwondo;Philippines;6
2000;Taekwondo;Turkey;6
2000;Taekwondo;Vietnam;6
2000;Taekwondo;Venezuela;6
2000;Taekwondo;Iran;5
2000;Taekwondo;Netherlands;5
2000;Taekwondo;France;5
2000;Taekwondo;Greece;5
2000;Taekwondo;Colombia;5
2000;Taekwondo;Russia;5
2000;Taekwondo;Uzbekistan;5
2000;Taekwondo;Sweden;4
2000;Taekwondo;Nigeria;4
2000;Taekwondo;Tunisia;4
2000;Taekwondo;Denmark;4
2000;Taekwondo;New Zealand;4
2000;Taekwondo;Canada;4
2000;Taekwondo;Puerto Rico;3
2000;Taekwondo;Lesotho;3
2000;Taekwondo;Finland;3
2000;Taekwondo;Malaysia;3
2000;Taekwondo;Croatia;3
2000;Taekwondo;Guatemala;3
2000;Taekwondo;Kazakhstan;3
2000;Taekwondo;Jordan;3
2000;Taekwondo;Argentina;3
2000;Taekwondo;Norway;2
2000;Taekwondo;Afghanistan;2
2000;Taekwondo;Austria;2
2000;Taekwondo;Azerbaijan;2
2000;Taekwondo;Belgium;2
2000;Taekwondo;Benin;2
2000;Taekwondo;Indonesia;2
2000;Taekwondo;Israel;2
2000;Taekwondo;Ivory Coast;2
2000;Taekwondo;Japan;2
2000;Taekwondo;Kenya;2
2000;Taekwondo;Libya;2
2000;Taekwondo;Nepal;2
2000;Taekwondo;Trinidad;2
2000;Taekwondo;Nicaragua;1
2000;Taekwondo;Central African Republic;1
2000;Taekwondo;Qatar;1
2000;Taekwondo;Iraq;1
2000;Taekwondo;Papua New Guinea;1
2000;Taekwondo;Hungary;1
2000;Taekwondo;Peru;1
2000;Taekwondo;Bosnia and Herzegovina;1
2000;Taekwondo;Honduras;1
2000;Taekwondo;Haiti;1
2000;Taekwondo;Costa Rica;1
2000;Taekwondo;Saudi Arabia;1
2000;Taekwondo;Senegal;1
2000;Taekwondo;Slovenia;1
2000;Taekwondo;South Africa;1
2000;Taekwondo;Belize;1
2000;Taekwondo;Dominican Republic;1
2000;Taekwondo;Swaziland;1
2000;Taekwondo;Monaco;1
2000;Taekwondo;Switzerland;1
2000;Taekwondo;Ecuador;1
2000;Taekwondo;Marshall Islands;1
2000;Taekwondo;Poland;1
2000;Taekwondo;Mali;1
2000;Taekwondo;Gabon;1
2000;Taekwondo;Portugal;1
2000;Taekwondo;Ukraine;1
2000;Taekwondo;United Arab Emirates;1
2000;Taekwondo;Guinea;1
2000;Taekwondo;Yemen;1
2000;Taekwondo;Kyrgyzstan;1
2000;Taekwondo;Kuwait;1
2000;Taekwondo;Chile;1
2000;Tennis;USA;22
2000;Tennis;Czech Republic;21
2000;Tennis;Spain;19
2000;Tennis;France;18
2000;Tennis;Argentina;18
2000;Tennis;Italy;16
2000;Tennis;Australia;16
2000;Tennis;China;14
2000;Tennis;Russia;14
2000;Tennis;Sweden;11
2000;Tennis;Hungary;10
2000;Tennis;Slovakia;10
2000;Tennis;Japan;9
2000;Tennis;Brazil;9
2000;Tennis;Croatia;8
2000;Tennis;Belarus;8
2000;Tennis;Switzerland;8
2000;Tennis;UK;8
2000;Tennis;South Africa;7
2000;Tennis;Belgium;7
2000;Tennis;Ukraine;7
2000;Tennis;Poland;6
2000;Tennis;Serbia;6
2000;Tennis;Germany;6
2000;Tennis;India;6
2000;Tennis;Austria;6
2000;Tennis;Canada;6
2000;Tennis;Israel;5
2000;Tennis;Taiwan;5
2000;Tennis;Greece;5
2000;Tennis;Romania;5
2000;Tennis;South Korea;4
2000;Tennis;Slovenia;4
2000;Tennis;Venezuela;4
2000;Tennis;Chile;3
2000;Tennis;Morocco;3
2000;Tennis;Bahamas;3
2000;Tennis;Colombia;3
2000;Tennis;Indonesia;3
2000;Tennis;Netherlands;3
2000;Tennis;Thailand;3
2000;Tennis;Zimbabwe;3
2000;Tennis;Denmark;2
2000;Tennis;Luxembourg;2
2000;Tennis;Mexico;2
2000;Tennis;Estonia;2
2000;Tennis;Uzbekistan;2
2000;Tennis;Portugal;2
2000;Tennis;Bulgaria;2
2000;Tennis;Finland;1
2000;Tennis;El Salvador;1
2000;Tennis;Ecuador;1
2000;Tennis;Cyprus;1
2000;Tennis;Costa Rica;1
2000;Tennis;Bosnia and Herzegovina;1
2000;Tennis;Boliva;1
2000;Tennis;Armenia;1
2000;Tennis;Togo;1
2000;Tennis;Tunisia;1
2000;Tennis;Madagascar;1
2000;Tennis;Algeria;1
2000;Tennis;Benin;1
2000;Tennis;New Zealand;1
2000;Tennis;Norway;1
2000;Tennis;Paraguay;1
2000;Tennis;Peru;1
2000;Tennis;Latvia;1
2000;Tennis;Puerto Rico;1
2000;Tennis;Haiti;1
2000;Trampolining;China;5
2000;Trampolining;UK;5
2000;Trampolining;Australia;5
2000;Trampolining;Canada;5
2000;Trampolining;Japan;5
2000;Trampolining;Russia;5
2000;Trampolining;Belarus;4
2000;Trampolining;Ukraine;4
2000;Trampolining;Germany;3
2000;Trampolining;USA;3
2000;Trampolining;Portugal;3
2000;Trampolining;Czech Republic;2
2000;Trampolining;France;2
2000;Trampolining;Georgia;2
2000;Trampolining;Switzerland;2
2000;Trampolining;Netherlands;2
2000;Trampolining;Algeria;1
2000;Trampolining;Denmark;1
2000;Trampolining;Greece;1
2000;Trampolining;Italy;1
2000;Trampolining;Slovakia;1
2000;Trampolining;Uzbekistan;1
2000;Triathlon;Australia;15
2000;Triathlon;USA;15
2000;Triathlon;UK;13
2000;Triathlon;France;13
2000;Triathlon;Canada;12
2000;Triathlon;Germany;11
2000;Triathlon;New Zealand;11
2000;Triathlon;Japan;11
2000;Triathlon;Italy;9
2000;Triathlon;Spain;9
2000;Triathlon;Switzerland;9
2000;Triathlon;Netherlands;9
2000;Triathlon;China;8
2000;Triathlon;Brazil;8
2000;Triathlon;Czech Republic;7
2000;Triathlon;Russia;7
2000;Triathlon;Austria;6
2000;Triathlon;Hungary;5
2000;Triathlon;South Africa;5
2000;Triathlon;Ukraine;4
2000;Triathlon;Mexico;4
2000;Triathlon;Belgium;4
2000;Triathlon;Luxembourg;3
2000;Triathlon;Poland;3
2000;Triathlon;Portugal;3
2000;Triathlon;Denmark;3
2000;Triathlon;Kazakhstan;3
2000;Triathlon;Greece;2
2000;Triathlon;Colombia;2
2000;Triathlon;Zimbabwe;2
2000;Triathlon;Chile;2
2000;Triathlon;Sweden;2
2000;Triathlon;Bermuda;2
2000;Triathlon;Argentina;2
2000;Triathlon;Ireland;1
2000;Triathlon;Venezuela;1
2000;Triathlon;Costa Rica;1
2000;Triathlon;Curacao;1
2000;Triathlon;Syria;1
2000;Triathlon;Slovakia;1
2000;Triathlon;Jamaica;1
2000;Triathlon;Estonia;1
2000;Volleyball;Russia;50
2000;Volleyball;USA;46
2000;Volleyball;China;46
2000;Volleyball;Italy;46
2000;Volleyball;Brazil;45
2000;Volleyball;Serbia;37
2000;Volleyball;South Korea;35
2000;Volleyball;Cuba;35
2000;Volleyball;Australia;32
2000;Volleyball;Germany;31
2000;Volleyball;Poland;31
2000;Volleyball;Japan;30
2000;Volleyball;Greece;24
2000;Volleyball;Egypt;22
2000;Volleyball;Venezuela;22
2000;Volleyball;Argentina;19
2000;Volleyball;Kenya;19
2000;Volleyball;Netherlands;17
2000;Volleyball;Kazakhstan;12
2000;Volleyball;Dominican Republic;12
2000;Volleyball;France;12
2000;Volleyball;Bulgaria;12
2000;Volleyball;Spain;12
2000;Volleyball;Tunisia;11
2000;Volleyball;Croatia;11
2000;Volleyball;Peru;11
2000;Volleyball;Algeria;10
2000;Volleyball;Taiwan;1
2000;Volleyball;UK;1
2000;Water Polo;USA;59
2000;Water Polo;Australia;55
2000;Water Polo;Russia;45
2000;Water Polo;Italy;42
2000;Water Polo;Greece;41
2000;Water Polo;Hungary;39
2000;Water Polo;Kazakhstan;36
2000;Water Polo;Netherlands;35
2000;Water Polo;Canada;31
2000;Water Polo;China;31
2000;Water Polo;Spain;25
2000;Water Polo;Serbia;25
2000;Water Polo;Croatia;24
2000;Water Polo;Germany;19
2000;Water Polo;Egypt;13
2000;Water Polo;Slovakia;11
2000;Water Polo;Montenegro;10
2000;Water Polo;Czech Republic;1
2000;Water Polo;Brazil;1
2000;Weightlifting;Russia;28
2000;Weightlifting;China;24
2000;Weightlifting;Ukraine;22
2000;Weightlifting;South Korea;20
2000;Weightlifting;Bulgaria;20
2000;Weightlifting;Poland;18
2000;Weightlifting;Greece;16
2000;Weightlifting;Belarus;16
2000;Weightlifting;Turkey;16
2000;Weightlifting;Japan;16
2000;Weightlifting;Colombia;15
2000;Weightlifting;Thailand;15
2000;Weightlifting;Hungary;14
2000;Weightlifting;Australia;14
2000;Weightlifting;Romania;14
2000;Weightlifting;Egypt;13
2000;Weightlifting;Kazakhstan;12
2000;Weightlifting;Armenia;12
2000;Weightlifting;Indonesia;12
2000;Weightlifting;Germany;12
2000;Weightlifting;Taiwan;11
2000;Weightlifting;USA;11
2000;Weightlifting;North Korea;11
2000;Weightlifting;Azerbaijan;10
2000;Weightlifting;France;10
2000;Weightlifting;Cuba;10
2000;Weightlifting;Nigeria;9
2000;Weightlifting;Venezuela;9
2000;Weightlifting;Iran;9
2000;Weightlifting;Canada;8
2000;Weightlifting;Spain;7
2000;Weightlifting;Moldova;7
2000;Weightlifting;Italy;7
2000;Weightlifting;Uzbekistan;6
2000;Weightlifting;Georgia;5
2000;Weightlifting;Albania;5
2000;Weightlifting;Slovakia;5
2000;Weightlifting;Tunisia;4
2000;Weightlifting;Myanmar;4
2000;Weightlifting;Nauru;4
2000;Weightlifting;New Zealand;4
2000;Weightlifting;Ecuador;4
2000;Weightlifting;India;4
2000;Weightlifting;Samoa;4
2000;Weightlifting;Saudi Arabia;4
2000;Weightlifting;Guatemala;3
2000;Weightlifting;Fiji;3
2000;Weightlifting;Mauritius;3
2000;Weightlifting;Mexico;3
2000;Weightlifting;Czech Republic;3
2000;Weightlifting;Belgium;3
2000;Weightlifting;Puerto Rico;3
2000;Weightlifting;Qatar;3
2000;Weightlifting;Argentina;3
2000;Weightlifting;Latvia;3
2000;Weightlifting;UK;3
2000;Weightlifting;Seychelles;3
2000;Weightlifting;Dominican Republic;3
2000;Weightlifting;Vietnam;2
2000;Weightlifting;Nicaragua;2
2000;Weightlifting;Kiribati;2
2000;Weightlifting;Kyrgyzstan;2
2000;Weightlifting;Cook Islands;2
2000;Weightlifting;Cameroon;2
2000;Weightlifting;Libya;2
2000;Weightlifting;Brazil;2
2000;Weightlifting;American Samoa;2
2000;Weightlifting;Finland;2
2000;Weightlifting;Malaysia;2
2000;Weightlifting;Algeria;2
2000;Weightlifting;Norway;2
2000;Weightlifting;Peru;2
2000;Weightlifting;Tonga;2
2000;Weightlifting;Turkmenistan;2
2000;Weightlifting;Panama;1
2000;Weightlifting;Palau;1
2000;Weightlifting;Micronesia;1
2000;Weightlifting;Lithuania;1
2000;Weightlifting;Lebanon;1
2000;Weightlifting;"";1
2000;Weightlifting;Chile;1
2000;Weightlifting;Sierra Leone;1
2000;Weightlifting;Iraq;1
2000;Weightlifting;Solomon Islands;1
2000;Weightlifting;South Africa;1
2000;Weightlifting;Comoros;1
2000;Weightlifting;Individual Olympic Athletes;1
2000;Weightlifting;Sri Lanka;1
2000;Weightlifting;Syria;1
2000;Weightlifting;Cyprus;1
2000;Weightlifting;Tajikistan;1
2000;Weightlifting;El Salvador;1
2000;Weightlifting;Monaco;1
2000;Weightlifting;Nepal;1
2000;Weightlifting;Guyana;1
2000;Weightlifting;Boliva;1
2000;Weightlifting;Uganda;1
2000;Weightlifting;Guam;1
2000;Weightlifting;Aruba;1
2000;Weightlifting;Morocco;1
2000;Weightlifting;Mongolia;1
2000;Weightlifting;Philippines;1
2000;Weightlifting;Papua New Guinea;1
2000;Wrestling;USA;44
2000;Wrestling;Russia;43
2000;Wrestling;Ukraine;35
2000;Wrestling;China;34
2000;Wrestling;Kazakhstan;31
2000;Wrestling;Azerbaijan;30
2000;Wrestling;Iran;30
2000;Wrestling;Cuba;28
2000;Wrestling;Belarus;27
2000;Wrestling;Turkey;26
2000;Wrestling;Greece;25
2000;Wrestling;South Korea;25
2000;Wrestling;Bulgaria;24
2000;Wrestling;Georgia;22
2000;Wrestling;Germany;21
2000;Wrestling;Japan;21
2000;Wrestling;Hungary;19
2000;Wrestling;Uzbekistan;19
2000;Wrestling;Poland;19
2000;Wrestling;Canada;18
2000;Wrestling;Armenia;17
2000;Wrestling;Kyrgyzstan;15
2000;Wrestling;Australia;15
2000;Wrestling;France;14
2000;Wrestling;Romania;13
2000;Wrestling;Mongolia;13
2000;Wrestling;India;12
2000;Wrestling;Sweden;12
2000;Wrestling;Egypt;9
2000;Wrestling;Tunisia;8
2000;Wrestling;North Korea;8
2000;Wrestling;Italy;8
2000;Wrestling;Moldova;8
2000;Wrestling;Switzerland;6
2000;Wrestling;Finland;6
2000;Wrestling;Algeria;6
2000;Wrestling;Lithuania;6
2000;Wrestling;Tajikistan;5
2000;Wrestling;Spain;5
2000;Wrestling;Slovakia;5
2000;Wrestling;Colombia;5
2000;Wrestling;Nigeria;5
2000;Wrestling;Venezuela;5
2000;Wrestling;Estonia;4
2000;Wrestling;Israel;4
2000;Wrestling;South Africa;3
2000;Wrestling;Austria;3
2000;Wrestling;Guinea-Bissau;3
2000;Wrestling;Palau;3
2000;Wrestling;Senegal;3
2000;Wrestling;Czech Republic;3
2000;Wrestling;Denmark;3
2000;Wrestling;New Zealand;3
2000;Wrestling;Norway;2
2000;Wrestling;Peru;2
2000;Wrestling;Brazil;2
2000;Wrestling;Serbia;2
2000;Wrestling;Guam;2
2000;Wrestling;Latvia;2
2000;Wrestling;Macedonia;2
2000;Wrestling;Namibia;1
2000;Wrestling;Mexico;1
2000;Wrestling;El Salvador;1
2000;Wrestling;Dominican Republic;1
2000;Wrestling;Cameroon;1
2000;Wrestling;UK;1
2000;Wrestling;Turkmenistan;1
2000;Wrestling;Samoa;1
2000;Wrestling;Afghanistan;1
2000;Wrestling;Puerto Rico;1
2000;Wrestling;Portugal;1
2000;Wrestling;Netherlands;1
2010;Archery;China;12
2010;Archery;South Korea;12
2010;Archery;Taiwan;12
2010;Archery;Italy;9
2010;Archery;Mexico;8
2010;Archery;India;8
2010;Archery;Ukraine;8
2010;Archery;Japan;8
2010;Archery;UK;7
2010;Archery;USA;7
2010;Archery;France;7
2010;Archery;Spain;6
2010;Archery;Brazil;6
2010;Archery;Malaysia;5
2010;Archery;Colombia;5
2010;Archery;Australia;5
2010;Archery;Russia;4
2010;Archery;Kazakhstan;4
2010;Archery;Georgia;4
2010;Archery;Germany;4
2010;Archery;Indonesia;4
2010;Archery;Iran;3
2010;Archery;Netherlands;3
2010;Archery;Canada;3
2010;Archery;Moldova;3
2010;Archery;Poland;3
2010;Archery;Egypt;3
2010;Archery;Turkey;3
2010;Archery;Denmark;3
2010;Archery;Venezuela;2
2010;Archery;Bangladesh;2
2010;Archery;Belarus;2
2010;Archery;Bhutan;2
2010;Archery;Chile;2
2010;Archery;Cuba;2
2010;Archery;Estonia;2
2010;Archery;Finland;2
2010;Archery;Mongolia;2
2010;Archery;Myanmar;2
2010;Archery;North Korea;2
2010;Archery;Philippines;2
2010;Archery;Slovakia;2
2010;Archery;Switzerland;2
2010;Archery;Tonga;2
2010;Archery;Norway;1
2010;Archery;Bulgaria;1
2010;Archery;Kenya;1
2010;Archery;Ivory Coast;1
2010;Archery;Samoa;1
2010;Archery;San Marino;1
2010;Archery;Belgium;1
2010;Archery;Slovenia;1
2010;Archery;South Africa;1
2010;Archery;Iraq;1
2010;Archery;Greece;1
2010;Archery;Sweden;1
2010;Archery;Azerbaijan;1
2010;Archery;Fiji;1
2010;Archery;Malawi;1
2010;Archery;Luxembourg;1
2010;Archery;Thailand;1
2010;Archery;Austria;1
2010;Archery;Nepal;1
2010;Archery;Libya;1
2010;Archery;Dominican Republic;1
2010;Archery;Zimbabwe;1
2010;Athletics;USA;212
2010;Athletics;Germany;130
2010;Athletics;UK;114
2010;Athletics;Ukraine;110
2010;Athletics;China;100
2010;Athletics;Russia;99
2010;Athletics;Poland;93
2010;Athletics;Australia;90
2010;Athletics;Canada;85
2010;Athletics;Japan;83
2010;Athletics;Jamaica;79
2010;Athletics;France;77
2010;Athletics;Brazil;76
2010;Athletics;Spain;75
2010;Athletics;Kenya;74
2010;Athletics;Cuba;71
2010;Athletics;Belarus;68
2010;Athletics;Italy;53
2010;Athletics;Ethiopia;53
2010;Athletics;Colombia;51
2010;Athletics;South Africa;49
2010;Athletics;Turkey;49
2010;Athletics;Czech Republic;45
2010;Athletics;Kazakhstan;40
2010;Athletics;Greece;39
2010;Athletics;Netherlands;39
2010;Athletics;India;39
2010;Athletics;Nigeria;38
2010;Athletics;Bahrain;37
2010;Athletics;Portugal;35
2010;Athletics;Ireland;35
2010;Athletics;Bahamas;34
2010;Athletics;Hungary;33
2010;Athletics;Belgium;33
2010;Athletics;Romania;32
2010;Athletics;South Korea;31
2010;Athletics;Mexico;31
2010;Athletics;Morocco;31
2010;Athletics;Latvia;28
2010;Athletics;Lithuania;28
2010;Athletics;Trinidad;25
2010;Athletics;Finland;25
2010;Athletics;Uganda;25
2010;Athletics;Estonia;24
2010;Athletics;Ecuador;23
2010;Athletics;Uzbekistan;23
2010;Athletics;Switzerland;22
2010;Athletics;Sweden;22
2010;Athletics;Norway;20
2010;Athletics;Serbia;20
2010;Athletics;Slovenia;20
2010;Athletics;Algeria;19
2010;Athletics;Eritrea;18
2010;Athletics;Slovakia;18
2010;Athletics;Venezuela;18
2010;Athletics;Puerto Rico;18
2010;Athletics;Bulgaria;17
2010;Athletics;New Zealand;17
2010;Athletics;Argentina;16
2010;Athletics;Peru;16
2010;Athletics;Dominican Republic;16
2010;Athletics;Croatia;16
2010;Athletics;Iran;15
2010;Athletics;Moldova;14
2010;Athletics;Saudi Arabia;13
2010;Athletics;Qatar;12
2010;Athletics;Chile;12
2010;Athletics;Denmark;11
2010;Athletics;Taiwan;11
2010;Athletics;Austria;10
2010;Athletics;Botswana;10
2010;Athletics;Egypt;10
2010;Athletics;Ghana;10
2010;Athletics;Guatemala;10
2010;Athletics;Israel;10
2010;Athletics;Barbados;9
2010;Athletics;North Korea;9
2010;Athletics;"";9
2010;Athletics;Georgia;9
2010;Athletics;Armenia;9
2010;Athletics;Tunisia;8
2010;Athletics;Boliva;8
2010;Athletics;Grenada;8
2010;Athletics;Antigua;8
2010;Athletics;Cyprus;8
2010;Athletics;Saint Kitts;7
2010;Athletics;Zimbabwe;7
2010;Athletics;Kyrgyzstan;7
2010;Athletics;Sudan;7
2010;Athletics;Tanzania;7
2010;Athletics;Haiti;6
2010;Athletics;Burundi;6
2010;Athletics;Thailand;6
2010;Athletics;Uruguay;6
2010;Athletics;Guyana;6
2010;Athletics;Lesotho;6
2010;Athletics;Djibouti;6
2010;Athletics;Senegal;6
2010;Athletics;Azerbaijan;6
2010;Athletics;Rwanda;5
2010;Athletics;Zambia;5
2010;Athletics;Costa Rica;5
2010;Athletics;Mongolia;5
2010;Athletics;Ivory Coast;5
2010;Athletics;Namibia;5
2010;Athletics;Mauritius;5
2010;Athletics;Iceland;5
2010;Athletics;Panama;5
2010;Athletics;Virgin Islands, US;5
2010;Athletics;Liberia;5
2010;Athletics;Bosnia and Herzegovina;5
2010;Athletics;Afghanistan;4
2010;Athletics;Angola;4
2010;Athletics;Republic of Congo;4
2010;Athletics;El Salvador;4
2010;Athletics;Dominica;4
2010;Athletics;Saint Lucia;4
2010;Athletics;Gambia;4
2010;Athletics;Sao Tome and Principe;4
2010;Athletics;Democratic Republic of the Congo;4
2010;Athletics;Belize;4
2010;Athletics;Sierra Leone;4
2010;Athletics;Benin;4
2010;Athletics;Cameroon;4
2010;Athletics;Solomon Islands;4
2010;Athletics;Somalia;4
2010;Athletics;Cambodia;4
2010;Athletics;Brunei;4
2010;Athletics;Sri Lanka;4
2010;Athletics;Tonga;4
2010;Athletics;Togo;4
2010;Athletics;Guinea;4
2010;Athletics;United Arab Emirates;4
2010;Athletics;Macedonia;4
2010;Athletics;Malawi;4
2010;Athletics;Malaysia;4
2010;Athletics;Guam;4
2010;Athletics;Mali;4
2010;Athletics;Malta;4
2010;Athletics;Marshall Islands;4
2010;Athletics;Micronesia;4
2010;Athletics;Turkmenistan;4
2010;Athletics;Myanmar;4
2010;Athletics;Nepal;4
2010;Athletics;Virgin Islands, British;4
2010;Athletics;Vietnam;4
2010;Athletics;Niger;4
2010;Athletics;Kiribati;4
2010;Athletics;Pakistan;4
2010;Athletics;Palestine;4
2010;Athletics;Paraguay;4
2010;Athletics;Philippines;4
2010;Athletics;Indonesia;4
2010;Athletics;Samoa;3
2010;Athletics;Guinea-Bissau;3
2010;Athletics;Bangladesh;3
2010;Athletics;Kuwait;3
2010;Athletics;Comoros;3
2010;Athletics;Lebanon;3
2010;Athletics;Libya;3
2010;Athletics;Cook Islands;3
2010;Athletics;Maldives;3
2010;Athletics;Mauritania;3
2010;Athletics;American Samoa;3
2010;Athletics;Andorra;3
2010;Athletics;Burkina Faso;3
2010;Athletics;Cape Verde;3
2010;Athletics;Albania;3
2010;Athletics;Nicaragua;3
2010;Athletics;Bermuda;3
2010;Athletics;Fiji;3
2010;Athletics;Oman;3
2010;Athletics;Papua New Guinea;3
2010;Athletics;Central African Republic;3
2010;Athletics;Chad;3
2010;Athletics;Saint Vincent;3
2010;Athletics;Honduras;3
2010;Athletics;Seychelles;3
2010;Athletics;Suriname;3
2010;Athletics;Tajikistan;3
2010;Athletics;Timor-Leste;3
2010;Athletics;Yemen;3
2010;Athletics;Syria;2
2010;Athletics;South Sudan;2
2010;Athletics;San Marino;2
2010;Athletics;Palau;2
2010;Athletics;Mozambique;2
2010;Athletics;Montenegro;2
2010;Athletics;Gabon;2
2010;Athletics;Iraq;2
2010;Athletics;Swaziland;2
2010;Athletics;Madagascar;2
2010;Athletics;Luxembourg;2
2010;Athletics;Laos;2
2010;Athletics;Kosovo;2
2010;Athletics;Vanuatu;2
2010;Athletics;Cayman Islands;2
2010;Athletics;Jordan;2
2010;Athletics;Equatorial Guinea;2
2010;Athletics;Monaco;1
2010;Athletics;Liechtenstein;1
2010;Athletics;Individual Olympic Athletes;1
2010;Badminton;China;32
2010;Badminton;Japan;19
2010;Badminton;South Korea;19
2010;Badminton;Indonesia;15
2010;Badminton;Denmark;11
2010;Badminton;Malaysia;10
2010;Badminton;Taiwan;10
2010;Badminton;Thailand;10
2010;Badminton;UK;10
2010;Badminton;USA;10
2010;Badminton;Germany;9
2010;Badminton;Australia;9
2010;Badminton;India;9
2010;Badminton;Russia;8
2010;Badminton;Poland;7
2010;Badminton;South Africa;5
2010;Badminton;Canada;5
2010;Badminton;Bulgaria;4
2010;Badminton;Austria;4
2010;Badminton;Netherlands;4
2010;Badminton;Ukraine;4
2010;Badminton;France;3
2010;Badminton;Finland;3
2010;Badminton;Spain;2
2010;Badminton;Sri Lanka;2
2010;Badminton;Suriname;2
2010;Badminton;Peru;2
2010;Badminton;Switzerland;2
2010;Badminton;Estonia;2
2010;Badminton;Brazil;2
2010;Badminton;Turkey;2
2010;Badminton;Portugal;2
2010;Badminton;Belgium;2
2010;Badminton;Vietnam;2
2010;Badminton;Ireland;2
2010;Badminton;Mexico;2
2010;Badminton;Czech Republic;2
2010;Badminton;Guatemala;1
2010;Badminton;Hungary;1
2010;Badminton;Israel;1
2010;Badminton;Italy;1
2010;Badminton;Lithuania;1
2010;Badminton;Maldives;1
2010;Badminton;Mauritius;1
2010;Badminton;Belarus;1
2010;Badminton;Norway;1
2010;Badminton;Egypt;1
2010;Badminton;Slovakia;1
2010;Badminton;Slovenia;1
2010;Badminton;Cuba;1
2010;Badminton;Sweden;1
2010;Badminton;Brunei;1
2010;Badminton;Uganda;1
2010;Badminton;Iceland;1
2010;Basketball;China;48
2010;Basketball;Australia;40
2010;Basketball;France;39
2010;Basketball;USA;37
2010;Basketball;Brazil;33
2010;Basketball;Spain;28
2010;Basketball;Russia;24
2010;Basketball;Serbia;24
2010;Basketball;UK;24
2010;Basketball;Croatia;22
2010;Basketball;Nigeria;19
2010;Basketball;Argentina;19
2010;Basketball;Lithuania;18
2010;Basketball;Canada;17
2010;Basketball;Turkey;17
2010;Basketball;Venezuela;12
2010;Basketball;Czech Republic;12
2010;Basketball;Japan;12
2010;Basketball;Senegal;12
2010;Basketball;Tunisia;12
2010;Basketball;Angola;12
2010;Basketball;Belarus;10
2010;Basketball;Mauritania;1
2010;Beach Volleyball;Brazil;13
2010;Beach Volleyball;Germany;13
2010;Beach Volleyball;USA;12
2010;Beach Volleyball;Canada;11
2010;Beach Volleyball;Netherlands;10
2010;Beach Volleyball;Switzerland;9
2010;Beach Volleyball;Russia;9
2010;Beach Volleyball;Czech Republic;7
2010;Beach Volleyball;Italy;7
2010;Beach Volleyball;Australia;7
2010;Beach Volleyball;Austria;6
2010;Beach Volleyball;China;6
2010;Beach Volleyball;Poland;6
2010;Beach Volleyball;Latvia;4
2010;Beach Volleyball;UK;4
2010;Beach Volleyball;Spain;4
2010;Beach Volleyball;Venezuela;4
2010;Beach Volleyball;Argentina;3
2010;Beach Volleyball;Norway;2
2010;Beach Volleyball;Qatar;2
2010;Beach Volleyball;Cuba;2
2010;Beach Volleyball;South Africa;2
2010;Beach Volleyball;Costa Rica;2
2010;Beach Volleyball;Tunisia;2
2010;Beach Volleyball;Chile;2
2010;Beach Volleyball;Greece;2
2010;Beach Volleyball;Japan;2
2010;Beach Volleyball;Mauritius;2
2010;Beach Volleyball;Mexico;2
2010;Beach Volleyball;Egypt;2
2010;Boxing;China;22
2010;Boxing;UK;20
2010;Boxing;Russia;20
2010;Boxing;USA;19
2010;Boxing;Kazakhstan;19
2010;Boxing;Australia;15
2010;Boxing;Brazil;15
2010;Boxing;Uzbekistan;15
2010;Boxing;Azerbaijan;15
2010;Boxing;Morocco;14
2010;Boxing;France;14
2010;Boxing;Ukraine;12
2010;Boxing;Algeria;11
2010;Boxing;Turkey;11
2010;Boxing;Italy;11
2010;Boxing;Cuba;11
2010;Boxing;Venezuela;10
2010;Boxing;Ireland;10
2010;Boxing;Mongolia;9
2010;Boxing;Germany;9
2010;Boxing;Egypt;9
2010;Boxing;Cameroon;9
2010;Boxing;Colombia;8
2010;Boxing;India;8
2010;Boxing;Ecuador;8
2010;Boxing;Mexico;7
2010;Boxing;Bulgaria;7
2010;Boxing;Tunisia;7
2010;Boxing;Canada;6
2010;Boxing;Armenia;6
2010;Boxing;Thailand;6
2010;Boxing;Argentina;6
2010;Boxing;Japan;6
2010;Boxing;Puerto Rico;5
2010;Boxing;Dominican Republic;5
2010;Boxing;Belarus;5
2010;Boxing;Sweden;4
2010;Boxing;Ghana;4
2010;Boxing;Kenya;4
2010;Boxing;Iran;4
2010;Boxing;Namibia;4
2010;Boxing;North Korea;4
2010;Boxing;Mauritius;4
2010;Boxing;Tajikistan;4
2010;Boxing;Spain;4
2010;Boxing;Nigeria;4
2010;Boxing;Hungary;4
2010;Boxing;Netherlands;3
2010;Boxing;Philippines;3
2010;Boxing;Jordan;3
2010;Boxing;Romania;3
2010;Boxing;Turkmenistan;3
2010;Boxing;South Korea;3
2010;Boxing;Poland;3
2010;Boxing;Lithuania;3
2010;Boxing;Zambia;2
2010;Boxing;New Zealand;2
2010;Boxing;Croatia;2
2010;Boxing;Gabon;2
2010;Boxing;Honduras;2
2010;Boxing;Iraq;2
2010;Boxing;Lesotho;2
2010;Boxing;Panama;2
2010;Boxing;Qatar;2
2010;Boxing;Republic of Congo;2
2010;Boxing;South Africa;2
2010;Boxing;Taiwan;2
2010;Boxing;Trinidad;2
2010;Boxing;Vanuatu;1
2010;Boxing;Botswana;1
2010;Boxing;Cape Verde;1
2010;Boxing;Serbia;1
2010;Boxing;Seychelles;1
2010;Boxing;Finland;1
2010;Boxing;Niger;1
2010;Boxing;Nicaragua;1
2010;Boxing;Afghanistan;1
2010;Boxing;Switzerland;1
2010;Boxing;Syria;1
2010;Boxing;Virgin Islands, US;1
2010;Boxing;Central African Republic;1
2010;Boxing;Tanzania;1
2010;Boxing;Czech Republic;1
2010;Boxing;Haiti;1
2010;Boxing;Mozambique;1
2010;Boxing;Democratic Republic of the Congo;1
2010;Boxing;Montenegro;1
2010;Boxing;Uganda;1
2010;Boxing;Denmark;1
2010;Boxing;Moldova;1
2010;Boxing;Micronesia;1
2010;Boxing;Kyrgyzstan;1
2010;Boxing;Papua New Guinea;1
2010;Boxing;Benin;1
2010;Boxing;Pakistan;1
2010;Boxing;Fiji;1
2010;Canoeing;Germany;31
2010;Canoeing;Australia;30
2010;Canoeing;Russia;30
2010;Canoeing;China;26
2010;Canoeing;France;24
2010;Canoeing;Hungary;23
2010;Canoeing;Poland;21
2010;Canoeing;UK;20
2010;Canoeing;Czech Republic;19
2010;Canoeing;Slovakia;19
2010;Canoeing;Serbia;18
2010;Canoeing;Italy;16
2010;Canoeing;Kazakhstan;14
2010;Canoeing;Brazil;14
2010;Canoeing;Spain;14
2010;Canoeing;New Zealand;13
2010;Canoeing;Canada;12
2010;Canoeing;Belarus;12
2010;Canoeing;Romania;11
2010;Canoeing;Ukraine;11
2010;Canoeing;USA;11
2010;Canoeing;Portugal;11
2010;Canoeing;Argentina;11
2010;Canoeing;Japan;11
2010;Canoeing;Cuba;10
2010;Canoeing;Sweden;9
2010;Canoeing;Lithuania;8
2010;Canoeing;Denmark;8
2010;Canoeing;Slovenia;7
2010;Canoeing;Uzbekistan;6
2010;Canoeing;Austria;6
2010;Canoeing;Belgium;5
2010;Canoeing;Switzerland;5
2010;Canoeing;Tunisia;3
2010;Canoeing;Azerbaijan;3
2010;Canoeing;Cook Islands;3
2010;Canoeing;Latvia;3
2010;Canoeing;Ireland;3
2010;Canoeing;Egypt;3
2010;Canoeing;Iran;3
2010;Canoeing;Angola;2
2010;Canoeing;Mexico;2
2010;Canoeing;Moldova;2
2010;Canoeing;Morocco;2
2010;Canoeing;Mozambique;2
2010;Canoeing;Norway;2
2010;Canoeing;Samoa;2
2010;Canoeing;Senegal;2
2010;Canoeing;Finland;2
2010;Canoeing;South Africa;2
2010;Canoeing;South Korea;2
2010;Canoeing;Bulgaria;2
2010;Canoeing;Croatia;1
2010;Canoeing;Sao Tome and Principe;1
2010;Canoeing;Georgia;1
2010;Canoeing;Thailand;1
2010;Canoeing;Togo;1
2010;Canoeing;Greece;1
2010;Canoeing;Turkey;1
2010;Canoeing;Lebanon;1
2010;Canoeing;Ecuador;1
2010;Canoeing;Palau;1
2010;Canoeing;Nigeria;1
2010;Cycling;Australia;44
2010;Cycling;Germany;41
2010;Cycling;Netherlands;40
2010;Cycling;China;38
2010;Cycling;UK;37
2010;Cycling;France;36
2010;Cycling;USA;34
2010;Cycling;New Zealand;31
2010;Cycling;Italy;30
2010;Cycling;Canada;28
2010;Cycling;Belgium;27
2010;Cycling;Colombia;26
2010;Cycling;Russia;26
2010;Cycling;Spain;23
2010;Cycling;Poland;23
2010;Cycling;Switzerland;23
2010;Cycling;Denmark;20
2010;Cycling;South Korea;18
2010;Cycling;Venezuela;15
2010;Cycling;Brazil;15
2010;Cycling;Japan;15
2010;Cycling;Ukraine;14
2010;Cycling;South Africa;14
2010;Cycling;Czech Republic;13
2010;Cycling;Slovenia;10
2010;Cycling;Norway;9
2010;Cycling;Austria;8
2010;Cycling;Argentina;8
2010;Cycling;Belarus;8
2010;Cycling;Portugal;7
2010;Cycling;Sweden;7
2010;Cycling;Mexico;6
2010;Cycling;Lithuania;6
2010;Cycling;Iran;6
2010;Cycling;Latvia;6
2010;Cycling;Greece;5
2010;Cycling;Ireland;5
2010;Cycling;Kazakhstan;5
2010;Cycling;Cuba;5
2010;Cycling;Turkey;5
2010;Cycling;Morocco;4
2010;Cycling;Luxembourg;4
2010;Cycling;Estonia;4
2010;Cycling;Costa Rica;4
2010;Cycling;Chile;4
2010;Cycling;Azerbaijan;4
2010;Cycling;Malaysia;4
2010;Cycling;Namibia;4
2010;Cycling;Slovakia;3
2010;Cycling;Serbia;3
2010;Cycling;Ecuador;3
2010;Cycling;Finland;3
2010;Cycling;Croatia;3
2010;Cycling;Bulgaria;3
2010;Cycling;Algeria;3
2010;Cycling;Hungary;3
2010;Cycling;Guam;2
2010;Cycling;Romania;2
2010;Cycling;Israel;2
2010;Cycling;Thailand;2
2010;Cycling;Taiwan;2
2010;Cycling;Cyprus;2
2010;Cycling;Uzbekistan;2
2010;Cycling;Rwanda;2
2010;Cycling;Moldova;1
2010;Cycling;Ethiopia;1
2010;Cycling;Georgia;1
2010;Cycling;Guatemala;1
2010;Cycling;Indonesia;1
2010;Cycling;Puerto Rico;1
2010;Cycling;Philippines;1
2010;Cycling;Kosovo;1
2010;Cycling;Syria;1
2010;Cycling;Timor-Leste;1
2010;Cycling;Trinidad;1
2010;Cycling;Tunisia;1
2010;Cycling;United Arab Emirates;1
2010;Cycling;Uruguay;1
2010;Cycling;Dominican Republic;1
2010;Cycling;Laos;1
2010;Cycling;Eritrea;1
2010;Cycling;Lesotho;1
2010;Cycling;El Salvador;1
2010;Cycling;Boliva;1
2010;Cycling;Mauritius;1
2010;Cycling;Egypt;1
2010;Diving;China;21
2010;Diving;USA;18
2010;Diving;Australia;16
2010;Diving;UK;16
2010;Diving;Mexico;15
2010;Diving;Canada;13
2010;Diving;Ukraine;12
2010;Diving;Russia;11
2010;Diving;Malaysia;11
2010;Diving;Italy;11
2010;Diving;Germany;10
2010;Diving;Brazil;9
2010;Diving;France;7
2010;Diving;North Korea;7
2010;Diving;Venezuela;4
2010;Diving;Colombia;4
2010;Diving;Egypt;4
2010;Diving;Japan;4
2010;Diving;South Korea;4
2010;Diving;Cuba;3
2010;Diving;Hungary;3
2010;Diving;Belarus;3
2010;Diving;Sweden;2
2010;Diving;Spain;2
2010;Diving;Greece;1
2010;Diving;South Africa;1
2010;Diving;Austria;1
2010;Diving;Croatia;1
2010;Diving;Ireland;1
2010;Diving;Jamaica;1
2010;Diving;Netherlands;1
2010;Diving;New Zealand;1
2010;Diving;Norway;1
2010;Diving;Puerto Rico;1
2010;Equestrianism;USA;20
2010;Equestrianism;France;20
2010;Equestrianism;UK;20
2010;Equestrianism;Netherlands;19
2010;Equestrianism;Germany;19
2010;Equestrianism;Canada;18
2010;Equestrianism;Sweden;17
2010;Equestrianism;Brazil;17
2010;Equestrianism;Australia;16
2010;Equestrianism;Japan;15
2010;Equestrianism;Ireland;14
2010;Equestrianism;Belgium;12
2010;Equestrianism;Spain;11
2010;Equestrianism;Switzerland;10
2010;Equestrianism;New Zealand;9
2010;Equestrianism;Russia;8
2010;Equestrianism;Ukraine;8
2010;Equestrianism;Denmark;7
2010;Equestrianism;Italy;7
2010;Equestrianism;Argentina;5
2010;Equestrianism;Chile;5
2010;Equestrianism;Mexico;5
2010;Equestrianism;Saudi Arabia;4
2010;Equestrianism;Qatar;4
2010;Equestrianism;Poland;4
2010;Equestrianism;Austria;3
2010;Equestrianism;Finland;3
2010;Equestrianism;Colombia;3
2010;Equestrianism;South Africa;2
2010;Equestrianism;Morocco;2
2010;Equestrianism;Ecuador;2
2010;Equestrianism;Portugal;2
2010;Equestrianism;Belarus;2
2010;Equestrianism;Venezuela;2
2010;Equestrianism;Palestine;1
2010;Equestrianism;Dominican Republic;1
2010;Equestrianism;Norway;1
2010;Equestrianism;Egypt;1
2010;Equestrianism;South Korea;1
2010;Equestrianism;Zimbabwe;1
2010;Equestrianism;China;1
2010;Equestrianism;Bermuda;1
2010;Equestrianism;Syria;1
2010;Equestrianism;Taiwan;1
2010;Equestrianism;Thailand;1
2010;Equestrianism;Turkey;1
2010;Equestrianism;Jamaica;1
2010;Equestrianism;Azerbaijan;1
2010;Equestrianism;Uruguay;1
2010;Equestrianism;Peru;1
2010;Equestrianism;Jordan;1
2010;Equestrianism;Puerto Rico;1
2010;Fencing;China;36
2010;Fencing;USA;26
2010;Fencing;Italy;26
2010;Fencing;France;26
2010;Fencing;Russia;25
2010;Fencing;South Korea;24
2010;Fencing;Egypt;17
2010;Fencing;Brazil;16
2010;Fencing;Germany;15
2010;Fencing;Ukraine;15
2010;Fencing;Japan;13
2010;Fencing;UK;13
2010;Fencing;Poland;12
2010;Fencing;Romania;12
2010;Fencing;Hungary;10
2010;Fencing;Canada;10
2010;Fencing;Venezuela;10
2010;Fencing;Tunisia;8
2010;Fencing;Mexico;7
2010;Fencing;Vietnam;5
2010;Fencing;Estonia;5
2010;Fencing;Switzerland;5
2010;Fencing;Kazakhstan;4
2010;Fencing;Belarus;4
2010;Fencing;Morocco;3
2010;Fencing;Algeria;2
2010;Fencing;Austria;2
2010;Fencing;Bulgaria;2
2010;Fencing;Chile;2
2010;Fencing;Colombia;2
2010;Fencing;Czech Republic;2
2010;Fencing;Greece;2
2010;Fencing;Iran;2
2010;Fencing;Lebanon;2
2010;Fencing;Netherlands;1
2010;Fencing;Norway;1
2010;Fencing;Panama;1
2010;Fencing;Malaysia;1
2010;Fencing;Ivory Coast;1
2010;Fencing;Indonesia;1
2010;Fencing;Saudi Arabia;1
2010;Fencing;Senegal;1
2010;Fencing;Individual Olympic Athletes;1
2010;Fencing;Georgia;1
2010;Fencing;Taiwan;1
2010;Fencing;Cuba;1
2010;Fencing;Turkey;1
2010;Fencing;Croatia;1
2010;Fencing;Benin;1
2010;Fencing;Belgium;1
2010;Fencing;Uzbekistan;1
2010;Fencing;Azerbaijan;1
2010;Fencing;Argentina;1
2010;Football;Brazil;62
2010;Football;Japan;52
2010;Football;South Africa;42
2010;Football;Colombia;41
2010;Football;Sweden;41
2010;Football;New Zealand;36
2010;Football;Germany;35
2010;Football;South Korea;35
2010;Football;Mexico;33
2010;Football;UK;33
2010;Football;Honduras;31
2010;Football;Canada;30
2010;Football;USA;27
2010;Football;France;26
2010;Football;North Korea;20
2010;Football;Algeria;18
2010;Football;Nigeria;18
2010;Football;United Arab Emirates;18
2010;Football;Cameroon;17
2010;Football;Spain;17
2010;Football;Denmark;17
2010;Football;Switzerland;17
2010;Football;Australia;17
2010;Football;Portugal;17
2010;Football;Senegal;17
2010;Football;Zimbabwe;17
2010;Football;Fiji;16
2010;Football;Morocco;16
2010;Football;Egypt;16
2010;Football;Argentina;16
2010;Football;Belarus;16
2010;Football;Uruguay;16
2010;Football;Iraq;16
2010;Football;China;15
2010;Football;Gabon;15
2010;Golf;South Korea;7
2010;Golf;USA;7
2010;Golf;China;5
2010;Golf;Spain;4
2010;Golf;South Africa;4
2010;Golf;Canada;4
2010;Golf;UK;4
2010;Golf;Thailand;4
2010;Golf;Taiwan;4
2010;Golf;Denmark;4
2010;Golf;Finland;4
2010;Golf;France;4
2010;Golf;Germany;4
2010;Golf;Ireland;4
2010;Golf;Sweden;4
2010;Golf;Japan;4
2010;Golf;Italy;4
2010;Golf;Malaysia;4
2010;Golf;Australia;4
2010;Golf;New Zealand;3
2010;Golf;Belgium;3
2010;Golf;Brazil;3
2010;Golf;India;3
2010;Golf;Mexico;3
2010;Golf;Norway;3
2010;Golf;Argentina;2
2010;Golf;Austria;2
2010;Golf;Paraguay;2
2010;Golf;Portugal;2
2010;Golf;Switzerland;2
2010;Golf;Philippines;1
2010;Golf;Netherlands;1
2010;Golf;Morocco;1
2010;Golf;Israel;1
2010;Golf;Venezuela;1
2010;Golf;Czech Republic;1
2010;Golf;Colombia;1
2010;Golf;Chile;1
2010;Golf;Bangladesh;1
2010;Golf;Russia;1
2010;Gymnastics;China;24
2010;Gymnastics;France;19
2010;Gymnastics;UK;17
2010;Gymnastics;Russia;16
2010;Gymnastics;Japan;15
2010;Gymnastics;USA;15
2010;Gymnastics;Germany;14
2010;Gymnastics;Brazil;14
2010;Gymnastics;Italy;13
2010;Gymnastics;South Korea;13
2010;Gymnastics;Romania;12
2010;Gymnastics;Netherlands;10
2010;Gymnastics;Canada;10
2010;Gymnastics;Spain;9
2010;Gymnastics;Ukraine;9
2010;Gymnastics;Belgium;7
2010;Gymnastics;Switzerland;7
2010;Gymnastics;Australia;6
2010;Gymnastics;Hungary;5
2010;Gymnastics;Argentina;4
2010;Gymnastics;Colombia;4
2010;Gymnastics;Greece;4
2010;Gymnastics;Belarus;4
2010;Gymnastics;Austria;3
2010;Gymnastics;Cuba;3
2010;Gymnastics;Armenia;3
2010;Gymnastics;Croatia;3
2010;Gymnastics;Czech Republic;3
2010;Gymnastics;Egypt;3
2010;Gymnastics;Israel;3
2010;Gymnastics;Lithuania;3
2010;Gymnastics;Mexico;3
2010;Gymnastics;Poland;3
2010;Gymnastics;Portugal;3
2010;Gymnastics;Slovakia;3
2010;Gymnastics;Turkey;3
2010;Gymnastics;Vietnam;3
2010;Gymnastics;Bulgaria;2
2010;Gymnastics;Algeria;2
2010;Gymnastics;Sweden;2
2010;Gymnastics;Chile;2
2010;Gymnastics;Uzbekistan;2
2010;Gymnastics;Ireland;2
2010;Gymnastics;Puerto Rico;2
2010;Gymnastics;Finland;2
2010;Gymnastics;New Zealand;2
2010;Gymnastics;Azerbaijan;2
2010;Gymnastics;Kazakhstan;2
2010;Gymnastics;Slovenia;2
2010;Gymnastics;North Korea;2
2010;Gymnastics;Iceland;1
2010;Gymnastics;Tunisia;1
2010;Gymnastics;Latvia;1
2010;Gymnastics;Monaco;1
2010;Gymnastics;Guatemala;1
2010;Gymnastics;Norway;1
2010;Gymnastics;Panama;1
2010;Gymnastics;Peru;1
2010;Gymnastics;Bangladesh;1
2010;Gymnastics;Dominican Republic;1
2010;Gymnastics;South Africa;1
2010;Gymnastics;Cyprus;1
2010;Gymnastics;Taiwan;1
2010;Gymnastics;Trinidad;1
2010;Gymnastics;India;1
2010;Gymnastics;Venezuela;1
2010;Gymnastics;Jamaica;1
2010;Handball;Sweden;49
2010;Handball;France;48
2010;Handball;South Korea;41
2010;Handball;Denmark;38
2010;Handball;Croatia;37
2010;Handball;Argentina;35
2010;Handball;Spain;34
2010;Handball;Brazil;33
2010;Handball;UK;28
2010;Handball;Russia;24
2010;Handball;Tunisia;23
2010;Handball;Angola;22
2010;Handball;Norway;20
2010;Handball;Montenegro;18
2010;Handball;Slovenia;17
2010;Handball;Serbia;16
2010;Handball;Hungary;16
2010;Handball;Poland;15
2010;Handball;Germany;15
2010;Handball;Egypt;15
2010;Handball;Iceland;14
2010;Handball;Romania;14
2010;Handball;Qatar;14
2010;Handball;Netherlands;14
2010;Hockey;Germany;55
2010;Hockey;UK;51
2010;Hockey;Australia;50
2010;Hockey;New Zealand;50
2010;Hockey;Argentina;47
2010;Hockey;South Korea;44
2010;Hockey;Netherlands;43
2010;Hockey;Spain;41
2010;Hockey;India;41
2010;Hockey;Belgium;38
2010;Hockey;South Africa;34
2010;Hockey;Japan;27
2010;Hockey;China;26
2010;Hockey;USA;23
2010;Hockey;Canada;16
2010;Hockey;Brazil;16
2010;Hockey;Ireland;16
2010;Hockey;Pakistan;16
2010;Hockey;Virgin Islands, US;1
2010;Judo;South Korea;26
2010;Judo;Japan;24
2010;Judo;Germany;22
2010;Judo;France;22
2010;Judo;Russia;20
2010;Judo;Brazil;18
2010;Judo;China;18
2010;Judo;UK;17
2010;Judo;Netherlands;17
2010;Judo;Mongolia;16
2010;Judo;Ukraine;15
2010;Judo;Cuba;15
2010;Judo;Italy;14
2010;Judo;Kazakhstan;14
2010;Judo;Australia;13
2010;Judo;Azerbaijan;13
2010;Judo;Uzbekistan;13
2010;Judo;Canada;12
2010;Judo;Slovenia;11
2010;Judo;Israel;11
2010;Judo;Spain;10
2010;Judo;Georgia;10
2010;Judo;Hungary;10
2010;Judo;Poland;8
2010;Judo;Romania;8
2010;Judo;Egypt;8
2010;Judo;Portugal;8
2010;Judo;USA;7
2010;Judo;Turkey;6
2010;Judo;Austria;6
2010;Judo;Algeria;6
2010;Judo;Belgium;6
2010;Judo;Morocco;6
2010;Judo;Czech Republic;5
2010;Judo;Venezuela;5
2010;Judo;Tunisia;5
2010;Judo;Finland;4
2010;Judo;Belarus;4
2010;Judo;Tajikistan;4
2010;Judo;Switzerland;4
2010;Judo;Sweden;4
2010;Judo;North Korea;4
2010;Judo;Argentina;4
2010;Judo;Ecuador;3
2010;Judo;Bulgaria;3
2010;Judo;Croatia;3
2010;Judo;Greece;3
2010;Judo;Gabon;3
2010;Judo;Kyrgyzstan;3
2010;Judo;Latvia;3
2010;Judo;Lithuania;3
2010;Judo;Mexico;3
2010;Judo;Moldova;3
2010;Judo;Saudi Arabia;3
2010;Judo;South Africa;3
2010;Judo;Taiwan;3
2010;Judo;Turkmenistan;3
2010;Judo;El Salvador;2
2010;Judo;Dominican Republic;2
2010;Judo;Puerto Rico;2
2010;Judo;Mali;2
2010;Judo;India;2
2010;Judo;Democratic Republic of the Congo;2
2010;Judo;Costa Rica;2
2010;Judo;Afghanistan;2
2010;Judo;Samoa;2
2010;Judo;Belize;2
2010;Judo;Vanuatu;2
2010;Judo;Serbia;2
2010;Judo;Ivory Coast;2
2010;Judo;Guinea;2
2010;Judo;Colombia;2
2010;Judo;United Arab Emirates;2
2010;Judo;Guatemala;2
2010;Judo;Chile;2
2010;Judo;Cameroon;2
2010;Judo;Honduras;2
2010;Judo;Myanmar;2
2010;Judo;Nauru;2
2010;Judo;Burundi;2
2010;Judo;Burkina Faso;2
2010;Judo;Uruguay;2
2010;Judo;Yemen;2
2010;Judo;Bosnia and Herzegovina;2
2010;Judo;Ghana;2
2010;Judo;Thailand;2
2010;Judo;New Zealand;2
2010;Judo;Niger;2
2010;Judo;Benin;2
2010;Judo;"";2
2010;Judo;Zambia;2
2010;Judo;Armenia;2
2010;Judo;Andorra;2
2010;Judo;Estonia;2
2010;Judo;Lebanon;2
2010;Judo;Libya;2
2010;Judo;Palestine;2
2010;Judo;American Samoa;2
2010;Judo;Iran;2
2010;Judo;Haiti;2
2010;Judo;Madagascar;2
2010;Judo;Philippines;2
2010;Judo;Aruba;1
2010;Judo;Individual Olympic Athletes;1
2010;Judo;Angola;1
2010;Judo;Guam;1
2010;Judo;Albania;1
2010;Judo;Iceland;1
2010;Judo;Guinea-Bissau;1
2010;Judo;Djibouti;1
2010;Judo;Chad;1
2010;Judo;Cape Verde;1
2010;Judo;Guyana;1
2010;Judo;Indonesia;1
2010;Judo;Fiji;1
2010;Judo;Cambodia;1
2010;Judo;Botswana;1
2010;Judo;Iraq;1
2010;Judo;Ireland;1
2010;Judo;Boliva;1
2010;Judo;Jordan;1
2010;Judo;Kenya;1
2010;Judo;Kosovo;1
2010;Judo;Laos;1
2010;Judo;Luxembourg;1
2010;Judo;Macedonia;1
2010;Judo;Mauritius;1
2010;Judo;Monaco;1
2010;Judo;Montenegro;1
2010;Judo;Mozambique;1
2010;Judo;Nepal;1
2010;Judo;Pakistan;1
2010;Judo;Palau;1
2010;Judo;Panama;1
2010;Judo;Papua New Guinea;1
2010;Judo;Paraguay;1
2010;Judo;Peru;1
2010;Judo;Qatar;1
2010;Judo;Republic of Congo;1
2010;Judo;Rwanda;1
2010;Judo;Senegal;1
2010;Judo;Seychelles;1
2010;Judo;Slovakia;1
2010;Judo;Solomon Islands;1
2010;Judo;Vietnam;1
2010;Judo;Sri Lanka;1
2010;Judo;Sudan;1
2010;Judo;Suriname;1
2010;Judo;Syria;1
2010;Judo;Tanzania;1
2010;Judo;Togo;1
2010;Judo;Trinidad;1
2010;Judo;Gambia;1
2010;Judo;Barbados;1
2010;Modern Pentathlon;China;7
2010;Modern Pentathlon;UK;7
2010;Modern Pentathlon;Japan;6
2010;Modern Pentathlon;Germany;6
2010;Modern Pentathlon;Hungary;6
2010;Modern Pentathlon;Russia;6
2010;Modern Pentathlon;Italy;6
2010;Modern Pentathlon;France;5
2010;Modern Pentathlon;Ukraine;5
2010;Modern Pentathlon;Lithuania;5
2010;Modern Pentathlon;Poland;5
2010;Modern Pentathlon;South Korea;5
2010;Modern Pentathlon;USA;5
2010;Modern Pentathlon;Czech Republic;5
2010;Modern Pentathlon;Egypt;5
2010;Modern Pentathlon;Belarus;4
2010;Modern Pentathlon;Guatemala;3
2010;Modern Pentathlon;Australia;3
2010;Modern Pentathlon;Mexico;3
2010;Modern Pentathlon;Latvia;3
2010;Modern Pentathlon;Argentina;2
2010;Modern Pentathlon;Brazil;2
2010;Modern Pentathlon;Canada;2
2010;Modern Pentathlon;Cuba;2
2010;Modern Pentathlon;Ireland;2
2010;Modern Pentathlon;Kazakhstan;2
2010;Modern Pentathlon;Chile;1
2010;Modern Pentathlon;Bulgaria;1
2010;Modern Pentathlon;Austria;1
2010;Modern Pentathlon;Turkey;1
2010;Rhythmic Gymnastics;Belarus;14
2010;Rhythmic Gymnastics;Russia;14
2010;Rhythmic Gymnastics;Germany;12
2010;Rhythmic Gymnastics;Italy;12
2010;Rhythmic Gymnastics;Israel;12
2010;Rhythmic Gymnastics;Greece;10
2010;Rhythmic Gymnastics;Ukraine;10
2010;Rhythmic Gymnastics;Bulgaria;9
2010;Rhythmic Gymnastics;Japan;9
2010;Rhythmic Gymnastics;China;8
2010;Rhythmic Gymnastics;Spain;8
2010;Rhythmic Gymnastics;Uzbekistan;7
2010;Rhythmic Gymnastics;UK;7
2010;Rhythmic Gymnastics;USA;7
2010;Rhythmic Gymnastics;Brazil;6
2010;Rhythmic Gymnastics;Canada;6
2010;Rhythmic Gymnastics;Azerbaijan;2
2010;Rhythmic Gymnastics;Australia;2
2010;Rhythmic Gymnastics;Austria;2
2010;Rhythmic Gymnastics;France;2
2010;Rhythmic Gymnastics;Kazakhstan;2
2010;Rhythmic Gymnastics;Finland;1
2010;Rhythmic Gymnastics;Georgia;1
2010;Rhythmic Gymnastics;Egypt;1
2010;Rhythmic Gymnastics;Cyprus;1
2010;Rhythmic Gymnastics;Cape Verde;1
2010;Rhythmic Gymnastics;Poland;1
2010;Rhythmic Gymnastics;Romania;1
2010;Rhythmic Gymnastics;South Korea;1
2010;Rowing;USA;74
2010;Rowing;Australia;66
2010;Rowing;UK;66
2010;Rowing;Germany;65
2010;Rowing;Netherlands;54
2010;Rowing;New Zealand;50
2010;Rowing;Canada;46
2010;Rowing;China;43
2010;Rowing;Poland;42
2010;Rowing;Italy;35
2010;Rowing;Romania;27
2010;Rowing;France;26
2010;Rowing;Ukraine;24
2010;Rowing;Greece;16
2010;Rowing;Denmark;15
2010;Rowing;Czech Republic;15
2010;Rowing;South Africa;15
2010;Rowing;Switzerland;13
2010;Rowing;Cuba;12
2010;Rowing;Argentina;11
2010;Rowing;Lithuania;11
2010;Rowing;Belarus;11
2010;Rowing;Japan;9
2010;Rowing;Brazil;8
2010;Rowing;Serbia;8
2010;Rowing;Russia;7
2010;Rowing;Egypt;7
2010;Rowing;Hungary;7
2010;Rowing;India;6
2010;Rowing;Estonia;6
2010;Rowing;Norway;5
2010;Rowing;Chile;5
2010;Rowing;Ireland;5
2010;Rowing;Tunisia;5
2010;Rowing;Croatia;5
2010;Rowing;Vietnam;4
2010;Rowing;Spain;4
2010;Rowing;Mexico;4
2010;Rowing;South Korea;4
2010;Rowing;Azerbaijan;3
2010;Rowing;Sweden;3
2010;Rowing;Iran;3
2010;Rowing;Peru;3
2010;Rowing;Austria;3
2010;Rowing;Uruguay;3
2010;Rowing;Zimbabwe;3
2010;Rowing;Portugal;2
2010;Rowing;Belgium;2
2010;Rowing;Slovenia;2
2010;Rowing;Turkey;2
2010;Rowing;Algeria;2
2010;Rowing;Taiwan;2
2010;Rowing;Thailand;2
2010;Rowing;El Salvador;2
2010;Rowing;Angola;2
2010;Rowing;Kazakhstan;2
2010;Rowing;Indonesia;2
2010;Rowing;Paraguay;2
2010;Rowing;Bulgaria;2
2010;Rowing;Niger;1
2010;Rowing;Myanmar;1
2010;Rowing;Monaco;1
2010;Rowing;Bermuda;1
2010;Rowing;Iraq;1
2010;Rowing;Bahamas;1
2010;Rowing;Venezuela;1
2010;Rowing;Uzbekistan;1
2010;Rowing;Vanuatu;1
2010;Rowing;Libya;1
2010;Rowing;Ecuador;1
2010;Rowing;Togo;1
2010;Rowing;Nigeria;1
2010;Rowing;Cameroon;1
2010;Rowing;Trinidad;1
2010;Rugby Sevens;Fiji;26
2010;Rugby Sevens;USA;25
2010;Rugby Sevens;Brazil;25
2010;Rugby Sevens;France;25
2010;Rugby Sevens;Spain;25
2010;Rugby Sevens;Japan;25
2010;Rugby Sevens;Australia;25
2010;Rugby Sevens;New Zealand;25
2010;Rugby Sevens;Kenya;24
2010;Rugby Sevens;UK;24
2010;Rugby Sevens;Argentina;13
2010;Rugby Sevens;South Africa;13
2010;Rugby Sevens;Colombia;12
2010;Rugby Sevens;Canada;12
2010;Sailing;USA;29
2010;Sailing;France;25
2010;Sailing;UK;25
2010;Sailing;Spain;22
2010;Sailing;Germany;22
2010;Sailing;China;22
2010;Sailing;Italy;21
2010;Sailing;Australia;21
2010;Sailing;New Zealand;21
2010;Sailing;Denmark;20
2010;Sailing;Brazil;18
2010;Sailing;Netherlands;18
2010;Sailing;Canada;18
2010;Sailing;Sweden;17
2010;Sailing;Russia;17
2010;Sailing;Argentina;17
2010;Sailing;Japan;15
2010;Sailing;Finland;15
2010;Sailing;Portugal;14
2010;Sailing;Greece;14
2010;Sailing;Poland;13
2010;Sailing;Croatia;12
2010;Sailing;Switzerland;12
2010;Sailing;Norway;11
2010;Sailing;Ireland;11
2010;Sailing;Austria;11
2010;Sailing;Israel;11
2010;Sailing;Chile;10
2010;Sailing;South Korea;8
2010;Sailing;Estonia;7
2010;Sailing;Turkey;7
2010;Sailing;Ukraine;6
2010;Sailing;Hungary;6
2010;Sailing;Thailand;6
2010;Sailing;Belgium;5
2010;Sailing;Uruguay;5
2010;Sailing;Slovenia;5
2010;Sailing;Mexico;5
2010;Sailing;Tunisia;4
2010;Sailing;Czech Republic;4
2010;Sailing;Bermuda;4
2010;Sailing;Lithuania;3
2010;Sailing;South Africa;3
2010;Sailing;Algeria;3
2010;Sailing;Venezuela;3
2010;Sailing;Seychelles;3
2010;Sailing;Belarus;3
2010;Sailing;Cook Islands;3
2010;Sailing;Angola;3
2010;Sailing;Virgin Islands, US;2
2010;Sailing;Saint Lucia;2
2010;Sailing;Aruba;2
2010;Sailing;Bulgaria;2
2010;Sailing;Colombia;2
2010;Sailing;Cyprus;2
2010;Sailing;Egypt;2
2010;Sailing;Guatemala;2
2010;Sailing;Malaysia;2
2010;Sailing;Peru;2
2010;Sailing;Taiwan;1
2010;Sailing;Trinidad;1
2010;Sailing;Montenegro;1
2010;Sailing;El Salvador;1
2010;Sailing;Guyana;1
2010;Sailing;Individual Olympic Athletes;1
2010;Sailing;Cayman Islands;1
2010;Sailing;Kyrgyzstan;1
2010;Sailing;Latvia;1
2010;Sailing;Monaco;1
2010;Shooting;China;43
2010;Shooting;Russia;36
2010;Shooting;South Korea;30
2010;Shooting;USA;28
2010;Shooting;Australia;25
2010;Shooting;Germany;25
2010;Shooting;Italy;20
2010;Shooting;Egypt;20
2010;Shooting;India;19
2010;Shooting;France;18
2010;Shooting;UK;14
2010;Shooting;Czech Republic;13
2010;Shooting;Ukraine;12
2010;Shooting;Serbia;12
2010;Shooting;Brazil;11
2010;Shooting;Switzerland;10
2010;Shooting;Spain;10
2010;Shooting;Japan;10
2010;Shooting;Austria;9
2010;Shooting;Kazakhstan;9
2010;Shooting;Croatia;9
2010;Shooting;Hungary;9
2010;Shooting;Belarus;8
2010;Shooting;Slovakia;8
2010;Shooting;Cuba;8
2010;Shooting;Poland;7
2010;Shooting;Turkey;7
2010;Shooting;Argentina;7
2010;Shooting;Thailand;7
2010;Shooting;Norway;6
2010;Shooting;Kuwait;6
2010;Shooting;Iran;6
2010;Shooting;North Korea;6
2010;Shooting;Mexico;5
2010;Shooting;Mongolia;5
2010;Shooting;Bulgaria;5
2010;Shooting;Cyprus;5
2010;Shooting;Finland;5
2010;Shooting;Denmark;5
2010;Shooting;United Arab Emirates;5
2010;Shooting;Taiwan;5
2010;Shooting;Canada;4
2010;Shooting;Qatar;4
2010;Shooting;Guatemala;4
2010;Shooting;Sweden;4
2010;Shooting;Greece;4
2010;Shooting;Peru;3
2010;Shooting;San Marino;3
2010;Shooting;Boliva;3
2010;Shooting;Individual Olympic Athletes;3
2010;Shooting;New Zealand;3
2010;Shooting;Oman;3
2010;Shooting;Vietnam;3
2010;Shooting;Pakistan;3
2010;Shooting;Romania;2
2010;Shooting;Bosnia and Herzegovina;2
2010;Shooting;Algeria;2
2010;Shooting;Andorra;2
2010;Shooting;Armenia;2
2010;Shooting;Azerbaijan;2
2010;Shooting;Bahrain;2
2010;Shooting;Bangladesh;2
2010;Shooting;Belgium;2
2010;Shooting;Bhutan;2
2010;Shooting;Albania;2
2010;Shooting;Ecuador;2
2010;Shooting;El Salvador;2
2010;Shooting;Estonia;2
2010;Shooting;Georgia;2
2010;Shooting;Lithuania;2
2010;Shooting;Malaysia;2
2010;Shooting;Malta;2
2010;Shooting;Morocco;2
2010;Shooting;Myanmar;2
2010;Shooting;Portugal;2
2010;Shooting;Puerto Rico;2
2010;Shooting;Saudi Arabia;2
2010;Shooting;Slovenia;2
2010;Shooting;Tunisia;2
2010;Shooting;Uzbekistan;2
2010;Shooting;Venezuela;2
2010;Shooting;Philippines;1
2010;Shooting;Indonesia;1
2010;Shooting;Ireland;1
2010;Shooting;Uruguay;1
2010;Shooting;Honduras;1
2010;Shooting;Iceland;1
2010;Shooting;Angola;1
2010;Shooting;Macedonia;1
2010;Shooting;Iraq;1
2010;Shooting;Luxembourg;1
2010;Shooting;Moldova;1
2010;Shooting;Fiji;1
2010;Shooting;South Africa;1
2010;Shooting;Lebanon;1
2010;Shooting;Latvia;1
2010;Shooting;Sri Lanka;1
2010;Shooting;Kyrgyzstan;1
2010;Shooting;Barbados;1
2010;Shooting;Syria;1
2010;Shooting;Kosovo;1
2010;Shooting;Tajikistan;1
2010;Shooting;Chile;1
2010;Shooting;Trinidad;1
2010;Shooting;Zimbabwe;1
2010;Shooting;Colombia;1
2010;Shooting;Dominican Republic;1
2010;Shooting;Israel;1
2010;Shooting;Nicaragua;1
2010;Shooting;Netherlands;1
2010;Shooting;Nepal;1
2010;Shooting;Namibia;1
2010;Shooting;Panama;1
2010;Shooting;Paraguay;1
2010;Shooting;Montenegro;1
2010;Swimming;China;91
2010;Swimming;USA;80
2010;Swimming;Australia;70
2010;Swimming;Russia;62
2010;Swimming;UK;61
2010;Swimming;Canada;56
2010;Swimming;Italy;55
2010;Swimming;Japan;52
2010;Swimming;France;47
2010;Swimming;Germany;46
2010;Swimming;Brazil;42
2010;Swimming;Hungary;38
2010;Swimming;Spain;32
2010;Swimming;South Africa;32
2010;Swimming;Poland;29
2010;Swimming;Netherlands;24
2010;Swimming;New Zealand;22
2010;Swimming;Greece;20
2010;Swimming;South Korea;19
2010;Swimming;Sweden;18
2010;Swimming;Ukraine;17
2010;Swimming;Slovenia;17
2010;Swimming;Denmark;16
2010;Swimming;Belgium;13
2010;Swimming;Austria;13
2010;Swimming;Switzerland;13
2010;Swimming;Portugal;12
2010;Swimming;Venezuela;12
2010;Swimming;Mexico;11
2010;Swimming;Belarus;11
2010;Swimming;Israel;10
2010;Swimming;Serbia;10
2010;Swimming;Czech Republic;10
2010;Swimming;Turkey;10
2010;Swimming;Finland;9
2010;Swimming;Egypt;9
2010;Swimming;Romania;9
2010;Swimming;Lithuania;8
2010;Swimming;Argentina;8
2010;Swimming;Ireland;8
2010;Swimming;Iceland;7
2010;Swimming;Kazakhstan;6
2010;Swimming;Colombia;6
2010;Swimming;Slovakia;6
2010;Swimming;Croatia;5
2010;Swimming;Taiwan;5
2010;Swimming;Bulgaria;5
2010;Swimming;Norway;5
2010;Swimming;Ivory Coast;4
2010;Swimming;Tunisia;4
2010;Swimming;Rwanda;4
2010;Swimming;Mozambique;4
2010;Swimming;Lebanon;4
2010;Swimming;Suriname;4
2010;Swimming;Sudan;4
2010;Swimming;Sri Lanka;4
2010;Swimming;Guyana;4
2010;Swimming;Seychelles;4
2010;Swimming;Cyprus;4
2010;Swimming;Kenya;4
2010;Swimming;Bahrain;4
2010;Swimming;Cuba;4
2010;Swimming;Cook Islands;4
2010;Swimming;Senegal;4
2010;Swimming;Republic of Congo;4
2010;Swimming;Nepal;4
2010;Swimming;Mongolia;4
2010;Swimming;Pakistan;4
2010;Swimming;Aruba;4
2010;Swimming;El Salvador;4
2010;Swimming;Bosnia and Herzegovina;4
2010;Swimming;Peru;4
2010;Swimming;Cayman Islands;4
2010;Swimming;Estonia;4
2010;Swimming;Ethiopia;4
2010;Swimming;Malaysia;4
2010;Swimming;Turkmenistan;4
2010;Swimming;Tajikistan;3
2010;Swimming;Guinea;3
2010;Swimming;Albania;3
2010;Swimming;Andorra;3
2010;Swimming;Angola;3
2010;Swimming;Antigua;3
2010;Swimming;Armenia;3
2010;Swimming;Azerbaijan;3
2010;Swimming;Bahamas;3
2010;Swimming;Barbados;3
2010;Swimming;Benin;3
2010;Swimming;Bermuda;3
2010;Swimming;Boliva;3
2010;Swimming;Burkina Faso;3
2010;Swimming;Burundi;3
2010;Swimming;Cambodia;3
2010;Swimming;Comoros;3
2010;Swimming;Dominican Republic;3
2010;Swimming;Ecuador;3
2010;Swimming;Fiji;3
2010;Swimming;Georgia;3
2010;Swimming;Grenada;3
2010;Swimming;Guam;3
2010;Swimming;Guatemala;3
2010;Swimming;Honduras;3
2010;Swimming;India;3
2010;Swimming;Indonesia;3
2010;Swimming;Jordan;3
2010;Swimming;Kyrgyzstan;3
2010;Swimming;Laos;3
2010;Swimming;Latvia;3
2010;Swimming;Libya;3
2010;Swimming;Luxembourg;3
2010;Swimming;Macedonia;3
2010;Swimming;Madagascar;3
2010;Swimming;Malawi;3
2010;Swimming;Maldives;3
2010;Swimming;Mali;3
2010;Swimming;Marshall Islands;3
2010;Swimming;Mauritius;3
2010;Swimming;Micronesia;3
2010;Swimming;Moldova;3
2010;Swimming;Morocco;3
2010;Swimming;Nicaragua;3
2010;Swimming;Niger;3
2010;Swimming;Palau;3
2010;Swimming;Palestine;3
2010;Swimming;Panama;3
2010;Swimming;Qatar;3
2010;Swimming;Saint Vincent;3
2010;Swimming;Tanzania;3
2010;Swimming;Thailand;3
2010;Swimming;Uganda;3
2010;Swimming;United Arab Emirates;3
2010;Swimming;Uruguay;3
2010;Swimming;Uzbekistan;3
2010;Swimming;Virgin Islands, US;3
2010;Swimming;Zambia;3
2010;Swimming;Malta;2
2010;Swimming;Saint Lucia;2
2010;Swimming;Algeria;2
2010;Swimming;Samoa;2
2010;Swimming;Ghana;2
2010;Swimming;Vietnam;2
2010;Swimming;Bangladesh;2
2010;Swimming;Botswana;2
2010;Swimming;Papua New Guinea;2
2010;Swimming;Philippines;2
2010;Swimming;Nigeria;2
2010;Swimming;Myanmar;2
2010;Swimming;Puerto Rico;2
2010;Swimming;Zimbabwe;2
2010;Swimming;Montenegro;2
2010;Swimming;Liechtenstein;2
2010;Swimming;Kuwait;2
2010;Swimming;Kosovo;2
2010;Swimming;Sierra Leone;2
2010;Swimming;Jamaica;2
2010;Swimming;Iran;2
2010;Swimming;Haiti;2
2010;Swimming;American Samoa;2
2010;Swimming;Djibouti;2
2010;Swimming;Syria;2
2010;Swimming;Costa Rica;2
2010;Swimming;"";2
2010;Swimming;Cameroon;2
2010;Swimming;Togo;2
2010;Swimming;Tonga;2
2010;Swimming;Trinidad;2
2010;Swimming;Central African Republic;2
2010;Swimming;Chile;2
2010;Swimming;San Marino;1
2010;Swimming;Lesotho;1
2010;Swimming;Gabon;1
2010;Swimming;Swaziland;1
2010;Swimming;Paraguay;1
2010;Swimming;Yemen;1
2010;Swimming;Iraq;1
2010;Swimming;Monaco;1
2010;Swimming;Individual Olympic Athletes;1
2010;Swimming;Virgin Islands, British;1
2010;Swimming;Brunei;1
2010;Swimming;Gambia;1
2010;Synchronized Swimming;China;18
2010;Synchronized Swimming;Egypt;17
2010;Synchronized Swimming;Australia;16
2010;Synchronized Swimming;Russia;14
2010;Synchronized Swimming;Japan;13
2010;Synchronized Swimming;Italy;10
2010;Synchronized Swimming;Brazil;10
2010;Synchronized Swimming;Canada;10
2010;Synchronized Swimming;Spain;9
2010;Synchronized Swimming;UK;9
2010;Synchronized Swimming;Ukraine;8
2010;Synchronized Swimming;France;4
2010;Synchronized Swimming;Austria;4
2010;Synchronized Swimming;Switzerland;4
2010;Synchronized Swimming;Kazakhstan;4
2010;Synchronized Swimming;USA;3
2010;Synchronized Swimming;Israel;3
2010;Synchronized Swimming;Mexico;3
2010;Synchronized Swimming;Greece;3
2010;Synchronized Swimming;Czech Republic;2
2010;Synchronized Swimming;Colombia;2
2010;Synchronized Swimming;Hungary;2
2010;Synchronized Swimming;Belarus;2
2010;Synchronized Swimming;North Korea;2
2010;Synchronized Swimming;Argentina;2
2010;Synchronized Swimming;Slovakia;2
2010;Synchronized Swimming;South Korea;2
2010;Table Tennis;China;20
2010;Table Tennis;South Korea;13
2010;Table Tennis;Australia;11
2010;Table Tennis;Germany;9
2010;Table Tennis;Austria;9
2010;Table Tennis;Brazil;9
2010;Table Tennis;USA;8
2010;Table Tennis;Japan;8
2010;Table Tennis;Egypt;8
2010;Table Tennis;North Korea;7
2010;Table Tennis;Russia;7
2010;Table Tennis;Sweden;7
2010;Table Tennis;UK;7
2010;Table Tennis;Taiwan;6
2010;Table Tennis;France;6
2010;Table Tennis;Poland;6
2010;Table Tennis;Portugal;6
2010;Table Tennis;Spain;5
2010;Table Tennis;Czech Republic;5
2010;Table Tennis;Nigeria;5
2010;Table Tennis;Romania;5
2010;Table Tennis;Ukraine;5
2010;Table Tennis;India;5
2010;Table Tennis;Hungary;5
2010;Table Tennis;Netherlands;4
2010;Table Tennis;Denmark;4
2010;Table Tennis;Canada;4
2010;Table Tennis;Republic of Congo;4
2010;Table Tennis;Serbia;3
2010;Table Tennis;Iran;3
2010;Table Tennis;Croatia;3
2010;Table Tennis;Belarus;3
2010;Table Tennis;Slovakia;3
2010;Table Tennis;Thailand;3
2010;Table Tennis;Turkey;3
2010;Table Tennis;Lebanon;2
2010;Table Tennis;Italy;2
2010;Table Tennis;Greece;2
2010;Table Tennis;Colombia;2
2010;Table Tennis;Venezuela;2
2010;Table Tennis;Qatar;2
2010;Table Tennis;Vanuatu;2
2010;Table Tennis;Mexico;2
2010;Table Tennis;Cuba;2
2010;Table Tennis;Puerto Rico;2
2010;Table Tennis;Togo;1
2010;Table Tennis;Kuwait;1
2010;Table Tennis;Latvia;1
2010;Table Tennis;Luxembourg;1
2010;Table Tennis;Chile;1
2010;Table Tennis;New Zealand;1
2010;Table Tennis;Cameroon;1
2010;Table Tennis;Finland;1
2010;Table Tennis;Fiji;1
2010;Table Tennis;Dominican Republic;1
2010;Table Tennis;Djibouti;1
2010;Table Tennis;Belgium;1
2010;Table Tennis;Argentina;1
2010;Table Tennis;Kazakhstan;1
2010;Table Tennis;Paraguay;1
2010;Table Tennis;Philippines;1
2010;Table Tennis;Slovenia;1
2010;Table Tennis;Switzerland;1
2010;Table Tennis;Syria;1
2010;Table Tennis;Tunisia;1
2010;Table Tennis;Uzbekistan;1
2010;Taekwondo;South Korea;7
2010;Taekwondo;Mexico;7
2010;Taekwondo;UK;7
2010;Taekwondo;Iran;7
2010;Taekwondo;Kazakhstan;6
2010;Taekwondo;Uzbekistan;6
2010;Taekwondo;USA;6
2010;Taekwondo;Taiwan;6
2010;Taekwondo;Thailand;6
2010;Taekwondo;Brazil;6
2010;Taekwondo;France;6
2010;Taekwondo;China;6
2010;Taekwondo;Egypt;5
2010;Taekwondo;Spain;5
2010;Taekwondo;Azerbaijan;5
2010;Taekwondo;Morocco;5
2010;Taekwondo;Russia;5
2010;Taekwondo;Australia;4
2010;Taekwondo;New Zealand;4
2010;Taekwondo;Cuba;4
2010;Taekwondo;Tunisia;4
2010;Taekwondo;Serbia;4
2010;Taekwondo;Germany;4
2010;Taekwondo;Dominican Republic;4
2010;Taekwondo;Canada;4
2010;Taekwondo;Jordan;4
2010;Taekwondo;Papua New Guinea;3
2010;Taekwondo;Belgium;3
2010;Taekwondo;Slovenia;3
2010;Taekwondo;Poland;3
2010;Taekwondo;Croatia;3
2010;Taekwondo;Ivory Coast;3
2010;Taekwondo;Sweden;3
2010;Taekwondo;Turkey;3
2010;Taekwondo;Netherlands;2
2010;Taekwondo;Nigeria;2
2010;Taekwondo;Peru;2
2010;Taekwondo;Samoa;2
2010;Taekwondo;Senegal;2
2010;Taekwondo;Mali;2
2010;Taekwondo;Japan;2
2010;Taekwondo;Italy;2
2010;Taekwondo;Colombia;2
2010;Taekwondo;Chile;2
2010;Taekwondo;Vietnam;2
2010;Taekwondo;Central African Republic;2
2010;Taekwondo;Ukraine;2
2010;Taekwondo;Cambodia;2
2010;Taekwondo;Tajikistan;2
2010;Taekwondo;Argentina;2
2010;Taekwondo;Afghanistan;2
2010;Taekwondo;Yemen;1
2010;Taekwondo;Kyrgyzstan;1
2010;Taekwondo;Lebanon;1
2010;Taekwondo;Libya;1
2010;Taekwondo;Cape Verde;1
2010;Taekwondo;Greece;1
2010;Taekwondo;Mongolia;1
2010;Taekwondo;Gabon;1
2010;Taekwondo;Nepal;1
2010;Taekwondo;Armenia;1
2010;Taekwondo;Finland;1
2010;Taekwondo;Niger;1
2010;Taekwondo;Algeria;1
2010;Taekwondo;Norway;1
2010;Taekwondo;Panama;1
2010;Taekwondo;Democratic Republic of the Congo;1
2010;Taekwondo;Aruba;1
2010;Taekwondo;Philippines;1
2010;Taekwondo;Costa Rica;1
2010;Taekwondo;Honduras;1
2010;Taekwondo;Israel;1
2010;Taekwondo;Portugal;1
2010;Taekwondo;Haiti;1
2010;Taekwondo;Jamaica;1
2010;Taekwondo;Puerto Rico;1
2010;Taekwondo;Guatemala;1
2010;Taekwondo;Grenada;1
2010;Taekwondo;Tonga;1
2010;Taekwondo;Venezuela;1
2010;Tennis;USA;20
2010;Tennis;Russia;16
2010;Tennis;Spain;16
2010;Tennis;Australia;14
2010;Tennis;Germany;13
2010;Tennis;France;12
2010;Tennis;UK;11
2010;Tennis;Argentina;11
2010;Tennis;Poland;10
2010;Tennis;China;10
2010;Tennis;Italy;10
2010;Tennis;Czech Republic;10
2010;Tennis;Romania;9
2010;Tennis;Ukraine;8
2010;Tennis;Japan;8
2010;Tennis;India;8
2010;Tennis;Serbia;7
2010;Tennis;Brazil;7
2010;Tennis;Canada;7
2010;Tennis;Slovakia;7
2010;Tennis;Belgium;6
2010;Tennis;Colombia;5
2010;Tennis;Taiwan;5
2010;Tennis;Croatia;5
2010;Tennis;Austria;4
2010;Tennis;Slovenia;4
2010;Tennis;Sweden;4
2010;Tennis;Switzerland;4
2010;Tennis;Israel;4
2010;Tennis;Hungary;3
2010;Tennis;Belarus;3
2010;Tennis;Georgia;3
2010;Tennis;Kazakhstan;3
2010;Tennis;Netherlands;3
2010;Tennis;New Zealand;3
2010;Tennis;Tunisia;2
2010;Tennis;Mexico;2
2010;Tennis;Bulgaria;2
2010;Tennis;Bosnia and Herzegovina;2
2010;Tennis;Portugal;2
2010;Tennis;Chile;2
2010;Tennis;Thailand;2
2010;Tennis;Latvia;1
2010;Tennis;Finland;1
2010;Tennis;South Africa;1
2010;Tennis;Dominican Republic;1
2010;Tennis;Denmark;1
2010;Tennis;Cyprus;1
2010;Tennis;Turkey;1
2010;Tennis;Uruguay;1
2010;Tennis;Moldova;1
2010;Tennis;Barbados;1
2010;Tennis;Montenegro;1
2010;Tennis;Uzbekistan;1
2010;Tennis;Paraguay;1
2010;Tennis;Puerto Rico;1
2010;Tennis;Luxembourg;1
2010;Tennis;Lithuania;1
2010;Tennis;Liechtenstein;1
2010;Trampolining;China;7
2010;Trampolining;Japan;5
2010;Trampolining;Russia;5
2010;Trampolining;USA;4
2010;Trampolining;Belarus;4
2010;Trampolining;France;3
2010;Trampolining;Germany;3
2010;Trampolining;Portugal;3
2010;Trampolining;UK;3
2010;Trampolining;Ukraine;3
2010;Trampolining;Canada;3
2010;Trampolining;Brazil;1
2010;Trampolining;Italy;1
2010;Trampolining;Kazakhstan;1
2010;Trampolining;Australia;1
2010;Trampolining;Georgia;1
2010;Trampolining;Netherlands;1
2010;Trampolining;New Zealand;1
2010;Trampolining;Denmark;1
2010;Trampolining;Uzbekistan;1
2010;Trampolining;Czech Republic;1
2010;Triathlon;Canada;10
2010;Triathlon;Australia;10
2010;Triathlon;France;10
2010;Triathlon;Spain;10
2010;Triathlon;USA;9
2010;Triathlon;UK;8
2010;Triathlon;Russia;8
2010;Triathlon;New Zealand;7
2010;Triathlon;Japan;7
2010;Triathlon;Germany;7
2010;Triathlon;Hungary;6
2010;Triathlon;Switzerland;6
2010;Triathlon;South Africa;5
2010;Triathlon;Austria;5
2010;Triathlon;Mexico;5
2010;Triathlon;Belgium;5
2010;Triathlon;Czech Republic;4
2010;Triathlon;Portugal;4
2010;Triathlon;Italy;4
2010;Triathlon;Brazil;3
2010;Triathlon;China;3
2010;Triathlon;Denmark;3
2010;Triathlon;Ukraine;3
2010;Triathlon;Ireland;3
2010;Triathlon;Poland;3
2010;Triathlon;Chile;2
2010;Triathlon;Bermuda;2
2010;Triathlon;Netherlands;2
2010;Triathlon;Argentina;2
2010;Triathlon;Slovenia;1
2010;Triathlon;Azerbaijan;1
2010;Triathlon;Barbados;1
2010;Triathlon;Colombia;1
2010;Triathlon;Costa Rica;1
2010;Triathlon;Ecuador;1
2010;Triathlon;Estonia;1
2010;Triathlon;Israel;1
2010;Triathlon;Jordan;1
2010;Triathlon;Mauritius;1
2010;Triathlon;Monaco;1
2010;Triathlon;Norway;1
2010;Triathlon;Slovakia;1
2010;Triathlon;South Korea;1
2010;Triathlon;Sweden;1
2010;Triathlon;Zimbabwe;1
2010;Volleyball;Italy;43
2010;Volleyball;Russia;42
2010;Volleyball;USA;40
2010;Volleyball;Brazil;36
2010;Volleyball;Serbia;30
2010;Volleyball;Argentina;29
2010;Volleyball;China;27
2010;Volleyball;UK;24
2010;Volleyball;Poland;21
2010;Volleyball;South Korea;20
2010;Volleyball;Japan;20
2010;Volleyball;Egypt;13
2010;Volleyball;Germany;12
2010;Volleyball;Iran;12
2010;Volleyball;Canada;12
2010;Volleyball;Tunisia;12
2010;Volleyball;Mexico;12
2010;Volleyball;Dominican Republic;12
2010;Volleyball;Bulgaria;12
2010;Volleyball;Puerto Rico;12
2010;Volleyball;Australia;12
2010;Volleyball;Turkey;12
2010;Volleyball;Netherlands;12
2010;Volleyball;Algeria;11
2010;Volleyball;Cuba;11
2010;Volleyball;France;10
2010;Volleyball;Cameroon;10
2010;Water Polo;USA;44
2010;Water Polo;Australia;39
2010;Water Polo;Italy;38
2010;Water Polo;Hungary;38
2010;Water Polo;Spain;36
2010;Water Polo;China;28
2010;Water Polo;UK;27
2010;Water Polo;Brazil;25
2010;Water Polo;Russia;21
2010;Water Polo;Greece;21
2010;Water Polo;Croatia;20
2010;Water Polo;Serbia;19
2010;Water Polo;Montenegro;15
2010;Water Polo;Romania;13
2010;Water Polo;France;12
2010;Water Polo;Japan;12
2010;Water Polo;Kazakhstan;10
2010;Weightlifting;China;22
2010;Weightlifting;South Korea;17
2010;Weightlifting;Belarus;16
2010;Weightlifting;Kazakhstan;15
2010;Weightlifting;Colombia;14
2010;Weightlifting;Egypt;14
2010;Weightlifting;Turkey;13
2010;Weightlifting;Thailand;13
2010;Weightlifting;North Korea;13
2010;Weightlifting;Ukraine;12
2010;Weightlifting;Armenia;11
2010;Weightlifting;Poland;11
2010;Weightlifting;Japan;10
2010;Weightlifting;Indonesia;9
2010;Weightlifting;Uzbekistan;9
2010;Weightlifting;Russia;8
2010;Weightlifting;Iran;8
2010;Weightlifting;Germany;8
2010;Weightlifting;Taiwan;7
2010;Weightlifting;Romania;7
2010;Weightlifting;France;7
2010;Weightlifting;Venezuela;7
2010;Weightlifting;UK;7
2010;Weightlifting;Georgia;6
2010;Weightlifting;Ecuador;6
2010;Weightlifting;Mexico;6
2010;Weightlifting;Vietnam;5
2010;Weightlifting;Brazil;5
2010;Weightlifting;Albania;5
2010;Weightlifting;Cuba;5
2010;Weightlifting;Moldova;5
2010;Weightlifting;Azerbaijan;5
2010;Weightlifting;USA;5
2010;Weightlifting;Tunisia;4
2010;Weightlifting;Spain;4
2010;Weightlifting;Canada;4
2010;Weightlifting;India;4
2010;Weightlifting;Australia;4
2010;Weightlifting;Turkmenistan;4
2010;Weightlifting;Cameroon;4
2010;Weightlifting;Samoa;4
2010;Weightlifting;Papua New Guinea;3
2010;Weightlifting;Finland;3
2010;Weightlifting;Guatemala;3
2010;Weightlifting;Syria;3
2010;Weightlifting;Fiji;3
2010;Weightlifting;Kyrgyzstan;3
2010;Weightlifting;Dominican Republic;3
2010;Weightlifting;Chile;3
2010;Weightlifting;Peru;3
2010;Weightlifting;Philippines;2
2010;Weightlifting;Nauru;2
2010;Weightlifting;Nigeria;2
2010;Weightlifting;Saudi Arabia;2
2010;Weightlifting;Italy;2
2010;Weightlifting;Bulgaria;2
2010;Weightlifting;Morocco;2
2010;Weightlifting;Iraq;2
2010;Weightlifting;Latvia;2
2010;Weightlifting;United Arab Emirates;2
2010;Weightlifting;Mongolia;2
2010;Weightlifting;Madagascar;2
2010;Weightlifting;Slovakia;2
2010;Weightlifting;Greece;2
2010;Weightlifting;New Zealand;2
2010;Weightlifting;Kenya;2
2010;Weightlifting;Ghana;2
2010;Weightlifting;Nicaragua;2
2010;Weightlifting;Algeria;2
2010;Weightlifting;Uganda;1
2010;Weightlifting;Mauritius;1
2010;Weightlifting;American Samoa;1
2010;Weightlifting;Argentina;1
2010;Weightlifting;Aruba;1
2010;Weightlifting;Austria;1
2010;Weightlifting;Belgium;1
2010;Weightlifting;Cook Islands;1
2010;Weightlifting;Croatia;1
2010;Weightlifting;Czech Republic;1
2010;Weightlifting;El Salvador;1
2010;Weightlifting;Estonia;1
2010;Weightlifting;Haiti;1
2010;Weightlifting;Honduras;1
2010;Weightlifting;Hungary;1
2010;Weightlifting;Israel;1
2010;Weightlifting;Kiribati;1
2010;Weightlifting;Lithuania;1
2010;Weightlifting;Malaysia;1
2010;Weightlifting;Malta;1
2010;Weightlifting;Marshall Islands;1
2010;Weightlifting;"";1
2010;Weightlifting;Micronesia;1
2010;Weightlifting;Palau;1
2010;Weightlifting;Puerto Rico;1
2010;Weightlifting;Qatar;1
2010;Weightlifting;Seychelles;1
2010;Weightlifting;Solomon Islands;1
2010;Weightlifting;South Africa;1
2010;Weightlifting;Sri Lanka;1
2010;Weightlifting;Sweden;1
2010;Weightlifting;Uruguay;1
2010;Wrestling;Russia;30
2010;Wrestling;USA;27
2010;Wrestling;Georgia;22
2010;Wrestling;Kazakhstan;22
2010;Wrestling;Ukraine;21
2010;Wrestling;Turkey;21
2010;Wrestling;Egypt;21
2010;Wrestling;Japan;20
2010;Wrestling;Bulgaria;20
2010;Wrestling;China;20
2010;Wrestling;Cuba;18
2010;Wrestling;Azerbaijan;17
2010;Wrestling;Belarus;17
2010;Wrestling;Iran;17
2010;Wrestling;Canada;16
2010;Wrestling;Mongolia;14
2010;Wrestling;Venezuela;13
2010;Wrestling;Uzbekistan;13
2010;Wrestling;South Korea;13
2010;Wrestling;Hungary;12
2010;Wrestling;India;11
2010;Wrestling;Armenia;11
2010;Wrestling;Poland;10
2010;Wrestling;Nigeria;10
2010;Wrestling;Germany;10
2010;Wrestling;Sweden;9
2010;Wrestling;Tunisia;8
2010;Wrestling;Kyrgyzstan;8
2010;Wrestling;North Korea;7
2010;Wrestling;France;7
2010;Wrestling;Colombia;6
2010;Wrestling;Romania;6
2010;Wrestling;Morocco;5
2010;Wrestling;Brazil;5
2010;Wrestling;Algeria;5
2010;Wrestling;Moldova;4
2010;Wrestling;Serbia;4
2010;Wrestling;Finland;4
2010;Wrestling;Tajikistan;4
2010;Wrestling;Australia;4
2010;Wrestling;Croatia;3
2010;Wrestling;Guinea-Bissau;3
2010;Wrestling;Estonia;3
2010;Wrestling;Ecuador;3
2010;Wrestling;Cameroon;3
2010;Wrestling;Puerto Rico;3
2010;Wrestling;Mexico;3
2010;Wrestling;Senegal;3
2010;Wrestling;Latvia;2
2010;Wrestling;Norway;2
2010;Wrestling;Spain;2
2010;Wrestling;Czech Republic;2
2010;Wrestling;Denmark;2
2010;Wrestling;Italy;2
2010;Wrestling;Greece;2
2010;Wrestling;Lithuania;2
2010;Wrestling;Micronesia;1
2010;Wrestling;Chile;1
2010;Wrestling;Namibia;1
2010;Wrestling;Netherlands;1
2010;Wrestling;Central African Republic;1
2010;Wrestling;Palau;1
2010;Wrestling;Peru;1
2010;Wrestling;Cambodia;1
2010;Wrestling;Bahrain;1
2010;Wrestling;Austria;1
2010;Wrestling;Switzerland;1
2010;Wrestling;Taiwan;1
2010;Wrestling;UK;1
2010;Wrestling;Argentina;1
2010;Wrestling;Vietnam;1
2010;Wrestling;Honduras;1
2010;Wrestling;Haiti;1
2010;Wrestling;Guam;1
2010;Wrestling;Iraq;1
2010;Wrestling;Israel;1
2010;Wrestling;Ivory Coast;1
2010;Wrestling;Madagascar;1
